Address,Content Type,Status Code,Indexability,Title 1,Title 1 Length,Title 1 Pixel Width,Meta Description 1,Meta Description 1 Length,Meta Description 1 Pixel Width,H1-1,H1-1 Length,H1-2,H1-2 Length,Word Count,Sentence Count,Size (bytes),Transferred (bytes),Average Words Per Sentence,% of Total,Outlinks,Unique Outlinks,Unique JS Outlinks,External Outlinks,Unique External Outlinks,Unique External JS Outlinks,Response Time,H1-1 Length Length,H1-2 Length Length,Meta Description 1 Length Length,Meta Description 1 Pixel Width Length,Title 1 Length Length,Title 1 Pixel Width Length
https://www.brodyneuenschwander.com/,text/html; charset=UTF-8,200,Indexable,Brody Neuenschwander - Calligrapher and Text Artist,51,468,"Calligrapher and Text Artist. Paper, canvas, textiles, metal, glass, sculpture, light, architecture, film, performance, human skin. Brody Neuenschwander.",153,925,Shop,4,Greetings,9,418,69.0,84851,16564,6.058,1.25,31,23,0,9,6,0,1.325,1,1,3,3,2,3
https://www.montblanc.com/en-us/discover/campaign/virtual-events,text/html; charset=utf-8,200,Indexable,Discover - Virtual Events – Montblanc® US,41,377,Campaign,8,63,Sakura calligraphy pens,23,Subscribe to RSS,16,493,136.0,271093,35486,3.625,1.25,288,218,0,8,8,0,1.215,2,2,1,2,2,3
https://laurahooperdesignhouse.com/,text/html; charset=UTF-8,200,Indexable,Custom Wedding Stationery | Handwritten Calligraphy | Foxhill Garden • Laura Hooper Design House,96,879,"Welcome to Laura Hooper Design House (formerly known as Laura Hooper Calligraphy) known for timeless, classic wedding stationery created by seasoned hand lettering artist and educator Laura Hooper.",197,1266,Personalized wedding stationery design for every aspect of your celebration.,76,A Place for Artful Living & Timeless Design.,44,709,124.0,354571,39850,5.718,1.25,138,17,0,12,4,0,1.429,2,2,3,4,2,3
https://www.laquitatate.com/checkmeout/how-to-style-calligraphy-brushes,text/html;charset=utf-8,200,Indexable,How to style Calligraphy Brushes — Laquita Tate,47,425,"Literary Calligraphy paintings combine classic quotations from Shakespeare, Thoreau, Biblical sources, etc with illustrations that describe the text... Calligraphic art with quotes from authors, poets, playwrights, playwrites, bible, literature.",245,0,How to style Calligraphy Brushes,32,The Lo Chia-Lun Calligraphy Collection,38,433,65.0,103262,18940,6.662,1.25,27,12,0,6,3,0,2.053,2,2,3,1,2,3
https://jakerainis.com/blog/the-ultimate-blackletter-calligraphy-resource-guide/,text/html; charset=UTF-8,200,Indexable,The Ultimate Blackletter Calligraphy Resource Guide - Jake Rainis,65,575,Learn everything you need to know when it comes to shopping for supplies for Blackletter calligraphy and any other type of flat-pen calligraphy.,144,885,The Ultimate Blackletter Calligraphy Resource Guide,51,See why the Hyundai PALISADE is better than the Honda Pilot ⁠ Claim based on comparison of specifications on manufacturer websites.,131,6002,827.0,117374,30329,7.258,1.25,19,12,0,161,50,0,1.502,2,3,3,3,2,3
https://tex.stackexchange.com/questions/231322/how-to-get-the-lowercase-calligraphic-symbols,text/html; charset=utf-8,200,Indexable,calligraphy - How to get the lowercase calligraphic symbols? - TeX - LaTeX Stack Exchange,89,799,"If you're studying Chinese characters, then starting to learn Chinese calligraphy, or Shufa is a great way to improve your understanding of stroke rules and the make up",168,0,How to get the lowercase calligraphic symbols?,46,Subscribe to RSS,16,1193,251.0,166574,37623,4.753,1.25,136,98,0,30,26,0,0.464,2,2,3,1,2,3
https://www.ecletters.com/blog/2024/3/9/my-favorite-gold-markers-for-hand-lettering-and-calligraphy,text/html;charset=utf-8,200,Indexable,My Favorite Gold Markers for Hand Lettering and Calligraphy — ECLetters | Maryland Calligrapher,95,851,"Here are some gold markers that I really like to use for lettering and faux 
calligraphy projects. These are great for lettering on paper as well as 
unique materials like shells, pumpkins and more!",200,1175,Blog,4,My Favorite Gold Markers for Hand Lettering and Calligraphy,59,385,75.0,117273,22681,5.133,1.25,64,28,0,25,12,0,1.156,1,2,3,4,2,3
https://www.leemunroe.com/steve-jobs-calligraphy/,text/html; charset=UTF-8,200,Indexable,Steve Jobs on Taking a Calligraphy Class,40,363,"Spend your vacation in Japan and learn Japanese Calligraphy from Chikako. Chikako sensei, known by her artist name Kasho, was born into a family of calligraphers. She started training early and developed her own style that is delicate, bold and playful. She spent a year in Michigan teaching calligraphy and currently teaches calligraphy to students in various studios across Kyoto. Every year, she contributes her work to more than 10 calligraphy exhibitions across the country and serves as a judge for various calligraphy competitions in Japan. Her home studio is located in western part of Kyoto, close to mountains and thick Arashiyama Bamboo Groves. A bit shy, her dimpled warm smile can open a lot of hearts.",715,0,Steve Jobs on Taking a Calligraphy Class,40,Subscribe to RSS,16,273,44.0,5249,2363,6.205,1.25,8,8,0,3,3,0,0.953,2,2,3,1,2,3
https://www.travelingcalligrapher.com/,text/html; charset=UTF-8,200,Indexable,Calligraphy | Traveling Calligrapher | United States,52,439,"The Traveling Calligrapher Map Collection was born out of love, curiosity, and fearlessness with a focus on creating city maps that embrace memories from the past and also spark hope and adventure for the present/future.",220,1376,INSTAGRAM,9,MAPS OF YOUR MEMORIES,21,210,110.0,1499336,283512,1.909,1.25,57,33,0,3,3,0,0.957,1,2,3,4,2,3
https://uchida.com/collections/calligraphy-lettering,text/html; charset=utf-8,200,Indexable,Calligraphy & Lettering — Marvy Uchida,38,345,"Tom's calligraphy pens are loved by calligraphers across the world. A well balanced, hand crafted calligraphy pen to last a lifetime.",133,0,Calligraphy & Lettering,23,Lauren Jacks Calligraphy,24,2525,1038.0,1320023,128485,2.433,1.25,215,97,0,11,8,0,1.286,2,2,3,1,2,3
https://www.britannica.com/art/calligraphy,text/html;charset=UTF-8,200,Indexable,"Calligraphy | Art, Examples, & Alphabet | Britannica",52,444,"Calligraphy, the art of beautiful handwriting. The term may derive from the Greek words for “beauty” (kallos) and “to write” (graphein). It implies a sure knowledge of the correct form of letters—i.e., the conventional signs by which language can be communicated—and the skill to make them with such",299,1846,calligraphy,11,Lauren Jacks Calligraphy,24,1545,309.0,101936,23444,5.0,1.25,176,116,0,13,13,0,0.651,2,2,3,4,2,3
https://societyforcalligraphy.org/,text/html; charset=utf-8,200,Indexable,Society for Calligraphy - Home,30,266,"I use my lawyer brain to explain complicated intellectual property laws, so 
you can feel more at-ease in your calligraphy business",132,0,Society for Calligraphy,23,Greetings,9,333,70.0,29641,6343,4.757,1.25,45,30,0,5,5,0,1.461,2,1,3,1,2,3
https://jonesdesigncompany.com/create/how-to-create-fake-calligraphy/,text/html; charset=UTF-8,200,Indexable,how to create fake calligraphy (tutorial + practice worksheets),63,545,"Learn a simple technique for making your writing look fancy. This post will teach you how to create fake calligraphy for stationery, lettering, art and more",156,940,how to create fake calligraphy (tutorial + practice worksheets),63,"12, 50, 250 und 1000 ml (1000 ml only black 29770) 801, 802: 50 ml",66,5700,1213.0,255685,40150,4.699,1.25,264,25,0,66,49,0,1.384,2,2,3,3,2,3
https://www.calligraphykatrina.com/,text/html;charset=utf-8,200,Indexable,Calligraphy Katrina,19,167,"Calligraphy Katrina • Invitations, stationery, place cards, menus, 
envelopes, mirror seating charts, live activation, merchandise and much, 
much more. Serving Los Angeles, Pasadena, Beverly Hills, Orange County",214,1292,What are the Calligraphy “Basic Strokes”?,41,A Place for Artful Living & Timeless Design.,44,28,10.0,92653,18108,2.8,1.25,55,20,0,14,11,0,1.082,2,2,3,4,2,3
https://www.merriam-webster.com/dictionary/calligraphy,text/html; charset=utf-8,200,Indexable,Calligraphy Definition & Meaning - Merriam-Webster,50,456,"The meaning of CALLIGRAPHY is artistic, stylized, or elegant handwriting or lettering. How to use calligraphy in a sentence. Did you know?",138,855,calligraphy,11,Greetings,9,752,186.0,691641,110881,4.043,1.25,100,53,0,10,9,0,1.187,2,1,3,3,2,3
https://www.behr.com/consumer/ColorDetailView/N490-6,text/html;charset=UTF-8,200,Indexable,CALLIGRAPHY N490-6 | Behr Paint Colors,38,368,"CALLIGRAPHY is one of over 3,000 colors you can find, coordinate, and preview on www.behr.com. Start your project with CALLIGRAPHY now.  RGB: #59636A",149,977,CALLIGRAPHY,11,"Never miss out on the best Behr promotions, products and inspiration.",69,2921,766.0,376767,41789,3.813,1.25,285,117,0,24,13,0,2.203,2,2,3,3,2,3
https://umma.umich.edu/support/donate/donor-stories/the-lo-chia-lun-calligraphy-collection/,text/html; charset=UTF-8,200,Indexable,The Lo Chia-Lun Calligraphy Collection – University of Michigan Museum of Art,77,697,"Calligraphy Katrina • Invitations, stationery, place cards, menus, 
envelopes, mirror seating charts, live activation, merchandise and much, 
much more. Serving Los Angeles, Pasadena, Beverly Hills, Orange County",214,0,Calligraphy pen and watercolor brush are missing on my Freeform app,67,The Lo Chia-Lun Calligraphy Collection,38,1301,280.0,116941,22056,4.646,1.25,117,70,0,7,6,0,1.802,2,2,3,1,2,3
https://www.meanttobecalligraphy.com/workshop-reviews,text/html;charset=utf-8,200,Indexable,Workshop Reviews — Meant To Be Calligraphy,42,409,"Spend your vacation in Japan and learn Japanese Calligraphy from Chikako. Chikako sensei, known by her artist name Kasho, was born into a family of calligraphers. She started training early and developed her own style that is delicate, bold and playful. She spent a year in Michigan teaching calligraphy and currently teaches calligraphy to students in various studios across Kyoto. Every year, she contributes her work to more than 10 calligraphy exhibitions across the country and serves as a judge for various calligraphy competitions in Japan. Her home studio is located in western part of Kyoto, close to mountains and thick Arashiyama Bamboo Groves. A bit shy, her dimpled warm smile can open a lot of hearts.",715,0,what students are saying,24,Lauren Jacks Calligraphy,24,1118,205.0,88190,18965,5.454,0.0,89,34,0,9,5,0,1.339,2,2,3,1,2,3
https://www.bespokestrokes.com/about,text/html; charset=UTF-8,200,Indexable,ABOUT | Chantelle Hoffmann | Bespoke Strokes Calligraphy,56,523,"Professional calligrapher, Chantelle Hoffmann, shares her lettering journey, favorite calligraphy supplies, and recommended calligraphy learning resources. 

To date, Chantelle has guided thousands of students in their penmanship journey and helped them hone their love and skill in calligraphy. Since 2021 she has also been a featured calligraphy instructor for the luxury fountain pen brand, Montblanc.",404,2481,- ABOUT -,9,Greetings,9,688,99.0,998111,203030,6.949,1.25,14,10,0,20,20,0,0.998,1,1,3,4,2,3
https://thepostmansknock.com/how-i-learned-calligraphy/,text/html; charset=UTF-8,200,Indexable,How I Learned Calligraphy – The Postman's Knock,47,446,This blog post describes the story behind how I learned calligraphy. I hope it will be helpful to you in your own calligraphy experience!,137,823,How I Learned Calligraphy,25,The Lo Chia-Lun Calligraphy Collection,38,2771,463.0,448483,86326,5.985,1.25,177,89,0,29,21,0,3.126,2,2,3,3,2,3
https://calligrascape.com/learn-calligraphy/,text/html; charset=utf-8,200,Indexable,How to Learn Calligraphy: The Complete Beginner's Guide - Calligrascape,71,643,"Here you will find all you need to learn calligraphy. From blackletter to pointed pen, you will find videos and pictures to show you how, step by step.",151,907,How to Learn Calligraphy: The Complete Beginner’s Guide,55,Provide feedback,16,3574,616.0,244364,47589,5.802,1.25,196,48,0,21,19,0,1.209,2,2,3,3,2,3
https://www.calligraphr.com/en/,text/html; charset=utf-8,200,Indexable,Calligraphr - Draw your own fonts.,34,299,Transform your handwriting and calligraphy into fully functional vector fonts with our web application. Creating your own font has never been easier.,149,918,Transform your handwriting or calligraphy into a font!,54,See why the Hyundai PALISADE is better than the Honda Pilot ⁠ Claim based on comparison of specifications on manufacturer websites.,131,308,56.0,30132,6323,5.5,1.25,17,13,0,6,6,0,1.071,2,3,3,3,2,3
https://www.sanleandrohyundai.com/new-San+Leandro-2024-Hyundai-Santa+Fe-Calligraphy+AWD-5NMP5DGL9RH056751,text/html; charset=utf-8,200,Indexable,2024 Hyundai SANTA FE Calligraphy AWD San Leandro CA | San Leandro Hyundai 5NMP5DGL9RH056751,92,936,"Research the 2024 Hyundai SANTA FE Calligraphy AWD in San Leandro, CA at San Leandro Hyundai. View pictures, specs, and pricing on our huge selection of vehicles. 5NMP5DGL9RH056751",180,1190,David C. Roy,12,Provide feedback,16,3471,888.0,1057350,157266,3.909,1.25,328,117,0,15,10,0,1.99,2,2,3,4,2,3
https://www.jherbin.com/calligraphy_inks.html,text/html,200,Indexable,"Herbin Calligraphy & Specialty Inks | Fine Writing Ink, Calligraphy Pens, and Sealing Wax | Pen Ink Cartridges, Reed and Bamboo Pens",132,1166,Herbin - the oldest name in pen inks in the world.  Founded in Paris in 1670.,77,465,Calligraphy & Specialty Inks,28,The Lo Chia-Lun Calligraphy Collection,38,505,113.0,25142,5668,4.469,1.25,36,18,0,12,8,0,4.178,2,2,2,3,3,4
https://www.hollywoodreporter.com/business/digital/steve-jobs-death-apple-calligraphy-248900/,text/html; charset=UTF-8,200,Indexable,How a Calligraphy Pen Rewrote Steve Jobs’ Life,46,421,Steve Jobs' ex-Trappist monk calligraphy teacher put him on the spiritual path to changing the world.,101,625,How a Calligraphy Pen Rewrote Steve Jobs’ Life,46,Provide feedback,16,1949,322.0,565966,99896,6.053,1.25,187,105,0,86,59,0,0.979,2,2,3,3,2,3
https://piecescalligraphy.com/,text/html; charset=UTF-8,200,Indexable,Pieces Calligraphy – Learn brush calligraphy online,51,450,"Are you ready to learn brush calligraphy? You’re in the right place! Here you’ll find easy-to-follow, bite-sized steps to go from complete beginner to confident calligrapher. If you're ready to start your journey towards beautiful, peaceful calligraphy, click the button below to join the waitlist. You'll be notified as soon as the course opens again…",352,2096,Are you ready to learn brush calligraphy?,41,Greetings,9,400,73.0,94692,24101,5.479,1.25,26,7,0,15,14,0,0.635,2,1,3,4,2,3
https://shop.ria.ie/en-us/products/the-irish-art-of-calligraphy,text/html; charset=utf-8,200,Indexable,"The Irish art of calligraphy: a step-by-step guide
 – Royal Irish Academy",73,617,"Out now! An essential guide for anyone who has ever wanted to try their hand at calligraphy. Delve into Ireland’s artistic past and, with guidance from a master calligrapher, learn how to write your own letters in a matter of hours. View a sneak preview here:  ",261,1571,The Irish art of calligraphy: a step-by-step guide,50,See why the Hyundai PALISADE is better than the Honda Pilot ⁠ Claim based on comparison of specifications on manufacturer websites.,131,1633,379.0,769129,68969,4.309,1.25,551,34,0,10,6,0,0.563,2,3,3,4,2,3
https://crossroadscalligraphy.com/what-i-wish-id-known-when-starting-calligraphy/,text/html; charset=UTF-8,200,Indexable,What I Wish I'd Known When Starting Calligraphy - Crossroads Calligraphy,72,650,I share what I wish I'd known when getting started in order to support you and the success of your calligraphy practice.,120,736,Crossroads Calligraphy,22,Lauren Jacks Calligraphy,24,1818,273.0,122710,33416,6.659,1.25,81,67,0,9,8,0,1.846,2,2,3,3,2,3
https://www.thehappyevercrafter.com/blog/calligraphy-basic-strokes/,text/html; charset=UTF-8,200,Indexable,"What are the Calligraphy ""Basic Strokes""? - The Happy Ever Crafter Inc.",71,621,Steve Jobs' ex-Trappist monk calligraphy teacher put him on the spiritual path to changing the world.,101,0,What are the Calligraphy “Basic Strokes”?,41,Provide feedback,16,675,149.0,168662,34436,4.53,1.25,46,21,0,44,21,0,1.308,2,2,3,1,2,3
https://www.hyundaiusa.com/us/en/vehicles/palisade/calligraphy,text/html;charset=utf-8,200,Indexable,2025 Hyundai Palisade Calligraphy | Trim Info | Hyundai USA,59,529,"Click here to view all available trim features for the 2025 Hyundai Palisade Calligraphy. View starting MSRP, tech specs, and more here at Hyundai USA!",151,931,Calligraphy,11,See why the Hyundai PALISADE is better than the Honda Pilot ⁠ Claim based on comparison of specifications on manufacturer websites.,131,38957,8860.0,9214408,530507,4.397,1.25,138,69,0,20,20,0,0.826,2,3,3,3,2,3
https://alpha.inkscape.org/vectors/www.inkscapeforum.com/viewtopic3350.html?t=785,text/html,200,Indexable,[solved] overlapping calligraphy line issue - InkscapeForum.com,63,563,"Out now! An essential guide for anyone who has ever wanted to try their hand at calligraphy. Delve into Ireland’s artistic past and, with guidance from a master calligrapher, learn how to write your own letters in a matter of hours. View a sneak preview here:  ",261,0,This is a read-only archive of the inkscapeforum.com site. You can search for info here or post new questions and comments at inkscape.org/forums,145,InkscapeForum.com,17,422,115.0,23324,6055,3.67,1.25,66,38,0,7,2,0,0.963,3,2,3,1,2,3
https://www.inkyfingerscalligraphy.com/,text/html;charset=utf-8,200,Indexable,Inky Fingers Calligraphy FL,27,237,"Research the 2025 Hyundai SANTA FE Calligraphy FWD in Cumming, GA at Hyundai of Cumming. View pictures, specs, and pricing & schedule a test drive today.",153,0,Hello there!,12,See why the Hyundai PALISADE is better than the Honda Pilot ⁠ Claim based on comparison of specifications on manufacturer websites.,131,210,32.0,144690,20669,6.562,1.25,32,10,0,9,3,0,1.136,2,3,3,1,2,3
https://calligraphybycarole.com/,text/html; charset=UTF-8,200,Indexable,Calligraphy By Carole | Wedding Calligraphy,43,383,"Calligraphy by Carole | Calligraphy by Carole offers elegant calligraphy for special occasions, weddings, printed goods, custom signage, and more!",146,900,Home,4,The Lo Chia-Lun Calligraphy Collection,38,249,34.0,53859,14421,7.324,1.25,8,6,0,8,7,0,2.088,1,2,3,3,2,3
http://www.whimsydesignstudio.com/blog/calligraphy-vs-hand-lettering/,text/html; charset=UTF-8,200,Indexable,"Calligraphy vs Hand Lettering, Typography & more! - Whimsy Design Studio",72,659,"The Traveling Calligrapher Map Collection was born out of love, curiosity, and fearlessness with a focus on creating city maps that embrace memories from the past and also spark hope and adventure for the present/future.",220,0,"Calligraphy vs Hand Lettering, Typography & more!",49,My Favorite Gold Markers for Hand Lettering and Calligraphy,59,773,109.0,75285,15559,7.092,1.25,40,29,0,9,9,0,1.172,2,2,3,1,2,3
https://www.printmag.com/design-books/margaret-shepherd-learning-american-calligraphy/,text/html; charset=UTF-8,200,Indexable,Professional Calligrapher Margaret Shepherd Won't Let Calligraphy Die – PRINT Magazine,86,792,"With over 55 years as a professional calligrapher and 20 how-to book titles to her name, Margaret Shepherd is keen on keeping calligraphy alive and well.",153,943,Professional Calligrapher Margaret Shepherd Won’t Let Calligraphy Die,69,My Favorite Gold Markers for Hand Lettering and Calligraphy,59,1155,152.0,110289,29241,7.599,1.25,80,53,0,17,12,0,1.463,2,2,3,3,2,3
https://www.literarycalligraphy.com/,text/html,200,Indexable,"Literary Calligraphy by Susan Loy ~ Calligraphic Art Paintings with Quotations from Authors, Poets, Playwrights, Bible, Literature",130,1123,"Literary Calligraphy paintings combine classic quotations from Shakespeare, Thoreau, Biblical sources, etc with illustrations that describe the text... Calligraphic art with quotes from authors, poets, playwrights, playwrites, bible, literature.",245,1459,Crossroads Calligraphy,22,Subscribe to RSS,16,333,55.0,17791,5585,6.055,1.25,14,7,0,20,10,0,1.124,2,2,3,4,3,4
https://sheabriannephotography.com/diy-fake-calligraphy-for-addressing-invitations/,text/html; charset=UTF-8,200,Indexable,DIY: Fake Calligraphy for Addressing Invitations - Shea Brianne Photography,75,669,"If you're studying Chinese characters, then starting to learn Chinese calligraphy, or Shufa is a great way to improve your understanding of stroke rules and the make up",168,0,DIY: Fake Calligraphy for Addressing Invitations,48,MAPS OF YOUR MEMORIES,21,1382,210.0,166170,31506,6.581,1.25,45,14,0,18,9,0,1.871,2,2,3,1,2,3
https://www.friendsofcalligraphy.org/,text/html; charset=UTF-8,200,Indexable,Friends of Calligraphy,22,192,Steve Jobs' ex-Trappist monk calligraphy teacher put him on the spiritual path to changing the world.,101,0,Interested in learning calligraphy?,35,Provide feedback,16,390,60.0,17902,6098,6.5,0.0,12,8,0,6,5,0,1.567,2,2,3,1,2,3
https://www.friendsofcalligraphy.org/pages/classes.html,text/html; charset=UTF-8,200,Indexable,Friends of Calligraphy Classes and Workshops,44,409,"Calligraphy is an ancient writing technique using flat edged pens to create artistic lettering using thick and thin lines depending on the direction of the stroke. The height of calligraphy was reached in the middle age, where monks developed the narrow writing style called gothic, allowing more words to fit on a single line, as paper was expensive at the time.",363,0,classes,7,FRIENDS OF CALLIGRAPHY WORKSHOPS,32,2332,426.0,64538,16437,5.474,2.5,28,11,0,8,8,0,1.117,1,2,3,1,2,3
https://dinacalligraphy.com/blog/calligraphy-hobby-into-full-time-business-journey,text/html;charset=utf-8,200,Indexable,How I Turned My Calligraphy Hobby into a Full-Time Business: The Full Story — Vancouver Calligrapher Dina Lu,108,975,"Spend your vacation in Japan and learn Japanese Calligraphy from Chikako. Chikako sensei, known by her artist name Kasho, was born into a family of calligraphers. She started training early and developed her own style that is delicate, bold and playful. She spent a year in Michigan teaching calligraphy and currently teaches calligraphy to students in various studios across Kyoto. Every year, she contributes her work to more than 10 calligraphy exhibitions across the country and serves as a judge for various calligraphy competitions in Japan. Her home studio is located in western part of Kyoto, close to mountains and thick Arashiyama Bamboo Groves. A bit shy, her dimpled warm smile can open a lot of hearts.",715,0,How I Turned My Calligraphy Hobby into a Full-Time Business: The Full Story,75,Provide feedback,16,3858,458.0,181192,32254,8.424,1.25,51,20,0,28,14,0,1.282,2,2,3,1,3,3
https://github.com/chrisjenx/Calligraphy,text/html; charset=utf-8,200,Indexable,GitHub - chrisjenx/Calligraphy: Custom fonts in Android the easy way...,71,623,Custom fonts in Android the easy way... Contribute to chrisjenx/Calligraphy development by creating an account on GitHub.,121,767,"Search code, repositories, users, issues, pull requests...",58,Provide feedback,16,1122,380.0,410243,66233,2.953,1.25,181,104,0,7,7,0,0.869,2,2,3,3,2,3
https://www.hyundaiofcumming.com/new-Cumming-2025-Hyundai-Santa+Fe-Calligraphy+FWD-5NMP54GL5SH070068,text/html; charset=utf-8,200,Indexable,"2025 Hyundai SANTA FE Calligraphy FWD in Cumming, GA | Cumming Hyundai SANTA FE | Hyundai of Cumming",100,993,"Research the 2025 Hyundai SANTA FE Calligraphy FWD in Cumming, GA at Hyundai of Cumming. View pictures, specs, and pricing & schedule a test drive today.",153,994,"Calligraphy vs Hand Lettering, Typography & more!",49,Lauren Jacks Calligraphy,24,4405,1025.0,1099413,163696,4.298,1.25,338,123,0,18,13,0,0.77,2,2,3,3,3,3
https://pmc.ncbi.nlm.nih.gov/articles/PMC3212418/,text/html; charset=utf-8,200,Indexable,Cognitive effects of calligraphy therapy for older people: a randomized controlled trial in Hong Kong - PMC,107,933,"This pilot study investigated the effects of calligraphy therapy on cognitive function in older Hong Kong Chinese people with mild cognitive impairment. A single-blind, randomized controlled trial was carried out in a sample of 31 adults aged 65 ...",249,1515,Cognitive effects of calligraphy therapy for older people: a randomized controlled trial in Hong Kong,101,The Lo Chia-Lun Calligraphy Collection,38,3315,864.0,138213,30134,3.837,1.25,86,41,0,46,44,0,0.424,3,2,3,4,3,3
https://www.detroithyundai.com/new-Dearborn-2024-Hyundai-Santa+Fe+Hybrid-Calligraphy-5NMP5DG18RH014733,text/html; charset=utf-8,200,Indexable,2024 Hyundai SANTA FE HYBRID Calligraphy Dearborn MI | LaFontaine Hyundai Dearborn 5NMP5DG18RH014733,100,1003,"Research the 2024 Hyundai SANTA FE HYBRID Calligraphy in Dearborn, MI at LaFontaine Hyundai Dearborn. View pictures, specs, and pricing on our huge selection of vehicles. 5NMP5DG18RH014733",188,1239,How I Turned My Calligraphy Hobby into a Full-Time Business: The Full Story,75,Lauren Jacks Calligraphy,24,3373,882.0,1069593,159368,3.824,1.25,282,103,0,10,7,0,0.982,2,2,3,4,3,4
https://www.ljcalligraphy.com/,text/html;charset=utf-8,200,Indexable,Lauren Jacks Calligraphy,24,222,"Dallas calligrapher specializing in wedding calligraphy, envelope 
calligraphy and other classic calligraphy designs.",118,702,Lauren Jacks Calligraphy,24,Lauren Jacks Calligraphy,24,40,11.0,62373,13842,3.636,1.25,16,7,0,14,12,0,1.19,2,2,3,3,2,3
http://www.lettersbyellen.com/,text/html;charset=utf-8,200,Indexable,letters by ellen calligraphy,28,229,Seattle calligraphy for weddings parties and more.,50,310,letters by ellen calligraphy,28,letters by ellen calligraphy,28,261,34.0,40324,10216,7.676,1.25,20,10,0,2,2,0,0.867,2,2,2,3,2,3
https://www.royaltalens.com/collections/sakura-calligraphy-pens,text/html; charset=utf-8,200,Indexable,Sakura calligraphy pens | Official website | Royal Talens,57,487,"Discover Sakura Calligraphy Pens: handy, all-in-one writing instruments that help you create clear edges and sharp hairlines.",125,765,Sakura calligraphy pens,23,See why the Hyundai PALISADE is better than the Honda Pilot ⁠ Claim based on comparison of specifications on manufacturer websites.,131,118,25.0,249461,55179,4.72,1.25,47,30,0,4,4,0,2.142,2,3,3,3,2,3
https://www.woodthatworks.com/kinetic-sculptures/calligraphy-prequel,text/html;charset=utf-8,200,Indexable,Calligraphy Prequel  — David C. Roy,35,307,Learn everything you need to know when it comes to shopping for supplies for Blackletter calligraphy and any other type of flat-pen calligraphy.,144,0,David C. Roy,12,Calligraphy Prequel,19,817,144.0,73817,14223,5.674,1.25,102,76,0,2,2,0,1.373,2,2,3,1,2,3
https://www.logoscalligraphy.com/,text/html; charset=utf-8,200,Indexable,Logos Calligraphy & Design,26,241,"Learn calligraphy through my online courses, downloadable worksheets, and more!",79,512,Interested in learning calligraphy?,35,Greetings,9,714,108.0,91074,13488,6.611,1.25,32,18,0,9,7,0,1.557,2,1,2,3,2,3
https://ensigninsights.com/faux-calligraphy-basics-tutorial-for-beginners/,text/html; charset=UTF-8,200,Indexable,Faux Calligraphy Basics Tutorial for Beginners - Ensign Insights,64,556,"Are you learning calligraphy, a hand lettering beginner, but don't know where to start? This faux calligraphy or fauxligraphy basics tutorial is for you!",153,909,Faux Calligraphy Basics Tutorial for Beginners,46,Subscribe to RSS,16,1506,236.0,190529,43409,6.381,1.25,60,22,0,21,14,0,1.786,2,2,3,3,2,3
https://tomsstudio.com/collections/calligraphy-pens,text/html; charset=utf-8,200,Indexable,Calligraphy Pens - Tom's Studio,31,279,"Tom's calligraphy pens are loved by calligraphers across the world. A well balanced, hand crafted calligraphy pen to last a lifetime.",133,803,Calligraphy Pens,16,Lauren Jacks Calligraphy,24,1544,393.0,1439034,128401,3.929,1.25,511,125,0,5,4,0,1.565,2,2,3,3,2,3
https://www.docmartins.com/collections/iridescent-calligraphy-color-bottles,text/html; charset=utf-8,200,Indexable,"Iridescent Calligraphy Color – Dr. Ph. Martin's® | Mfg. Salis Int'l, Inc.",73,595,Shimmering luminance beyond brilliant. 24 colors.,49,311,Iridescent Calligraphy Color,28,See why the Hyundai PALISADE is better than the Honda Pilot ⁠ Claim based on comparison of specifications on manufacturer websites.,131,560,186.0,108466,20304,3.011,1.25,160,83,0,7,7,0,0.666,2,3,2,3,2,3
https://www.writtenchinese.com/learning-chinese-calligraphy-aka-chinese-shufa/,text/html; charset=UTF-8,200,Indexable,Learning Chinese Calligraphy (AKA Chinese Shufa),48,448,"If you're studying Chinese characters, then starting to learn Chinese calligraphy, or Shufa is a great way to improve your understanding of stroke rules and the make up",168,1029,Most Popular Posts & Pages,26,Greetings,9,1303,185.0,112325,26558,7.043,1.25,82,47,0,11,11,0,1.155,2,1,3,4,2,3
https://www.rohrer-klingner.de/en/calligraphy-ink/,text/html; charset=UTF-8,200,Indexable,Calligraphy Ink – Rohrer & Klingner,35,307,Learn everything you need to know when it comes to shopping for supplies for Blackletter calligraphy and any other type of flat-pen calligraphy.,144,0,Available in the following sizes:,33,"12, 50, 250 und 1000 ml (1000 ml only black 29770) 801, 802: 50 ml",66,310,88.0,69914,12236,3.523,1.25,77,41,0,2,1,0,1.716,2,2,3,1,2,3
https://vawaa.com/artists/chikako-japanese-calligraphy-japan,text/html; charset=utf-8,200,Indexable,Learn Japanese Calligraphy with Chikako in Japan | VAWAA,56,529,"Spend your vacation in Japan and learn Japanese Calligraphy from Chikako. Chikako sensei, known by her artist name Kasho, was born into a family of calligraphers. She started training early and developed her own style that is delicate, bold and playful. She spent a year in Michigan teaching calligraphy and currently teaches calligraphy to students in various studios across Kyoto. Every year, she contributes her work to more than 10 calligraphy exhibitions across the country and serves as a judge for various calligraphy competitions in Japan. Her home studio is located in western part of Kyoto, close to mountains and thick Arashiyama Bamboo Groves. A bit shy, her dimpled warm smile can open a lot of hearts.",715,4421,Japanese Calligraphy with Chikako,33,Greetings,9,1502,251.0,457804,93728,5.984,1.25,38,34,0,7,5,0,2.249,2,1,3,4,2,3
https://www.hvlgroup.com/Product/213-41-SL/SS/,text/html; charset=utf-8,200,Indexable,Calligraphy by Corbett Lighting,31,272,"The official webpage of Hudson Valley Lighting, Troy Lighting, Corbett Lighting, and Mitzi. Beautiful decorative lighting fixtures such as chandeliers, pendants, wall sconces, flush mounts, semi flush mounts, bath and vanity lights, picture lights, and lamps that elevate any space.",282,1711,Shop,4,Provide feedback,16,893,289.0,142726,27482,3.09,1.25,214,109,0,2,2,0,2.854,1,2,3,4,2,3
http://www.calligraphybyct.com/,text/html;charset=utf-8,200,Indexable,Chicago Calligrapher | Custom Mirror Seating Charts & Hand Lettering - Calligraphy by CT,88,784,"Calligraphy by CT is a Chicago calligrapher specializing in mirror seating 
charts, wedding calligraphy, and hand lettering services. Elevate your 
event today!",162,953,Background,10,See why the Hyundai PALISADE is better than the Honda Pilot ⁠ Claim based on comparison of specifications on manufacturer websites.,131,205,33.0,73133,16760,6.212,1.25,43,19,0,5,5,0,0.743,2,3,3,3,2,3
https://www.metmuseum.org/toah/hd/cali/hd_cali.htm,text/html,200,Indexable,Calligraphy in Islamic Art | Essay | The Metropolitan Museum of Art | Heilbrunn Timeline of Art History,103,889,"Objects from different periods and regions vary in the use of calligraphy in their overall design, demonstrating the creative possibilities of calligraphy as ornament.",167,1000,Calligraphy in Islamic Art,26,"12, 50, 250 und 1000 ml (1000 ml only black 29770) 801, 802: 50 ml",66,1051,253.0,110938,25127,4.154,1.25,205,157,0,6,6,0,1.006,2,2,3,4,3,3
https://www.1001fonts.com/calligraphy-fonts.html,text/html; charset=UTF-8,200,Indexable,6716 Free Calligraphy Fonts · 1001 Fonts,40,363,"Calligraphy is an ancient writing technique using flat edged pens to create artistic lettering using thick and thin lines depending on the direction of the stroke. The height of calligraphy was reached in the middle age, where monks developed the narrow writing style called gothic, allowing more words to fit on a single line, as paper was expensive at the time.",363,2200,Calligraphy Fonts,17,Lauren Jacks Calligraphy,24,415,75.0,77274,14971,5.533,1.25,261,238,0,6,6,0,1.203,2,2,3,4,2,3
http://courses.thehappyevercrafter.com/smyd,text/html; charset=UTF-8,200,Indexable,ShowMeYourDrills | Free Course to Learn Modern Calligraphy,58,539,Custom fonts in Android the easy way... Contribute to chrisjenx/Calligraphy development by creating an account on GitHub.,121,0,The Calligraphy Heritage at Reed,32,"12, 50, 250 und 1000 ml (1000 ml only black 29770) 801, 802: 50 ml",66,566,97.0,107131,17446,5.835,1.25,23,6,0,0,0,0,0.713,2,2,3,1,2,3
https://eccsupply.com/,text/html; charset=utf-8,200,Indexable,East Coast Calligraphy,22,199,Arts Supplies & More,20,130,East Coast Calligraphy East Coast Calligraphy,45,The Lo Chia-Lun Calligraphy Collection,38,1355,378.0,307650,47804,3.585,1.25,166,95,0,10,6,0,0.866,2,2,2,3,2,3
https://www.stromanstudios.com/about-me,text/html;charset=utf-8,200,Indexable,"About Stefanie Stroman, Owner — Stroman Studios Calligraphy",59,555,"Spend your vacation in Japan and learn Japanese Calligraphy from Chikako. Chikako sensei, known by her artist name Kasho, was born into a family of calligraphers. She started training early and developed her own style that is delicate, bold and playful. She spent a year in Michigan teaching calligraphy and currently teaches calligraphy to students in various studios across Kyoto. Every year, she contributes her work to more than 10 calligraphy exhibitions across the country and serves as a judge for various calligraphy competitions in Japan. Her home studio is located in western part of Kyoto, close to mountains and thick Arashiyama Bamboo Groves. A bit shy, her dimpled warm smile can open a lot of hearts.",715,0,meet stefanie,13,My Favorite Gold Markers for Hand Lettering and Calligraphy,59,406,62.0,78548,16786,6.548,1.25,56,29,0,2,1,0,1.322,2,2,3,1,2,3
https://discussions.apple.com/thread/255507685,text/html;charset=utf-8,200,Indexable,Calligraphy pen and watercolor brush are … - Apple Community,60,553,"Are you learning calligraphy, a hand lettering beginner, but don't know where to start? This faux calligraphy or fauxligraphy basics tutorial is for you!",153,0,Calligraphy pen and watercolor brush are missing on my Freeform app,67,Provide feedback,16,485,93.0,138177,40442,5.215,1.25,59,45,0,0,0,0,2.664,2,2,3,1,2,3
https://www.calligraphybyjennifer.net/,text/html; charset=UTF-8,200,Indexable,Wedding Calligraphy | Calligraphy by Jennifer | Nationwide Calligraphy,70,616,"Wedding calligraphy services specializing in modern, traditional, and exquisite hand lettering. We ship nationwide and offer free quotes.",137,837,Gorgeous Handwritten Wedding Calligraphy and Other Special Occasions,68,See why the Hyundai PALISADE is better than the Honda Pilot ⁠ Claim based on comparison of specifications on manufacturer websites.,131,287,56.0,118410,31324,5.125,1.25,47,26,0,11,8,0,1.847,2,3,3,3,2,3
https://www.maxiecalligraphy.com/,text/html;charset=utf-8,200,Indexable,Pointed Pen Calligraphy | Maxie Calligraphy,43,382,"A resource for people who want to study pointed pen calligraphy. Free 
calligraphy worksheets are available for download. Vancouver calligraphy 
classes available for booking.",177,1077,How to style Calligraphy Brushes,32,Lauren Jacks Calligraphy,24,395,52.0,110958,19885,7.596,1.25,16,6,0,3,2,0,0.844,2,2,3,4,2,3
https://www.annerobin.com/,text/html; charset=UTF-8,200,Indexable,"Home - Anne Robin, Los Angeles Calligrapher",43,399,"Anne Robin Calligraphy + Design is a lettering and design studio based in Los Angeles, focusing on a luxurious, clean, and modern edge with an ethereal feel.",157,970,The Ultimate Blackletter Calligraphy Resource Guide,51,Provide feedback,16,13,7.0,72695,16730,1.857,1.25,15,9,0,4,4,0,0.967,2,2,3,3,2,3
https://calligraphy.wine/,text/html; charset=utf-8,200,Indexable,Calligraphy Wines,17,158,An exclusive Pinot Noir from the Russian River Valley AVA in the esteemed Sonoma County,87,563,Calligraphy Wine,16,Greetings,9,810,253.0,369930,70556,3.202,1.25,43,18,0,13,7,0,1.041,2,1,2,3,2,3
https://ce.harpercollege.edu/public/category/programStream.do?method=load&selectedProgramAreaId=27039&selectedProgramStreamId=10732661,text/html;charset=UTF-8,200,Indexable,Calligraphy | Harper College Community Education,48,445,Steve Jobs' ex-Trappist monk calligraphy teacher put him on the spiritual path to changing the world.,101,0,Calligraphy,11,Lauren Jacks Calligraphy,24,1002,169.0,55315,12519,5.929,1.25,49,34,0,12,12,0,1.397,2,2,3,1,2,3
https://mollysuberthorpe.com/,text/html;charset=utf-8,200,Indexable,"Learn Calligraphy with Molly: Classes, Books, and Tools",55,487,"Molly is a lettering artist and calligraphy teacher. Her resources for 
calligraphers include books, Procreate brushes, online classes, and free 
downloads.",158,932,"Hi, I’m Molly.",14,Lauren Jacks Calligraphy,24,453,72.0,251733,38270,6.292,1.25,119,67,0,43,34,0,1.333,2,2,3,3,2,3
https://www.senimancalligraphy.com/,text/html;charset=utf-8,200,Indexable,Seniman Calligraphy - Los Angeles Calligrapher,46,416,"Los Angeles based modern calligrapher. Contact me for custom invitation 
design, calligraphy addressing, branding, artwork and all your calligraphy 
needs!",157,953,I'm Ruth and welcome to Seniman Calligraphy. I'm a modern calligrapher based in Pasadena who also happens to do illustration and watercolor painting.,149,Lauren Jacks Calligraphy,24,124,33.0,91811,18886,3.758,1.25,49,20,0,5,5,0,1.33,3,2,3,3,2,3
https://writtenwordcalligraphy.com/collections/featured-collections,text/html; charset=utf-8,200,Indexable,"Featured Collections
– Written Word Calligraphy and Design",58,530,"The meaning of CALLIGRAPHY is artistic, stylized, or elegant handwriting or lettering. How to use calligraphy in a sentence. Did you know?",138,0,Shop,4,Collection: Featured Collections,32,1083,489.0,392639,56168,2.215,1.25,61,54,0,8,8,0,0.927,1,2,3,1,2,3
https://www.crookedcalligraphy.com/blog/copyright,text/html;charset=utf-8,200,Indexable,Calligraphy and Copyright Laws (explained by a lawyer!) — Crooked Calligraphy,77,693,"I use my lawyer brain to explain complicated intellectual property laws, so 
you can feel more at-ease in your calligraphy business",132,791,Crooked Calligraphy,19,Calligraphy and Copyright Laws (explained by a lawyer!),55,1461,228.0,124187,30457,6.408,1.25,29,14,0,9,5,0,1.326,2,2,3,3,2,3
https://www.reed.edu/calligraphy/,text/html,200,Indexable,The Heritage of Calligraphy - Reed College,42,371,"Research the 2025 Hyundai SANTA FE Calligraphy FWD in Cumming, GA at Hyundai of Cumming. View pictures, specs, and pricing & schedule a test drive today.",153,0,The Calligraphy Heritage at Reed,32,Subscribe to RSS,16,194,27.0,20117,4340,7.185,1.25,56,47,0,4,4,0,1.232,2,2,3,1,2,3
https://www.stephgcallig.com/,text/html;charset=utf-8,200,Indexable,Stephanie Gould Calligraphy and Design,38,353,This blog post describes the story behind how I learned calligraphy. I hope it will be helpful to you in your own calligraphy experience!,137,0,how to create fake calligraphy (tutorial + practice worksheets),63,MAPS OF YOUR MEMORIES,21,421,75.0,195730,27019,5.613,1.25,78,26,0,6,6,0,1.009,2,2,3,1,2,3
https://www.jerryvhonoluluhyundai.com/new-Honolulu-2024-Hyundai-Palisade-Calligraphy+Night+Edition-KM8R7DGE4RU780713,text/html; charset=utf-8,200,Indexable,2024 Hyundai PALISADE Calligraphy Night Edition Honolulu HI | Jerry V Honolulu Hyundai KM8R7DGE4RU780713,104,999,"Research the 2024 Hyundai PALISADE Calligraphy Night Edition in Honolulu, HI at Jerry V Honolulu Hyundai. View pictures, specs, and pricing on our huge selection of vehicles. KM8R7DGE4RU780713",192,1238,Calligraphy pen and watercolor brush are missing on my Freeform app,67,Provide feedback,16,3633,891.0,1016539,154938,4.077,1.25,301,113,0,12,9,0,1.592,2,2,3,4,3,3
https://www.hollerhyundai.com/new-Winter+Park-2025-Hyundai-Santa+Fe-Calligraphy-5NMP5DGL6SH077143,text/html; charset=utf-8,200,Indexable,"2025 Hyundai SANTA FE Calligraphy in Winter Park, FL | Orlando Hyundai SANTA FE | Holler Hyundai",96,883,"Research the 2025 Hyundai SANTA FE Calligraphy in Winter Park, FL at Holler Hyundai. View pictures, specs, and pricing & schedule a test drive today.",149,929,Are you ready to learn brush calligraphy?,41,A Place for Artful Living & Timeless Design.,44,4234,1071.0,1069479,166130,3.953,1.25,303,112,0,13,10,0,15.897,2,2,3,3,2,3
