"Address","Content Type","Status Code","Status","Indexability","Indexability Status","Title 1","Title 1 Length","Title 1 Pixel Width","Title 2","Title 2 Length","Title 2 Pixel Width","Meta Description 1","Meta Description 1 Length","Meta Description 1 Pixel Width","Meta Description 2","Meta Description 2 Length","Meta Description 2 Pixel Width","Meta Keywords 1","Meta Keywords 1 Length","H1-1","H1-1 Length","H1-2","H1-2 Length","H2-1","H2-1 Length","H2-2","H2-2 Length","Meta Robots 1","Meta Robots 2","Meta Robots 3","Meta Robots 4","X-Robots-Tag 1","Meta Refresh 1","Canonical Link Element 1","Canonical Link Element 2","rel=""next"" 1","rel=""prev"" 1","HTTP rel=""next"" 1","HTTP rel=""prev"" 1","amphtml Link Element","Size (bytes)","Transferred (bytes)","Word Count","Sentence Count","Average Words Per Sentence","Flesch Reading Ease Score","Readability","Text Ratio","Crawl Depth","Folder Depth","Link Score","Inlinks","Unique Inlinks","Unique JS Inlinks","% of Total","Outlinks","Unique Outlinks","Unique JS Outlinks","External Outlinks","Unique External Outlinks","Unique External JS Outlinks","Closest Similarity Match","No. Near Duplicates","Spelling Errors","Grammar Errors","Hash","Response Time","Last Modified","Redirect URL","Redirect Type","Cookies","HTTP Version","URL Encoded Address","Crawl Timestamp"
"https://www.brodyneuenschwander.com/","text/html; charset=UTF-8","200","OK","Indexable","","Brody Neuenschwander - Calligrapher and Text Artist","51","468","","0","0","Calligrapher and Text Artist. Paper, canvas, textiles, metal, glass, sculpture, light, architecture, film, performance, human skin. Brody Neuenschwander.","153","925","Meet Brody Neuenschwander 
Brody Neuenschwander is a calligrapher and text artist working in a wide range of media, from paper and canvas to textiles, metal and glass; from sculpture, light and architecture to film, performance and even human skin. He is obsessed with the fleeting nature of language. His work captures words for","329","2055","","0","","0","","0","Meet Brody Neuenschwander","25","","0","index, follow, max-image-preview:large, max-snippet:-1, max-video-preview:-1","","","","","","https://www.brodyneuenschwander.com/","","","","","","","84851","16564","418","69","6.058","65.286","Normal","3.491","0","0","","5","1","0","1.250","31","23","0","9","6","0","","","","","c54ad34ef8462ab497ee8b7d5fa5b63a","1.325","Mon, 25 Nov 2024 12:09:30 GMT","","","","1.1","https://www.brodyneuenschwander.com/","2024-11-26 00:51:47"
"https://www.montblanc.com/en-us/discover/campaign/virtual-events","text/html; charset=utf-8","200","OK","Indexable","","Discover - Virtual Events – Montblanc® US","41","377","","0","0","Campaign","8","63","","0","0","","0","","0","","0","100 YEARS OF MEISTERSTÜCK","25","WRITTEN & DIRECTED BY WES ANDERSON","34","index, follow","","","","","","https://www.montblanc.com/en-us/discover/campaign/virtual-events","","","","","","","271093","35486","493","136","3.625","97.277","Very Easy","2.645","0","3","","3","1","0","1.250","288","218","0","8","8","0","","","","","f934f0a0471f6dc5d56bcd3a0883b5b6","1.215","","","","","1.1","https://www.montblanc.com/en-us/discover/campaign/virtual-events","2024-11-26 00:51:47"
"https://laurahooperdesignhouse.com/","text/html; charset=UTF-8","200","OK","Indexable","","Custom Wedding Stationery | Handwritten Calligraphy | Foxhill Garden • Laura Hooper Design House","96","879","","0","0","Welcome to Laura Hooper Design House (formerly known as Laura Hooper Calligraphy) known for timeless, classic wedding stationery created by seasoned hand lettering artist and educator Laura Hooper.","197","1266","","0","0","","0","Personalized wedding stationery design for every aspect of your celebration.","76","A Place for Artful Living & Timeless Design.","44","menu","4","Weddings","8","","","","","","","https://laurahooperdesignhouse.com/","","","","","","","354571","39850","709","124","5.718","56.412","Fairly Hard","1.618","0","0","","56","1","0","1.250","138","17","0","12","4","0","","","","","d468c711a12c8273ab5152620850c443","1.429","","","","","1.1","https://laurahooperdesignhouse.com/","2024-11-26 00:51:47"
"https://www.laquitatate.com/checkmeout/how-to-style-calligraphy-brushes","text/html;charset=utf-8","200","OK","Indexable","","How to style Calligraphy Brushes — Laquita Tate","47","425","","0","0","","0","0","","0","0","","0","How to style Calligraphy Brushes","32","","0","Living Room Refresh Reveal","26","Home Office Refresh","19","","","","","","","https://www.laquitatate.com/checkmeout/how-to-style-calligraphy-brushes","","","","","","","103262","18940","433","65","6.662","82.845","Easy","2.889","0","1","","1","1","0","1.250","27","12","0","6","3","0","","","","","edf98f5d8dc8826b48f69f8a09c5de0c","2.053","","","","","1.1","https://www.laquitatate.com/checkmeout/how-to-style-calligraphy-brushes","2024-11-26 00:51:47"
"https://jakerainis.com/blog/the-ultimate-blackletter-calligraphy-resource-guide/","text/html; charset=UTF-8","200","OK","Indexable","","The Ultimate Blackletter Calligraphy Resource Guide - Jake Rainis","65","575","The Ultimate Blackletter Calligraphy Resource Guide - Jake Rainis","65","575","Learn everything you need to know when it comes to shopping for supplies for Blackletter calligraphy and any other type of flat-pen calligraphy.","144","885","","0","0","","0","The Ultimate Blackletter Calligraphy Resource Guide","51","","0","Writing Instruments","19","Writing Surfaces","16","max-image-preview:large","index, follow, max-snippet:-1, max-image-preview:large, max-video-preview:-1","","","","","https://jakerainis.com/blog/the-ultimate-blackletter-calligraphy-resource-guide/","","","","","","","117374","30329","6002","827","7.258","73.161","Fairly Easy","30.636","0","2","","2","1","0","1.250","19","12","0","161","50","0","","","","","235b7e79c8186566244d7e49f8788032","1.502","","","","","1.1","https://jakerainis.com/blog/the-ultimate-blackletter-calligraphy-resource-guide/","2024-11-26 00:51:47"
"https://tex.stackexchange.com/questions/231322/how-to-get-the-lowercase-calligraphic-symbols","text/html; charset=utf-8","200","OK","Indexable","","calligraphy - How to get the lowercase calligraphic symbols? - TeX - LaTeX Stack Exchange","89","799","","0","0","","0","0","","0","0","","0","How to get the lowercase calligraphic symbols?","46","Subscribe to RSS","16","2 Answers 2","11","You must log in to answer this question.","40","","","","","","","https://tex.stackexchange.com/questions/231322/how-to-get-the-lowercase-calligraphic-symbols","","","","","","","166574","37623","1193","251","4.753","81.245","Easy","5.727","0","2","","12","1","0","1.250","136","98","0","30","26","0","","","","","a6c0533c55aca278f612bc0a3c23ed09","0.464","Tue, 19 Nov 2024 09:45:09 GMT","","","","1.1","https://tex.stackexchange.com/questions/231322/how-to-get-the-lowercase-calligraphic-symbols","2024-11-26 00:51:50"
"https://www.ecletters.com/blog/2024/3/9/my-favorite-gold-markers-for-hand-lettering-and-calligraphy","text/html;charset=utf-8","200","OK","Indexable","","My Favorite Gold Markers for Hand Lettering and Calligraphy — ECLetters | Maryland Calligrapher","95","851","","0","0","Here are some gold markers that I really like to use for lettering and faux 
calligraphy projects. These are great for lettering on paper as well as 
unique materials like shells, pumpkins and more!","200","1175","","0","0","","0","Blog","4","My Favorite Gold Markers for Hand Lettering and Calligraphy","59","Latest Posts","12","archive","7","","","","","","","https://www.ecletters.com/blog/2024/3/9/my-favorite-gold-markers-for-hand-lettering-and-calligraphy","","","","","","","117273","22681","385","75","5.133","93.293","Very Easy","2.450","0","4","","7","1","0","1.250","64","28","0","25","12","0","","","","","872f461db26b79c484b639c55fcc50f4","1.156","","","","","1.1","https://www.ecletters.com/blog/2024/3/9/my-favorite-gold-markers-for-hand-lettering-and-calligraphy","2024-11-26 00:51:50"
"https://www.leemunroe.com/steve-jobs-calligraphy/","text/html; charset=UTF-8","200","OK","Indexable","","Steve Jobs on Taking a Calligraphy Class","40","363","","0","0","","0","0","","0","0","","0","Steve Jobs on Taking a Calligraphy Class","40","","0","February 2012","13","","0","","","","","","","","","","","","","","5249","2363","273","44","6.205","70.693","Fairly Easy","31.734","0","1","","1","1","0","1.250","8","8","0","3","3","0","","","","","4adf4563f5a05387c9550d14fb580728","0.953","","","","","1.1","https://www.leemunroe.com/steve-jobs-calligraphy/","2024-11-26 00:51:51"
"https://www.travelingcalligrapher.com/","text/html; charset=UTF-8","200","OK","Indexable","","Calligraphy | Traveling Calligrapher | United States","52","439","","0","0","The Traveling Calligrapher Map Collection was born out of love, curiosity, and fearlessness with a focus on creating city maps that embrace memories from the past and also spark hope and adventure for the present/future.","220","1376","","0","0","","0","INSTAGRAM","9","MAPS OF YOUR MEMORIES","21","BLACK FRIDAY IS HERE EARLY!","27","20% OFF EVERYTHING","18","","","","","","","https://www.travelingcalligrapher.com/","","https://www.travelingcalligrapher.com/?page=2","","","","","1499336","283512","210","110","1.909","100.000","Very Easy","0.085","0","0","","2","1","0","1.250","57","33","0","3","3","0","","","","","7622291c51d85e17abd7e7d31921fca8","0.957","","","","","1.1","https://www.travelingcalligrapher.com/","2024-11-26 00:51:50"
"https://www.patrickhyundai.com/inventory/new-2024-hyundai-santa-fe-calligraphy-awd-4d-sport-utility-5nmp5dgl4rh028288/","text/html; charset=UTF-8","403","Forbidden","Non-Indexable","Client Error","","0","0","","0","0","","0","0","","0","0","","0","","0","","0","","0","","0","","","","","","","","","","","","","","0","0","0","","","","","0.000","0","2","","0","0","0","0.000","0","0","0","0","0","0","","","","","","0.711","","","","","1.1","https://www.patrickhyundai.com/inventory/new-2024-hyundai-santa-fe-calligraphy-awd-4d-sport-utility-5nmp5dgl4rh028288/","2024-11-26 00:51:52"
"https://en.wikipedia.org/wiki/Calligraphy","text/html; charset=UTF-8","200","OK","Indexable","","Calligraphy - Wikipedia","23","199","","0","0","","0","0","","0","0","","0","Calligraphy","11","","0","Contents","8","Tools","5","max-image-preview:standard","","","","","","https://en.wikipedia.org/wiki/Calligraphy","","","","","","","409984","77200","8651","2051","4.218","72.979","Fairly Easy","13.530","0","1","","197","1","0","1.250","1526","1036","0","66","62","0","","","","","a5ecde696e91260fc54f569b517740ef","1.072","Mon, 25 Nov 2024 14:27:23 GMT","","","","1.1","https://en.wikipedia.org/wiki/Calligraphy","2024-11-26 00:51:50"
"https://uchida.com/collections/calligraphy-lettering","text/html; charset=utf-8","200","OK","Indexable","","Calligraphy & Lettering — Marvy Uchida","38","345","Calligraphy & Lettering","23","200","","0","0","","0","0","","0","Calligraphy & Lettering","23","","0","Filters","7","CALLIGRAPHY MARKER","18","index","follow","","","","","https://uchida.com/collections/calligraphy-lettering","","https://uchida.com/collections/calligraphy-lettering?page=2","","","","","1320023","128485","2525","1038","2.433","100.000","Very Easy","1.284","0","1","","7","1","0","1.250","215","97","0","11","8","0","","","","","3aaa6b74b76a5dc7270d60c91a1d37b7","1.286","","","","","1.1","https://uchida.com/collections/calligraphy-lettering","2024-11-26 00:51:50"
"https://www.britannica.com/art/calligraphy","text/html;charset=UTF-8","200","OK","Indexable","","Calligraphy | Art, Examples, & Alphabet | Britannica","52","444","","0","0","Calligraphy, the art of beautiful handwriting. The term may derive from the Greek words for “beauty” (kallos) and “to write” (graphein). It implies a sure knowledge of the correct form of letters—i.e., the conventional signs by which language can be communicated—and the skill to make them with such","299","1846","","0","0","calligraphy, encyclopedia, encyclopeadia, britannica, article","61","calligraphy","11","","0","News •","6","Early Semitic writing","21","","","","","","","https://www.britannica.com/art/calligraphy","","","","","","","101936","23444","1545","309","5.000","65.141","Normal","9.686","0","1","","4","1","0","1.250","176","116","0","13","13","0","","","","","203148fe9def1426f9337c243a81d161","0.651","","","","","1.1","https://www.britannica.com/art/calligraphy","2024-11-26 00:51:52"
"https://societyforcalligraphy.org/","text/html; charset=utf-8","200","OK","Indexable","","Society for Calligraphy - Home","30","266","","0","0","","0","0","","0","0","","0","Society for Calligraphy","23","","0","Need some calligraphy?","22","Questions about copyrights?","27","","","","","","","","","","","","","","29641","6343","333","70","4.757","65.579","Normal","6.899","0","0","","2","1","0","1.250","45","30","0","5","5","0","","","","","39e9eb4ac5ff11827517c9a79a29da5b","1.461","","","","","1.1","https://societyforcalligraphy.org/","2024-11-26 00:51:52"
"https://www.collegeparkhyundai.com/inventory/new-2024-hyundai-palisade-calligraphy-awd-awd-sport-utility-km8r7dge8ru758648/","text/html; charset=UTF-8","403","Forbidden","Non-Indexable","Client Error","","0","0","","0","0","","0","0","","0","0","","0","","0","","0","","0","","0","","","","","","","","","","","","","","0","0","0","","","","","0.000","0","2","","0","0","0","0.000","0","0","0","0","0","0","","","","","","0.676","","","","","1.1","https://www.collegeparkhyundai.com/inventory/new-2024-hyundai-palisade-calligraphy-awd-awd-sport-utility-km8r7dge8ru758648/","2024-11-26 00:51:53"
"https://jonesdesigncompany.com/create/how-to-create-fake-calligraphy/","text/html; charset=UTF-8","200","OK","Indexable","","how to create fake calligraphy (tutorial + practice worksheets)","63","545","","0","0","Learn a simple technique for making your writing look fancy. This post will teach you how to create fake calligraphy for stationery, lettering, art and more","156","940","","0","0","","0","how to create fake calligraphy (tutorial + practice worksheets)","63","","0","Step One: Choose a good fine tip ink pen","40","STEP TWO: Write any letter of the alphabet","42","index, follow, max-image-preview:large, max-snippet:-1, max-video-preview:-1","","","","","","https://jonesdesigncompany.com/create/how-to-create-fake-calligraphy/","","","","","","","255685","40150","5700","1213","4.699","95.410","Very Easy","12.085","0","2","","214","1","0","1.250","264","25","0","66","49","0","","","","","a15c8c2122586adcbe17d7383dc4326f","1.384","","","","","1.1","https://jonesdesigncompany.com/create/how-to-create-fake-calligraphy/","2024-11-26 00:51:53"
"https://www.calligraphykatrina.com/","text/html;charset=utf-8","200","OK","Indexable","","Calligraphy Katrina","19","167","","0","0","Calligraphy Katrina • Invitations, stationery, place cards, menus, 
envelopes, mirror seating charts, live activation, merchandise and much, 
much more. Serving Los Angeles, Pasadena, Beverly Hills, Orange County","214","1292","","0","0","","0","","0","","0","Font Styles","11","Services","8","","","","","","","https://www.calligraphykatrina.com/","","","","","","","92653","18108","28","10","2.800","74.072","Fairly Easy","0.964","0","0","","3","1","0","1.250","55","20","0","14","11","0","","","","","bef8c80c3a4fc473abc7a2cdbd8fdb14","1.082","","","","","1.1","https://www.calligraphykatrina.com/","2024-11-26 00:51:53"
"https://www.merriam-webster.com/dictionary/calligraphy","text/html; charset=utf-8","200","OK","Indexable","","Calligraphy Definition & Meaning - Merriam-Webster","50","456","","0","0","The meaning of CALLIGRAPHY is artistic, stylized, or elegant handwriting or lettering. How to use calligraphy in a sentence. Did you know?","138","855","","0","0","","0","calligraphy","11","","0","noun","4","Did you know?","13","","","","","","","https://www.merriam-webster.com/dictionary/calligraphy","","","","","","","691641","110881","752","186","4.043","69.531","Normal","0.785","0","1","","24","1","0","1.250","100","53","0","10","9","0","","","","","ffc0f917e35a6805efe5a48e652cdfdb","1.187","","","","","1.1","https://www.merriam-webster.com/dictionary/calligraphy","2024-11-26 00:51:53"
"https://www.behr.com/consumer/ColorDetailView/N490-6","text/html;charset=UTF-8","200","OK","Indexable","","CALLIGRAPHY N490-6 | Behr Paint Colors","38","368","","0","0","CALLIGRAPHY is one of over 3,000 colors you can find, coordinate, and preview on www.behr.com. Start your project with CALLIGRAPHY now.  RGB: #59636A","149","977","","0","0","","0","CALLIGRAPHY","11","Never miss out on the best Behr promotions, products and inspiration.","69","SIMILAR COLORS","14","COORDINATING COLORS","19","","","","","","","https://www.behr.com/consumer/ColorDetailView/N490-6","","","","","","","376767","41789","2921","766","3.813","70.344","Fairly Easy","6.749","0","2","","42","1","0","1.250","285","117","0","24","13","0","","","","","d65b1c3a81ae9c87c7b5ac94d0ee7a8b","2.203","","","","","1.1","https://www.behr.com/consumer/ColorDetailView/N490-6","2024-11-26 00:51:53"
"https://umma.umich.edu/support/donate/donor-stories/the-lo-chia-lun-calligraphy-collection/","text/html; charset=UTF-8","200","OK","Indexable","","The Lo Chia-Lun Calligraphy Collection – University of Michigan Museum of Art","77","697","","0","0","","0","0","","0","0","","0","","0","The Lo Chia-Lun Calligraphy Collection","38","Today’s Hours:","14","Address:","8","max-image-preview:large","","","","","","https://umma.umich.edu/support/donate/donor-stories/the-lo-chia-lun-calligraphy-collection/","","","","","","","116941","22056","1301","280","4.646","75.186","Fairly Easy","9.378","0","4","","7","1","0","1.250","117","70","0","7","6","0","","","","","c133bc5b10f2c56f808bb7006920ea47","1.802","","","","","1.1","https://umma.umich.edu/support/donate/donor-stories/the-lo-chia-lun-calligraphy-collection/","2024-11-26 00:51:54"
"https://www.facebook.com/p/Bloodlined-Calligraphy-100041995058509/","text/html; charset=""utf-8""","200","OK","Indexable","","Bloodlined Calligraphy","22","197","","0","0","‏‎Bloodlined Calligraphy‎‏۔ ‏‏3,163‏ لائکس · ‏6‏ اس بارے بات کر رہے ہیں‏۔ ‏‎Heavy-Duty Rock-n-Roll since 1999. Ypsilanti's favorite metalcore band.‎‏","149","807","","0","0","","0","","0","","0","","0","","0","noodp,noydir","","","","","","https://www.facebook.com/p/Bloodlined-Calligraphy-100041995058509/","","","","","","","920340","206496","0","","","","","0.000","0","2","","0","0","0","0.000","0","0","0","0","0","0","","","","","bac2cbf37b074d2e4ab46cc9c7a6e273","2.446","","","","","1.1","https://www.facebook.com/p/Bloodlined-Calligraphy-100041995058509/","2024-11-26 00:51:54"
"https://www.meanttobecalligraphy.com/workshop-reviews","text/html;charset=utf-8","200","OK","Indexable","","Workshop Reviews — Meant To Be Calligraphy","42","409","","0","0","","0","0","","0","0","","0","what students are saying","24","","0","","0","","0","","","","","","","https://www.meanttobecalligraphy.com/workshop-reviews","","","","","","","88190","18965","1118","205","5.454","82.345","Easy","8.982","0","0","","0","0","0","0.000","89","34","0","9","5","0","","","","","d2aaf5eee0b82bee8e1d717cd7113f0f","1.339","","","","","1.1","https://www.meanttobecalligraphy.com/workshop-reviews","2024-11-26 00:51:56"
"https://cupcakesandcashmere.com/diy/faux-calligraphy","text/html;charset=utf-8","403","Forbidden","Non-Indexable","Client Error","","0","0","","0","0","","0","0","","0","0","","0","","0","","0","","0","","0","","","","","","","","","","","","","","733","733","0","","","","","0.000","0","1","","0","0","0","0.000","0","0","0","0","0","0","","","","","","0.472","","","","","1.1","https://cupcakesandcashmere.com/diy/faux-calligraphy","2024-11-26 00:51:57"
"https://www.bespokestrokes.com/about","text/html; charset=UTF-8","200","OK","Indexable","","ABOUT | Chantelle Hoffmann | Bespoke Strokes Calligraphy","56","523","","0","0","Professional calligrapher, Chantelle Hoffmann, shares her lettering journey, favorite calligraphy supplies, and recommended calligraphy learning resources. 

To date, Chantelle has guided thousands of students in their penmanship journey and helped them hone their love and skill in calligraphy. Since 2021 she has also been a featured calligraphy instructor for the luxury fountain pen brand, Montblanc.","404","2481","","0","0","","0","- ABOUT -","9","Greetings","9","BESPOKE","7","- My Lettering Journey -","24","","","","","","","https://www.bespokestrokes.com/about","","","","","","","998111","203030","688","99","6.949","77.185","Fairly Easy","0.420","0","0","","1","1","0","1.250","14","10","0","20","20","0","","","","","48be42b7745a573f20d9c6a5374aafc3","0.998","","","","","1.1","https://www.bespokestrokes.com/about","2024-11-26 00:51:56"
"https://thepostmansknock.com/how-i-learned-calligraphy/","text/html; charset=UTF-8","200","OK","Indexable","","How I Learned Calligraphy – The Postman's Knock","47","446","","0","0","This blog post describes the story behind how I learned calligraphy. I hope it will be helpful to you in your own calligraphy experience!","137","823","","0","0","","0","How I Learned Calligraphy","25","","0","Lindsey Bugbee Writing Calligraphy","34","Motivations","11","index, follow, max-image-preview:large, max-snippet:-1, max-video-preview:-1","","","","","","https://thepostmansknock.com/how-i-learned-calligraphy/","","","","","","","448483","86326","2771","463","5.985","75.066","Fairly Easy","5.193","0","1","","10","1","0","1.250","177","89","0","29","21","0","","","","","a47bb75757a28cc629622384116bbc6e","3.126","","","","","1.1","https://thepostmansknock.com/how-i-learned-calligraphy/","2024-11-26 00:51:55"
"https://calligrascape.com/learn-calligraphy/","text/html; charset=utf-8","200","OK","Indexable","","How to Learn Calligraphy: The Complete Beginner's Guide - Calligrascape","71","643","","0","0","Here you will find all you need to learn calligraphy. From blackletter to pointed pen, you will find videos and pictures to show you how, step by step.","151","907","","0","0","","0","How to Learn Calligraphy: The Complete Beginner’s Guide","55","","0","Narrow Down Your Style of Calligraphy","37","5 Types of Calligraphy/Lettering to Learn:","42","index, follow, max-image-preview:large, max-snippet:-1, max-video-preview:-1","","","","","","https://calligrascape.com/learn-calligraphy/","","","","","","","244364","47589","3574","616","5.802","75.608","Fairly Easy","10.285","0","1","","113","1","0","1.250","196","48","0","21","19","0","","","","","85530aa9ffec10b47bd0c6c8fba4d212","1.209","Mon, 25 Nov 2024 18:48:46 GMT","","","","1.1","https://calligrascape.com/learn-calligraphy/","2024-11-26 00:51:58"
"https://www.calligraphr.com/en/","text/html; charset=utf-8","200","OK","Indexable","","Calligraphr - Draw your own fonts.","34","299","","0","0","Transform your handwriting and calligraphy into fully functional vector fonts with our web application. Creating your own font has never been easier.","149","918","","0","0","","0","Transform your handwriting or calligraphy into a font!","54","","0","","0","","0","index, follow","","","","","","","","","","","","","30132","6323","308","56","5.500","80.670","Easy","7.430","0","1","","3","1","0","1.250","17","13","0","6","6","0","","","","","3a4716bda6f4aed9a0559d719345ed03","1.071","","","","","1.1","https://www.calligraphr.com/en/","2024-11-26 00:51:59"
"https://www.sanleandrohyundai.com/new-San+Leandro-2024-Hyundai-Santa+Fe-Calligraphy+AWD-5NMP5DGL9RH056751","text/html; charset=utf-8","200","OK","Indexable","","2024 Hyundai SANTA FE Calligraphy AWD San Leandro CA | San Leandro Hyundai 5NMP5DGL9RH056751","92","936","","0","0","Research the 2024 Hyundai SANTA FE Calligraphy AWD in San Leandro, CA at San Leandro Hyundai. View pictures, specs, and pricing on our huge selection of vehicles. 5NMP5DGL9RH056751","180","1190","","0","0","","0","","0","","0","2024 Hyundai Santa Fe Calligraphy AWD","37","Visit our Store","15","index,follow,noydir,noodp","","","","","","https://www.sanleandrohyundai.com/new-San+Leandro-2024-Hyundai-Santa+Fe-Calligraphy+AWD-5NMP5DGL9RH056751","","","","","","","1057350","157266","3471","888","3.909","81.781","Easy","2.229","0","0","","23","1","0","1.250","328","117","0","15","10","0","","","","","4a6ecf6befdc974ced916358421c4e2a","1.990","","","","","1.1","https://www.sanleandrohyundai.com/new-San+Leandro-2024-Hyundai-Santa+Fe-Calligraphy+AWD-5NMP5DGL9RH056751","2024-11-26 00:51:58"
"https://www.jherbin.com/calligraphy_inks.html","text/html","200","OK","Indexable","","Herbin Calligraphy & Specialty Inks | Fine Writing Ink, Calligraphy Pens, and Sealing Wax | Pen Ink Cartridges, Reed and Bamboo Pens","132","1166","Herbin Calligraphy & Specialty Inks | Fine Writing Ink, Calligraphy Pens, and Sealing Wax | Pen Ink Cartridges, Reed and Bamboo Pens","132","1166","Herbin - the oldest name in pen inks in the world.  Founded in Paris in 1670.","77","465","","0","0","Herbin, Herbin, Herbin Company, Fountain pen inks, Calligraphy inks, India ink, Pigmented ink, Specialty inks, Sealing wax, Sealing wax for stationery, Sealing wax for wedding invitations, Seals and sealing wax, Glass pens, Italian glass pens, Venetian glass pens, Goose quill pens, Quill pens, 1670, French ink, French sealing wax, French violet ink, Pen inks, Bottled ink, Ink cartridges, Neutral pH ink, Chanel perfume bottles, Natural dye ink, Scented ink, Perfumed ink, Exaclair","483","Calligraphy & Specialty Inks","28","","0","Authentic Ink (“Encre Authentique”)","35","India Ink (“Encre De Chine”)","28","","","","","","","","","","","","","","25142","5668","505","113","4.469","89.052","Easy","11.254","0","0","","7","1","0","1.250","36","18","0","12","8","0","","","","","cc41c50f3cf4c0c9e1c452bb1a5b4590","4.178","Fri, 15 Mar 2024 03:37:49 GMT","","","","1.1","https://www.jherbin.com/calligraphy_inks.html","2024-11-26 00:51:57"
"https://www.hollywoodreporter.com/business/digital/steve-jobs-death-apple-calligraphy-248900/","text/html; charset=UTF-8","200","OK","Indexable","","How a Calligraphy Pen Rewrote Steve Jobs’ Life","46","421","","0","0","Steve Jobs' ex-Trappist monk calligraphy teacher put him on the spiritual path to changing the world.","101","625","","0","0","","0","How a Calligraphy Pen Rewrote Steve Jobs’ Life","46","","0","site categories","15","THR Newsletters","15","max-image-preview:large","noai, noimageai","index, follow","max-image-preview:large","","","https://www.hollywoodreporter.com/business/digital/steve-jobs-death-apple-calligraphy-248900/","","","","","","","565966","99896","1949","322","6.053","81.192","Easy","2.803","0","3","","13","1","0","1.250","187","105","0","86","59","0","","","","","ab3a0c4b92b0d59547cb9ec55060afb2","0.979","","","","","1.1","https://www.hollywoodreporter.com/business/digital/steve-jobs-death-apple-calligraphy-248900/","2024-11-26 00:52:00"
"https://piecescalligraphy.com/","text/html; charset=UTF-8","200","OK","Indexable","","Pieces Calligraphy – Learn brush calligraphy online","51","450","","0","0","Are you ready to learn brush calligraphy? You’re in the right place! Here you’ll find easy-to-follow, bite-sized steps to go from complete beginner to confident calligrapher. If you're ready to start your journey towards beautiful, peaceful calligraphy, click the button below to join the waitlist. You'll be notified as soon as the course opens again…","352","2096","","0","0","","0","Are you ready to learn brush calligraphy?","41","","0","Hi, I’m Sharisse!","17","Ways to Learn Brush Calligraphy","31","max-image-preview:large","","","","","","https://piecescalligraphy.com/","","","","","","","94692","24101","400","73","5.479","82.199","Easy","3.110","0","0","","14","1","0","1.250","26","7","0","15","14","0","","","","","6570d22ec112ece2290e894081f76530","0.635","","","","","1.1","https://piecescalligraphy.com/","2024-11-26 00:52:02"
"https://www.nytimes.com/2023/06/27/magazine/learn-chinese-calligraphy.html","text/html;charset=utf-8","403","Forbidden","Non-Indexable","Client Error","","0","0","","0","0","","0","0","","0","0","","0","","0","","0","","0","","0","","","","","","","","","","","","","","721","721","0","","","","","0.000","0","4","","0","0","0","0.000","0","0","0","0","0","0","","","","","","0.473","","","","","1.1","https://www.nytimes.com/2023/06/27/magazine/learn-chinese-calligraphy.html","2024-11-26 00:52:02"
"https://shop.ria.ie/en-us/products/the-irish-art-of-calligraphy","text/html; charset=utf-8","200","OK","Indexable","","The Irish art of calligraphy: a step-by-step guide
 – Royal Irish Academy","73","617","","0","0","Out now! An essential guide for anyone who has ever wanted to try their hand at calligraphy. Delve into Ireland’s artistic past and, with guidance from a master calligrapher, learn how to write your own letters in a matter of hours. View a sneak preview here:  ","261","1571","","0","0","","0","The Irish art of calligraphy: a step-by-step guide","50","","0","Country/region","14","Country/region","14","","","","","","","https://shop.ria.ie/en-us/products/the-irish-art-of-calligraphy","","","","","","","769129","68969","1633","379","4.309","100.000","Very Easy","5.012","0","2","","481","1","0","1.250","551","34","0","10","6","0","","","","","8e1956a68d65973bc593b64c9d8c91aa","0.563","","","","","1.1","https://shop.ria.ie/en-us/products/the-irish-art-of-calligraphy","2024-11-26 00:52:03"
"https://crossroadscalligraphy.com/what-i-wish-id-known-when-starting-calligraphy/","text/html; charset=UTF-8","200","OK","Indexable","","What I Wish I'd Known When Starting Calligraphy - Crossroads Calligraphy","72","650","","0","0","I share what I wish I'd known when getting started in order to support you and the success of your calligraphy practice.","120","736","","0","0","","0","Crossroads Calligraphy","22","","0","Est. 2015","9","Post navigation","15","index, follow, max-image-preview:large, max-snippet:-1, max-video-preview:-1","","","","","","https://crossroadscalligraphy.com/what-i-wish-id-known-when-starting-calligraphy/","","","","","","","122710","33416","1818","273","6.659","90.766","Very Easy","9.800","0","1","","9","1","0","1.250","81","67","0","9","8","0","","","","","db0a4d81e7d40dd602123bdaec3b0a22","1.846","","","","","1.1","https://crossroadscalligraphy.com/what-i-wish-id-known-when-starting-calligraphy/","2024-11-26 00:52:02"
"https://www.thehappyevercrafter.com/blog/calligraphy-basic-strokes/","text/html; charset=UTF-8","200","OK","Indexable","","What are the Calligraphy ""Basic Strokes""? - The Happy Ever Crafter Inc.","71","621","","0","0","","0","0","","0","0","","0","What are the Calligraphy “Basic Strokes”?","41","","0","Whatcha looking for ...?","24","","0","index, follow, max-image-preview:large, max-snippet:-1, max-video-preview:-1","","","","","","https://www.thehappyevercrafter.com/blog/calligraphy-basic-strokes/","","","","","","","168662","34436","675","149","4.530","89.312","Easy","3.630","0","2","","6","1","0","1.250","46","21","0","44","21","0","","","","","647898a33efc387368f8eba95665cfba","1.308","","","","","1.1","https://www.thehappyevercrafter.com/blog/calligraphy-basic-strokes/","2024-11-26 00:52:03"
"https://www.hyundaiusa.com/us/en/vehicles/palisade/calligraphy","text/html;charset=utf-8","200","OK","Indexable","","2025 Hyundai Palisade Calligraphy | Trim Info | Hyundai USA","59","529","","0","0","Click here to view all available trim features for the 2025 Hyundai Palisade Calligraphy. View starting MSRP, tech specs, and more here at Hyundai USA!","151","931","","0","0","","0","Calligraphy","11","See why the Hyundai PALISADE is better than the Honda Pilot ⁠ Claim based on comparison of specifications on manufacturer websites.","131","2025 PALISADE Warranty","22","5 years/60,000 miles","20","","","","","","","https://www.hyundaiusa.com/us/en/vehicles/palisade/calligraphy","","","","","","","9214408","530507","38957","8860","4.397","53.190","Fairly Hard","17.413","0","4","","3","1","0","1.250","138","69","0","20","20","0","","","","","4b7943d5f3648e35689a10eaa1779918","0.826","","","","","1.1","https://www.hyundaiusa.com/us/en/vehicles/palisade/calligraphy","2024-11-26 00:51:58"
"https://alpha.inkscape.org/vectors/www.inkscapeforum.com/viewtopic3350.html?t=785","text/html","200","OK","Indexable","","[solved] overlapping calligraphy line issue - InkscapeForum.com","63","563","","0","0","","0","0","","0","0","","0","This is a read-only archive of the inkscapeforum.com site. You can search for info here or post new questions and comments at inkscape.org/forums","145","InkscapeForum.com","17","This is a read-only archive of the inkscapeforum.com site. This feature is no longer available.","95","[solved] overlapping calligraphy line issue","43","","","","","","","https://alpha.inkscape.org/vectors/www.inkscapeforum.com/viewtopic3350.html?t=785","","","","","","","23324","6055","422","115","3.670","95.255","Very Easy","10.166","0","2","","23","1","0","1.250","66","38","0","7","2","0","","","","","b7150ddc5e1371aa783101c4b75e59ef","0.963","Sun, 22 Dec 2019 17:12:50 GMT","","","","1.1","https://alpha.inkscape.org/vectors/www.inkscapeforum.com/viewtopic3350.html?t=785","2024-11-26 00:52:04"
"https://www.libertyvillehyundai.com/inventory/new-2025-hyundai-santa-fe-hybrid-calligraphy-awd-4d-sport-utility-5nmp5dg14sh018395/","text/html; charset=UTF-8","403","Forbidden","Non-Indexable","Client Error","","0","0","","0","0","","0","0","","0","0","","0","","0","","0","","0","","0","","","","","","","","","","","","","","0","0","0","","","","","0.000","0","2","","0","0","0","0.000","0","0","0","0","0","0","","","","","","0.545","","","","","1.1","https://www.libertyvillehyundai.com/inventory/new-2025-hyundai-santa-fe-hybrid-calligraphy-awd-4d-sport-utility-5nmp5dg14sh018395/","2024-11-26 00:52:04"
"https://www.inkyfingerscalligraphy.com/","text/html;charset=utf-8","200","OK","Indexable","","Inky Fingers Calligraphy FL","27","237","","0","0","","0","0","","0","0","","0","Hello there!","12","","0","","0","Unique, lettering focused art for all of life’s special occasions","65","","","","","","","https://www.inkyfingerscalligraphy.com/","","","","","","","144690","20669","210","32","6.562","77.303","Fairly Easy","1.277","0","0","","3","1","0","1.250","32","10","0","9","3","0","","","","","3bb0d2d2feacd183f0c425aa2250baf","1.136","","","","","1.1","https://www.inkyfingerscalligraphy.com/","2024-11-26 00:52:04"
"https://calligraphybycarole.com/","text/html; charset=UTF-8","200","OK","Indexable","","Calligraphy By Carole | Wedding Calligraphy","43","383","Calligraphy By Carole | Wedding Calligraphy","43","383","Calligraphy by Carole | Calligraphy by Carole offers elegant calligraphy for special occasions, weddings, printed goods, custom signage, and more!","146","900","","0","0","","0","Home","4","","0","","0","","0","index, follow, max-image-preview:large, max-snippet:-1, max-video-preview:-1","","","","","","https://calligraphybycarole.com/","","","","","","","53859","14421","249","34","7.324","67.915","Normal","2.951","0","0","","3","1","0","1.250","8","6","0","8","7","0","","","","","70b27a600bd36f865804267a98fe3aee","2.088","","","","","1.1","https://calligraphybycarole.com/","2024-11-26 00:52:03"
"https://www.schomphyundai.com/inventory/new-2025-hyundai-palisade-calligraphy-awd-awd-sport-utility-km8r7dge4su814316/","text/html; charset=UTF-8","403","Forbidden","Non-Indexable","Client Error","","0","0","","0","0","","0","0","","0","0","","0","","0","","0","","0","","0","","","","","","","","","","","","","","0","0","0","","","","","0.000","0","2","","0","0","0","0.000","0","0","0","0","0","0","","","","","","0.974","","","","","1.1","https://www.schomphyundai.com/inventory/new-2025-hyundai-palisade-calligraphy-awd-awd-sport-utility-km8r7dge4su814316/","2024-11-26 00:52:05"
"https://www.hyundaioffortmyers.com/inventory/new-2024-hyundai-palisade-calligraphy-fwd-fwd-sport-utility-km8r74ge5ru761412/","text/html; charset=UTF-8","403","Forbidden","Non-Indexable","Client Error","","0","0","","0","0","","0","0","","0","0","","0","","0","","0","","0","","0","","","","","","","","","","","","","","0","0","0","","","","","0.000","0","2","","0","0","0","0.000","0","0","0","0","0","0","","","","","","0.919","","","","","1.1","https://www.hyundaioffortmyers.com/inventory/new-2024-hyundai-palisade-calligraphy-fwd-fwd-sport-utility-km8r74ge5ru761412/","2024-11-26 00:52:05"
"https://www.tripadvisor.com/Attraction_Review-g298557-d1839659-Reviews-Xi_an_Calligraphy_Museum-Xi_an_Shaanxi.html","text/html;charset=utf-8","403","Forbidden","Non-Indexable","Client Error","","0","0","","0","0","","0","0","","0","0","","0","","0","","0","","0","","0","","","","","","","","","","","","","","725","725","0","","","","","0.000","0","0","","0","0","0","0.000","0","0","0","0","0","0","","","","","","0.514","","","","","1.1","https://www.tripadvisor.com/Attraction_Review-g298557-d1839659-Reviews-Xi_an_Calligraphy_Museum-Xi_an_Shaanxi.html","2024-11-26 00:52:06"
"http://www.whimsydesignstudio.com/blog/calligraphy-vs-hand-lettering/","text/html; charset=UTF-8","200","OK","Indexable","","Calligraphy vs Hand Lettering, Typography & more! - Whimsy Design Studio","72","659","","0","0","","0","0","","0","0","","0","Calligraphy vs Hand Lettering, Typography & more!","49","","0","Handwriting","11","Calligraphy","11","index, follow, max-image-preview:large, max-snippet:-1, max-video-preview:-1","","","","","","http://www.whimsydesignstudio.com/blog/calligraphy-vs-hand-lettering/","","","","","","","75285","15559","773","109","7.092","63.598","Normal","6.731","0","2","","4","1","0","1.250","40","29","0","9","9","0","","","","","f2f02c87d64d07dd0a0a11fe6b17d1ec","1.172","","","","","1.1","http://www.whimsydesignstudio.com/blog/calligraphy-vs-hand-lettering/","2024-11-26 00:52:05"
"https://www.saffordbrownhyundaifairfax.com/inventory/new-2024-hyundai-palisade-calligraphy-night-edition-awd-awd-4d-sport-utility-km8r7dge2ru775946/","text/html; charset=UTF-8","403","Forbidden","Non-Indexable","Client Error","","0","0","","0","0","","0","0","","0","0","","0","","0","","0","","0","","0","","","","","","","","","","","","","","0","0","0","","","","","0.000","0","2","","0","0","0","0.000","0","0","0","0","0","0","","","","","","0.549","","","","","1.1","https://www.saffordbrownhyundaifairfax.com/inventory/new-2024-hyundai-palisade-calligraphy-night-edition-awd-awd-4d-sport-utility-km8r7dge2ru775946/","2024-11-26 00:52:06"
"https://curiousmedium.xyz/blog/what-are-the-rules-of-calligraphy-flourishing/","text/html; charset=UTF-8","301","Moved Permanently","Non-Indexable","Redirected","","0","0","","0","0","","0","0","","0","0","","0","","0","","0","","0","","0","","","","","","","","","","","","","","0","0","0","","","","","0.000","0","2","","0","0","0","0.000","0","0","0","0","0","0","","","","","","12.808","","https://curiousmedium.xyz/what-are-the-rules-of-calligraphy-flourishing/","HTTP Redirect","","1.1","https://curiousmedium.xyz/blog/what-are-the-rules-of-calligraphy-flourishing/","2024-11-26 00:51:54"
"https://www.printmag.com/design-books/margaret-shepherd-learning-american-calligraphy/","text/html; charset=UTF-8","200","OK","Indexable","","Professional Calligrapher Margaret Shepherd Won't Let Calligraphy Die – PRINT Magazine","86","792","","0","0","With over 55 years as a professional calligrapher and 20 how-to book titles to her name, Margaret Shepherd is keen on keeping calligraphy alive and well.","153","943","","0","0","","0","Professional Calligrapher Margaret Shepherd Won’t Let Calligraphy Die","69","","0","Charlotte Beach","15","More like this","14","index, follow, max-image-preview:large, max-snippet:-1, max-video-preview:-1","","","","","","https://www.printmag.com/design-books/margaret-shepherd-learning-american-calligraphy/","","","","","","","110289","29241","1155","152","7.599","65.520","Normal","10.302","0","2","","4","1","0","1.250","80","53","0","17","12","0","","","","","5ee53e6b0c133e57c9edf5f80bfa7498","1.463","","","","","1.1","https://www.printmag.com/design-books/margaret-shepherd-learning-american-calligraphy/","2024-11-26 00:52:06"
"https://www.literarycalligraphy.com/","text/html","200","OK","Indexable","","Literary Calligraphy by Susan Loy ~ Calligraphic Art Paintings with Quotations from Authors, Poets, Playwrights, Bible, Literature","130","1123","","0","0","Literary Calligraphy paintings combine classic quotations from Shakespeare, Thoreau, Biblical sources, etc with illustrations that describe the text... Calligraphic art with quotes from authors, poets, playwrights, playwrites, bible, literature.","245","1459","","0","0","quotations quotes Susan Loy Literary Calligraphy flowers literature poetry prints note cards Bible Biblical art painting wedding gifts mandalas romantic poets Bradstreet Yeats Emily Dickenson Keats herbs Thoreau Emerson Robert Burns Longfellow Shakespeare Arendt Anais Nin","272","","0","","0","","0","","0","all","index,FOLLOW","","","","","","","","","","","","17791","5585","333","55","6.055","59.436","Fairly Hard","11.580","0","0","","3","1","0","1.250","14","7","0","20","10","0","","","","","1590983e97ccfcd8f0750f44292c424e","1.124","Wed, 15 Nov 2023 20:56:55 GMT","","","","1.1","https://www.literarycalligraphy.com/","2024-11-26 00:52:06"
"https://sheabriannephotography.com/diy-fake-calligraphy-for-addressing-invitations/","text/html; charset=UTF-8","200","OK","Indexable","","DIY: Fake Calligraphy for Addressing Invitations - Shea Brianne Photography","75","669","","0","0","","0","0","","0","0","","0","DIY: Fake Calligraphy for Addressing Invitations","48","","0","explore by category","19","Welcome Friends!","16","index, follow, max-image-preview:large, max-snippet:-1, max-video-preview:-1","","","","","","https://sheabriannephotography.com/diy-fake-calligraphy-for-addressing-invitations/","","","","","","","166170","31506","1382","210","6.581","81.581","Easy","5.405","0","1","","3","1","0","1.250","45","14","0","18","9","0","","","","","35921f035a5b82c258a5c5661bbb98d3","1.871","","","","","1.1","https://sheabriannephotography.com/diy-fake-calligraphy-for-addressing-invitations/","2024-11-26 00:52:06"
"https://www.friendsofcalligraphy.org/","text/html; charset=UTF-8","200","OK","Indexable","","Friends of Calligraphy","22","192","","0","0","","0","0","","0","0","calligraphy San Francisco, calligraphy events, calligraphy classes, calligraphy publications, calligraphy exhibits","114","","0","","0","","0","","0","","","","","","","","","","","","","","17902","6098","390","60","6.500","61.841","Normal","16.704","0","0","","0","0","0","0.000","12","8","0","6","5","0","","","","","4192d8a8a81075a56132ff2126ff6de4","1.567","Sun, 10 Nov 2024 15:50:09 GMT","","","","1.1","https://www.friendsofcalligraphy.org/","2024-11-26 00:52:07"
"https://www.friendsofcalligraphy.org/pages/classes.html","text/html; charset=UTF-8","200","OK","Indexable","","Friends of Calligraphy Classes and Workshops","44","409","","0","0","","0","0","","0","0","calligraphy San Francisco, calligraphy events, calligraphy classes, calligraphy publications, calligraphy exhibits","114","classes","7","FRIENDS OF CALLIGRAPHY WORKSHOPS","32","","0","","0","","","","","","120","","","","","","","","64538","16437","2332","426","5.474","80.655","Easy","22.470","0","1","","18","2","0","2.500","28","11","0","8","8","0","","","","","d48680f953260ca49c64b9908f3b1603","1.117","Sat, 23 Nov 2024 06:18:06 GMT","https://www.friendsofcalligraphy.org/pages/classes.html","Meta Refresh Redirect","","1.1","https://www.friendsofcalligraphy.org/pages/classes.html","2024-11-26 00:52:07"
"https://dinacalligraphy.com/blog/calligraphy-hobby-into-full-time-business-journey","text/html;charset=utf-8","200","OK","Indexable","","How I Turned My Calligraphy Hobby into a Full-Time Business: The Full Story — Vancouver Calligrapher Dina Lu","108","975","","0","0","","0","0","","0","0","","0","How I Turned My Calligraphy Hobby into a Full-Time Business: The Full Story","75","","0","Wow, it’s been exactly one year since I quit my job.","52","How I started learning calligraphy","34","","","","","","","https://dinacalligraphy.com/blog/calligraphy-hobby-into-full-time-business-journey","","","","","","","181192","32254","3858","458","8.424","79.455","Fairly Easy","13.500","0","1","","1","1","0","1.250","51","20","0","28","14","0","","","","","e16b076698768a1631fcac7365e31100","1.282","","","","","1.1","https://dinacalligraphy.com/blog/calligraphy-hobby-into-full-time-business-journey","2024-11-26 00:52:08"
"https://github.com/chrisjenx/Calligraphy","text/html; charset=utf-8","200","OK","Indexable","","GitHub - chrisjenx/Calligraphy: Custom fonts in Android the easy way...","71","623","","0","0","Custom fonts in Android the easy way... Contribute to chrisjenx/Calligraphy development by creating an account on GitHub.","121","767","","0","0","","0","Search code, repositories, users, issues, pull requests...","58","Provide feedback","16","Navigation Menu","15","Use saved searches to filter your results more quickly","54","","","","","","","https://github.com/chrisjenx/Calligraphy","","","","","","","410243","66233","1122","380","2.953","47.381","Hard","3.335","0","1","","33","1","0","1.250","181","104","0","7","7","0","","","","","7cf3cd6fa932dcce95a87126888c6ae2","0.869","","","","","1.1","https://github.com/chrisjenx/Calligraphy","2024-11-26 00:52:08"
"https://www.hyundaiofcumming.com/new-Cumming-2025-Hyundai-Santa+Fe-Calligraphy+FWD-5NMP54GL5SH070068","text/html; charset=utf-8","200","OK","Indexable","","2025 Hyundai SANTA FE Calligraphy FWD in Cumming, GA | Cumming Hyundai SANTA FE | Hyundai of Cumming","100","993","","0","0","Research the 2025 Hyundai SANTA FE Calligraphy FWD in Cumming, GA at Hyundai of Cumming. View pictures, specs, and pricing & schedule a test drive today.","153","994","","0","0","","0","","0","","0","2025 Hyundai Santa Fe Calligraphy FWD","37","Visit our Store","15","index,follow,noydir,noodp","","","","","","https://www.hyundaiofcumming.com/new-Cumming-2025-Hyundai-Santa+Fe-Calligraphy+FWD-5NMP54GL5SH070068","","","","","","","1099413","163696","4405","1025","4.298","78.175","Fairly Easy","2.685","0","0","","21","1","0","1.250","338","123","0","18","13","0","","","","","fc1904985672331da5a8c92b3a928796","0.770","","","","","1.1","https://www.hyundaiofcumming.com/new-Cumming-2025-Hyundai-Santa+Fe-Calligraphy+FWD-5NMP54GL5SH070068","2024-11-26 00:52:08"
"https://pmc.ncbi.nlm.nih.gov/articles/PMC3212418/","text/html; charset=utf-8","200","OK","Indexable","","Cognitive effects of calligraphy therapy for older people: a randomized controlled trial in Hong Kong - PMC","107","933","","0","0","This pilot study investigated the effects of calligraphy therapy on cognitive function in older Hong Kong Chinese people with mild cognitive impairment. A single-blind, randomized controlled trial was carried out in a sample of 31 adults aged 65 ...","249","1515","","0","0","","0","Cognitive effects of calligraphy therapy for older people: a randomized controlled trial in Hong Kong","101","","0","PERMALINK","9","Abstract","8","INDEX,NOFOLLOW,NOARCHIVE","","","","","","https://pmc.ncbi.nlm.nih.gov/articles/PMC3212418/","","","","","","","138213","30134","3315","864","3.837","68.014","Normal","20.854","0","2","","35","1","0","1.250","86","41","0","46","44","0","","","","","494b46493afe538ce89dca93f71b3654","0.424","","","","","1.1","https://pmc.ncbi.nlm.nih.gov/articles/PMC3212418/","2024-11-26 00:52:09"
"https://www.detroithyundai.com/new-Dearborn-2024-Hyundai-Santa+Fe+Hybrid-Calligraphy-5NMP5DG18RH014733","text/html; charset=utf-8","200","OK","Indexable","","2024 Hyundai SANTA FE HYBRID Calligraphy Dearborn MI | LaFontaine Hyundai Dearborn 5NMP5DG18RH014733","100","1003","","0","0","Research the 2024 Hyundai SANTA FE HYBRID Calligraphy in Dearborn, MI at LaFontaine Hyundai Dearborn. View pictures, specs, and pricing on our huge selection of vehicles. 5NMP5DG18RH014733","188","1239","","0","0","","0","","0","","0","2024 Hyundai Santa Fe Hybrid Calligraphy","40","Visit our Store","15","index,follow,noydir,noodp","","","","","","https://www.detroithyundai.com/new-Dearborn-2024-Hyundai-Santa+Fe+Hybrid-Calligraphy-5NMP5DG18RH014733","","","","","","","1069593","159368","3373","882","3.824","83.490","Easy","2.062","0","0","","16","1","0","1.250","282","103","0","10","7","0","","","","","89ea4969676f13585d1943944c91fa0a","0.982","","","","","1.1","https://www.detroithyundai.com/new-Dearborn-2024-Hyundai-Santa+Fe+Hybrid-Calligraphy-5NMP5DG18RH014733","2024-11-26 00:52:09"
"https://www.ljcalligraphy.com/","text/html;charset=utf-8","200","OK","Indexable","","Lauren Jacks Calligraphy","24","222","","0","0","Dallas calligrapher specializing in wedding calligraphy, envelope 
calligraphy and other classic calligraphy designs.","118","702","","0","0","","0","Lauren Jacks Calligraphy","24","Lauren Jacks Calligraphy","24","Current Work on Instagram","25","","0","","","","","","","https://www.ljcalligraphy.com/","","","","","","","62373","13842","40","11","3.636","61.439","Normal","1.267","0","0","","4","1","0","1.250","16","7","0","14","12","0","","","","","af0c1247dd0810525e5769ae2d51427a","1.190","","","","","1.1","https://www.ljcalligraphy.com/","2024-11-26 00:52:09"
"http://www.lettersbyellen.com/","text/html;charset=utf-8","200","OK","Indexable","","letters by ellen calligraphy","28","229","","0","0","Seattle calligraphy for weddings parties and more.","50","310","","0","0","","0","letters by ellen calligraphy","28","letters by ellen calligraphy","28","Sidebar","7","Archives","8","","","","","","","http://www.lettersbyellen.com/","","","","","","","40324","10216","261","34","7.676","67.119","Normal","4.563","0","0","","3","1","0","1.250","20","10","0","2","2","0","","","","","a736c3303c44361d83ad1add6336f627","0.867","","","","","1.1","http://www.lettersbyellen.com/","2024-11-26 00:52:10"
"https://www.amazon.com/Modern-Calligraphy-Everything-Started-Script/dp/1250016320","text/html;charset=UTF-8","200","OK","Indexable","","Modern Calligraphy: Everything You Need to Know to Get Started in Script Calligraphy: Suber Thorpe, Molly: 9781250016324: Amazon.com: Books","139","1286","","0","0","Modern Calligraphy: Everything You Need to Know to Get Started in Script Calligraphy [Suber Thorpe, Molly] on Amazon.com. *FREE* shipping on qualifying offers. Modern Calligraphy: Everything You Need to Know to Get Started in Script Calligraphy","244","1533","","0","0","","0","Follow the author","17","Modern Calligraphy: Everything You Need to Know to Get Started in Script Calligraphy Paperback – September 24, 2013","115","Frequently bought together","26","Customers who viewed this item also viewed","42","","","","","","","","","","","","","","1326976","266183","10364","1921","5.395","75.716","Fairly Easy","4.836","0","2","","217","1","0","1.250","444","190","0","25","25","0","","","","","df7c91c178ceb945937cc29697528a77","0.537","","","","","1.1","https://www.amazon.com/Modern-Calligraphy-Everything-Started-Script/dp/1250016320","2024-11-26 00:52:08"
"https://www.royaltalens.com/collections/sakura-calligraphy-pens","text/html; charset=utf-8","200","OK","Indexable","","Sakura calligraphy pens | Official website | Royal Talens","57","487","","0","0","Discover Sakura Calligraphy Pens: handy, all-in-one writing instruments that help you create clear edges and sharp hairlines.","125","765","","0","0","Sakura calligraphy pens, Royal Talens, www.royaltalens.com","58","Sakura calligraphy pens","23","","0","Sakura calligraphy pens are handy, all-in-one, writing instruments that help you create clear edges and sharp hairlines. These pens offer consistent ink flow and durable tips in different shapes for varying line thicknesses. Perfect for calligraphy and handlettering.","267","","0","","","","","","","https://www.royaltalens.com/collections/sakura-calligraphy-pens","","","","","","","249461","55179","118","25","4.720","42.881","Hard","0.609","0","1","","3","1","0","1.250","47","30","0","4","4","0","","","","","d9b0821856fa11586273ae9b20a835be","2.142","","","","","1.1","https://www.royaltalens.com/collections/sakura-calligraphy-pens","2024-11-26 00:52:10"
"https://www.woodthatworks.com/kinetic-sculptures/calligraphy-prequel","text/html;charset=utf-8","200","OK","Indexable","","Calligraphy Prequel  — David C. Roy","35","307","","0","0","","0","0","","0","0","","0","David C. Roy","12","Calligraphy Prequel","19","","0","","0","","","","","","","https://www.woodthatworks.com/kinetic-sculptures/calligraphy-prequel","","","","","","","73817","14223","817","144","5.674","100.000","Very Easy","6.842","0","1","","6","1","0","1.250","102","76","0","2","2","0","","","","","52fa493d7313e0ed4b670a4c31abd40","1.373","","","","","1.1","https://www.woodthatworks.com/kinetic-sculptures/calligraphy-prequel","2024-11-26 00:52:11"
"https://www.logoscalligraphy.com/","text/html; charset=utf-8","200","OK","Indexable","","Logos Calligraphy & Design","26","241","","0","0","Learn calligraphy through my online courses, downloadable worksheets, and more!","79","512","","0","0","","0","Interested in learning calligraphy?","35","","0","Online Courses","14","Shop","4","","","","","","","https://www.logoscalligraphy.com/","","","","","","","91074","13488","714","108","6.611","69.433","Normal","4.900","0","0","","1","1","0","1.250","32","18","0","9","7","0","","","","","7225a4a916a2a555d00de950022fcf5c","1.557","","","","","1.1","https://www.logoscalligraphy.com/","2024-11-26 00:52:11"
"https://ensigninsights.com/faux-calligraphy-basics-tutorial-for-beginners/","text/html; charset=UTF-8","200","OK","Indexable","","Faux Calligraphy Basics Tutorial for Beginners - Ensign Insights","64","556","","0","0","Are you learning calligraphy, a hand lettering beginner, but don't know where to start? This faux calligraphy or fauxligraphy basics tutorial is for you!","153","909","","0","0","","0","Faux Calligraphy Basics Tutorial for Beginners","46","","0","Faux Calligraphy Basics Tutorial","32","Post navigation","15","index, follow, max-image-preview:large, max-snippet:-1, max-video-preview:-1","","","","","","https://ensigninsights.com/faux-calligraphy-basics-tutorial-for-beginners/","","","","","","","190529","43409","1506","236","6.381","85.423","Easy","5.837","0","1","","13","1","0","1.250","60","22","0","21","14","0","","","","","296a20fce8fe8c8a8c0977d368eb0a03","1.786","","","","","1.1","https://ensigninsights.com/faux-calligraphy-basics-tutorial-for-beginners/","2024-11-26 00:52:11"
"https://www.starhyundai.com/inventory/new-2024-hyundai-palisade-calligraphy-awd-awd-sport-utility-km8r7dge4ru701301/","text/html; charset=UTF-8","403","Forbidden","Non-Indexable","Client Error","","0","0","","0","0","","0","0","","0","0","","0","","0","","0","","0","","0","","","","","","","","","","","","","","0","0","0","","","","","0.000","0","2","","0","0","0","0.000","0","0","0","0","0","0","","","","","","0.549","","","","","1.1","https://www.starhyundai.com/inventory/new-2024-hyundai-palisade-calligraphy-awd-awd-sport-utility-km8r7dge4ru701301/","2024-11-26 00:52:12"
"https://tomsstudio.com/collections/calligraphy-pens","text/html; charset=utf-8","200","OK","Indexable","","Calligraphy Pens - Tom's Studio","31","279","","0","0","Tom's calligraphy pens are loved by calligraphers across the world. A well balanced, hand crafted calligraphy pen to last a lifetime.","133","803","","0","0","","0","Calligraphy Pens","16","","0","Sort","4","Currency","8","","","","","","","https://tomsstudio.com/collections/calligraphy-pens","","","","","","","1439034","128401","1544","393","3.929","100.000","Very Easy","1.862","0","1","","248","1","0","1.250","511","125","0","5","4","0","","","","","bf59953a8f8181ef4f2732137bb4ddee","1.565","","","","","1.1","https://tomsstudio.com/collections/calligraphy-pens","2024-11-26 00:52:11"
"https://www.docmartins.com/collections/iridescent-calligraphy-color-bottles","text/html; charset=utf-8","200","OK","Indexable","","Iridescent Calligraphy Color – Dr. Ph. Martin's® | Mfg. Salis Int'l, Inc.","73","595","","0","0","Shimmering luminance beyond brilliant. 24 colors.","49","311","","0","0","","0","Iridescent Calligraphy Color","28","","0","","0","","0","","","","","","","https://www.docmartins.com/collections/iridescent-calligraphy-color-bottles","","","","","","","108466","20304","560","186","3.011","83.526","Easy","4.256","0","1","","12","1","0","1.250","160","83","0","7","7","0","","","","","36b1b2d13e6580a0d23ab7666548df9f","0.666","","","","","1.1","https://www.docmartins.com/collections/iridescent-calligraphy-color-bottles","2024-11-26 00:52:13"
"https://answers.microsoft.com/en-us/msoffice/forum/all/calligraphy-pen-style-for-microsoft-pen/69ed9511-d5b2-4b37-a131-828f5b5e47ab","text/html; charset=utf-8","302","Found","Non-Indexable","Redirected","","0","0","","0","0","","0","0","","0","0","","0","","0","","0","","0","","0","","","","","","","","","","","","","","0","0","0","","","","","0.000","0","5","","0","0","0","0.000","0","0","0","0","0","0","","","","","","0.997","","https://answers.microsoft.com/en-us/site/silentsignin?returnUrl=https%3A%2F%2Fanswers.microsoft.com%2Fen-us%2Fmsoffice%2Fforum%2Fall%2Fcalligraphy-pen-style-for-microsoft-pen%2F69ed9511-d5b2-4b37-a131-828f5b5e47ab","HTTP Redirect","","1.1","https://answers.microsoft.com/en-us/msoffice/forum/all/calligraphy-pen-style-for-microsoft-pen/69ed9511-d5b2-4b37-a131-828f5b5e47ab","2024-11-26 00:52:13"
"https://www.phhyundai.com/inventory/new-2024-hyundai-santa-fe-calligraphy-awd-awd-sport-utility-5nmp5dgl2rh044084/","text/html; charset=UTF-8","403","Forbidden","Non-Indexable","Client Error","","0","0","","0","0","","0","0","","0","0","","0","","0","","0","","0","","0","","","","","","","","","","","","","","0","0","0","","","","","0.000","0","2","","0","0","0","0.000","0","0","0","0","0","0","","","","","","0.536","","","","","1.1","https://www.phhyundai.com/inventory/new-2024-hyundai-santa-fe-calligraphy-awd-awd-sport-utility-5nmp5dgl2rh044084/","2024-11-26 00:52:14"
"https://www.writtenchinese.com/learning-chinese-calligraphy-aka-chinese-shufa/","text/html; charset=UTF-8","200","OK","Indexable","","Learning Chinese Calligraphy (AKA Chinese Shufa)","48","448","Learning Chinese Calligraphy (AKA Chinese Shufa)","48","448","If you're studying Chinese characters, then starting to learn Chinese calligraphy, or Shufa is a great way to improve your understanding of stroke rules and the make up","168","1029","","0","0","","0","Most Popular Posts & Pages","26","","0","Learning Chinese Calligraphy (AKA Chinese Shufa)","48","Holding the Brush and Paper","27","index, follow, max-image-preview:large, max-snippet:-1, max-video-preview:-1","","","","","","https://www.writtenchinese.com/learning-chinese-calligraphy-aka-chinese-shufa/","","","","","","","112325","26558","1303","185","7.043","92.751","Very Easy","6.695","0","1","","20","1","0","1.250","82","47","0","11","11","0","","","","","14e728dc3c1789c371c7a1cdb7218d55","1.155","","","","","1.1","https://www.writtenchinese.com/learning-chinese-calligraphy-aka-chinese-shufa/","2024-11-26 00:52:13"
"https://www.rohrer-klingner.de/en/calligraphy-ink/","text/html; charset=UTF-8","200","OK","Indexable","","Calligraphy Ink – Rohrer & Klingner","35","307","","0","0","","0","0","","0","0","","0","Available in the following sizes:","33","12, 50, 250 und 1000 ml (1000 ml only black 29770) 801, 802: 50 ml","66","Calligraphy Ink, range 29700","28","Retailers","9","max-image-preview:large","","","","","","https://www.rohrer-klingner.de/en/calligraphy-ink/","","","","","","","69914","12236","310","88","3.523","77.451","Fairly Easy","2.752","0","2","","4","1","0","1.250","77","41","0","2","1","0","","","","","1d0992dc48b9e88f290595af4f34b4e8","1.716","","","","","1.1","https://www.rohrer-klingner.de/en/calligraphy-ink/","2024-11-26 00:52:13"
"https://vawaa.com/artists/chikako-japanese-calligraphy-japan","text/html; charset=utf-8","200","OK","Indexable","","Learn Japanese Calligraphy with Chikako in Japan | VAWAA","56","529","","0","0","Spend your vacation in Japan and learn Japanese Calligraphy from Chikako. Chikako sensei, known by her artist name Kasho, was born into a family of calligraphers. She started training early and developed her own style that is delicate, bold and playful. She spent a year in Michigan teaching calligraphy and currently teaches calligraphy to students in various studios across Kyoto. Every year, she contributes her work to more than 10 calligraphy exhibitions across the country and serves as a judge for various calligraphy competitions in Japan. Her home studio is located in western part of Kyoto, close to mountains and thick Arashiyama Bamboo Groves. A bit shy, her dimpled warm smile can open a lot of hearts.","715","4421","","0","0","","0","Japanese Calligraphy with Chikako","33","","0","Save for Later. We'll notify you about Chikako's future availabilities.","71","","0","","","","","","","","","","","","","","457804","93728","1502","251","5.984","70.594","Fairly Easy","2.069","0","1","","1","1","0","1.250","38","34","0","7","5","0","","","","","bfb6be4a5d1e4c7f4092f06f2cbe017e","2.249","","","","","1.1","https://vawaa.com/artists/chikako-japanese-calligraphy-japan","2024-11-26 00:52:12"
"https://www.hvlgroup.com/Product/213-41-SL/SS/","text/html; charset=utf-8","200","OK","Indexable","","Calligraphy by Corbett Lighting","31","272","","0","0","The official webpage of Hudson Valley Lighting, Troy Lighting, Corbett Lighting, and Mitzi. Beautiful decorative lighting fixtures such as chandeliers, pendants, wall sconces, flush mounts, semi flush mounts, bath and vanity lights, picture lights, and lamps that elevate any space.","282","1711","","0","0","lighting, home lighting, chandelier, bath and vanity, pendant, flush mount, island light, picture light, wall sconce, sconce, lamp, table lamp, floor lamp","154","","0","","0","Calligraphy","11","","0","","","","","","","","","","","","","","142726","27482","893","289","3.090","77.983","Fairly Easy","4.205","0","3","","11","1","0","1.250","214","109","0","2","2","0","","","","","36dc83e9e20f7644c57a138cbc4e117","2.854","","","","","1.1","https://www.hvlgroup.com/Product/213-41-SL/SS/","2024-11-26 00:52:12"
"http://www.calligraphybyct.com/","text/html;charset=utf-8","200","OK","Indexable","","Chicago Calligrapher | Custom Mirror Seating Charts & Hand Lettering - Calligraphy by CT","88","784","","0","0","Calligraphy by CT is a Chicago calligrapher specializing in mirror seating 
charts, wedding calligraphy, and hand lettering services. Elevate your 
event today!","162","953","","0","0","","0","Background","10","","0","","0","","0","","","","","","","http://www.calligraphybyct.com/","","","","","","","73133","16760","205","33","6.212","65.582","Normal","2.634","0","0","","10","1","0","1.250","43","19","0","5","5","0","","","","","eda018ad57e517c54f9c0ae799bbd21d","0.743","","","","","1.1","http://www.calligraphybyct.com/","2024-11-26 00:52:15"
"https://www.metmuseum.org/toah/hd/cali/hd_cali.htm","text/html","200","OK","Indexable","","Calligraphy in Islamic Art | Essay | The Metropolitan Museum of Art | Heilbrunn Timeline of Art History","103","889","","0","0","Objects from different periods and regions vary in the use of calligraphy in their overall design, demonstrating the creative possibilities of calligraphy as ornament.","167","1000","","0","0","","0","Calligraphy in Islamic Art","26","","0","","0","","0","","","","","","","","","","","","","","110938","25127","1051","253","4.154","71.010","Fairly Easy","7.400","0","3","","12","1","0","1.250","205","157","0","6","6","0","","","","","9217b2b16963375101a8f508c661f9f9","1.006","Sat, 02 Nov 2024 11:52:15 GMT","","","","1.1","https://www.metmuseum.org/toah/hd/cali/hd_cali.htm","2024-11-26 00:52:15"
"https://www.reedhyundaikc.com/inventory/new-2025-hyundai-santa-fe-hybrid-calligraphy-awd-4d-sport-utility-5nmp5dg12sh021375/","text/html; charset=UTF-8","403","Forbidden","Non-Indexable","Client Error","","0","0","","0","0","","0","0","","0","0","","0","","0","","0","","0","","0","","","","","","","","","","","","","","0","0","0","","","","","0.000","0","2","","0","0","0","0.000","0","0","0","0","0","0","","","","","","0.972","","","","","1.1","https://www.reedhyundaikc.com/inventory/new-2025-hyundai-santa-fe-hybrid-calligraphy-awd-4d-sport-utility-5nmp5dg12sh021375/","2024-11-26 00:52:15"
"https://www.1001fonts.com/calligraphy-fonts.html","text/html; charset=UTF-8","200","OK","Indexable","","6716 Free Calligraphy Fonts · 1001 Fonts","40","363","","0","0","Calligraphy is an ancient writing technique using flat edged pens to create artistic lettering using thick and thin lines depending on the direction of the stroke. The height of calligraphy was reached in the middle age, where monks developed the narrow writing style called gothic, allowing more words to fit on a single line, as paper was expensive at the time.","363","2200","","0","0","","0","Calligraphy Fonts","17","","0","","0","","0","index, follow","","","","","","https://www.1001fonts.com/calligraphy-fonts.html","","","","","","","77274","14971","415","75","5.533","100.000","Very Easy","3.759","0","0","","4","1","0","1.250","261","238","0","6","6","0","","","","","e70d2ee46d4f33d8b6b3b4de45ab427b","1.203","","","","","1.1","https://www.1001fonts.com/calligraphy-fonts.html","2024-11-26 00:52:15"
"http://courses.thehappyevercrafter.com/smyd","text/html; charset=UTF-8","200","OK","Indexable","","ShowMeYourDrills | Free Course to Learn Modern Calligraphy","58","539","","0","0","","0","0","","0","0","","0","","0","","0","LImoncello","10","Learn Modern Calligraphy","24","","","","","","","http://courses.thehappyevercrafter.com/smyd","","","","","","","107131","17446","566","97","5.835","86.717","Easy","3.134","0","0","","15","1","0","1.250","23","6","0","0","0","0","","","","","65a1a2d24cefe92240143411855ebbbe","0.713","Thu, 19 Sep 2024 16:13:51 GMT","","","","1.1","http://courses.thehappyevercrafter.com/smyd","2024-11-26 00:52:16"
"https://www.stevenscreekhyundai.com/inventory/new-2024-hyundai-santa-fe-calligraphy-awd-awd-sport-utility-5nmp5dgl1rh038972/","text/html; charset=UTF-8","403","Forbidden","Non-Indexable","Client Error","","0","0","","0","0","","0","0","","0","0","","0","","0","","0","","0","","0","","","","","","","","","","","","","","0","0","0","","","","","0.000","0","2","","0","0","0","0.000","0","0","0","0","0","0","","","","","","1.006","","","","","1.1","https://www.stevenscreekhyundai.com/inventory/new-2024-hyundai-santa-fe-calligraphy-awd-awd-sport-utility-5nmp5dgl1rh038972/","2024-11-26 00:52:16"
"https://eccsupply.com/","text/html; charset=utf-8","200","OK","Indexable","","East Coast Calligraphy","22","199","","0","0","Arts Supplies & More","20","130","","0","0","","0","East Coast Calligraphy East Coast Calligraphy","45","","0","Calligraphy Classes","19","Calligraphy Supplies, Custom Invitations & More","47","","","","","","","https://eccsupply.com/","","","","","","","307650","47804","1355","378","3.585","84.444","Easy","4.539","0","0","","6","1","0","1.250","166","95","0","10","6","0","","","","","c4aebec4111d0d1d7a5616416db569c6","0.866","","","","","1.1","https://eccsupply.com/","2024-11-26 00:52:17"
"https://www.stromanstudios.com/about-me","text/html;charset=utf-8","200","OK","Indexable","","About Stefanie Stroman, Owner — Stroman Studios Calligraphy","59","555","","0","0","","0","0","","0","0","","0","meet stefanie","13","","0","","0","","0","","","","","","","https://www.stromanstudios.com/about-me","","","","","","","78548","16786","406","62","6.548","74.747","Fairly Easy","4.243","0","0","","2","1","0","1.250","56","29","0","2","1","0","","","","","dc2ae83dadf6ee8c42d97396c6df6118","1.322","","","","","1.1","https://www.stromanstudios.com/about-me","2024-11-26 00:52:16"
"https://discussions.apple.com/thread/255507685","text/html;charset=utf-8","200","OK","Indexable","","Calligraphy pen and watercolor brush are … - Apple Community","60","553","","0","0","","0","0","","0","0","","0","Calligraphy pen and watercolor brush are missing on my Freeform app","67","","0","Similar questions","17","Apple Footer","12","","","","","","","https://discussions.apple.com/thread/255507685","","","","","","","138177","40442","485","93","5.215","90.951","Very Easy","3.535","0","1","","3","1","0","1.250","59","45","0","0","0","0","","","","","e459f5ad07e140e57ee900dd3f463b8b","2.664","Mon, 25 Nov 2024 19:52:18 GMT","","","","1.1","https://discussions.apple.com/thread/255507685","2024-11-26 00:52:16"
"https://www.calligraphybyjennifer.net/","text/html; charset=UTF-8","200","OK","Indexable","","Wedding Calligraphy | Calligraphy by Jennifer | Nationwide Calligraphy","70","616","Wedding Calligraphy | Calligraphy by Jennifer | Nationwide Calligraphy","70","616","Wedding calligraphy services specializing in modern, traditional, and exquisite hand lettering. We ship nationwide and offer free quotes.","137","837","","0","0","","0","Gorgeous Handwritten Wedding Calligraphy and Other Special Occasions","68","","0","We look forward to working with you!","36","","0","index, follow, max-image-preview:large, max-snippet:-1, max-video-preview:-1","","","","","","https://www.calligraphybyjennifer.net/","","","","","","","118410","31324","287","56","5.125","59.847","Fairly Hard","1.981","0","0","","6","1","0","1.250","47","26","0","11","8","0","","","","","f4d179bb000182781e9c3e79fec93bc2","1.847","","","","","1.1","https://www.calligraphybyjennifer.net/","2024-11-26 00:52:17"
"https://www.maxiecalligraphy.com/","text/html;charset=utf-8","200","OK","Indexable","","Pointed Pen Calligraphy | Maxie Calligraphy","43","382","","0","0","A resource for people who want to study pointed pen calligraphy. Free 
calligraphy worksheets are available for download. Vancouver calligraphy 
classes available for booking.","177","1077","","0","0","","0","","0","","0","learn calligraphy with me","25","ABOUT ME","8","","","","","","","https://www.maxiecalligraphy.com/","","","","","","","110958","19885","395","52","7.596","81.542","Easy","2.220","0","0","","3","1","0","1.250","16","6","0","3","2","0","","","","","79f3a15a04f136c1dacca2221766b22a","0.844","","","","","1.1","https://www.maxiecalligraphy.com/","2024-11-26 00:52:18"
"https://www.feldmanhyundai.com/new-New+Hudson-2024-Hyundai-Palisade-Calligraphy+AWD-KM8R7DGE5RU724487","","404","Not Found","Non-Indexable","Client Error","","0","0","","0","0","","0","0","","0","0","","0","","0","","0","","0","","0","","","","","","","","","","","","","","372928","372928","0","","","","","0.000","0","0","","0","0","0","0.000","0","0","0","0","0","0","","","","","","4.359","","","","","1.1","https://www.feldmanhyundai.com/new-New+Hudson-2024-Hyundai-Palisade-Calligraphy+AWD-KM8R7DGE5RU724487","2024-11-26 00:52:15"
"https://www.annerobin.com/","text/html; charset=UTF-8","200","OK","Indexable","","Home - Anne Robin, Los Angeles Calligrapher","43","399","","0","0","Anne Robin Calligraphy + Design is a lettering and design studio based in Los Angeles, focusing on a luxurious, clean, and modern edge with an ethereal feel.","157","970","","0","0","","0","","0","","0","","0","","0","index, follow, max-image-preview:large, max-snippet:-1, max-video-preview:-1","","","","","","https://www.annerobin.com/","","","","","","","72695","16730","13","7","1.857","100.000","Very Easy","0.237","0","0","","6","1","0","1.250","15","9","0","4","4","0","","","","","2fd692ddb1d905e49bedfd68c7044cb2","0.967","","","","","1.1","https://www.annerobin.com/","2024-11-26 00:52:18"
"https://www.reddit.com/r/Calligraphy/","text/html; charset=utf-8","302","Found","Non-Indexable","Redirected","","0","0","","0","0","","0","0","","0","0","","0","","0","","0","","0","","0","","","","","","","","","","","","","","405","405","0","","","","","0.000","0","2","","0","0","0","0.000","0","0","0","0","0","0","","","","","","0.442","","https://www.reddit.com/r/Calligraphy/?rdt=53549","HTTP Redirect","","1.1","https://www.reddit.com/r/Calligraphy/","2024-11-26 00:52:19"
"https://www.johnamatohyundai.com/inventory/new-2025-hyundai-santa-fe-calligraphy-awd-awd-4d-sport-utility-5nmp5dgl7sh096624/","text/html; charset=UTF-8","403","Forbidden","Non-Indexable","Client Error","","0","0","","0","0","","0","0","","0","0","","0","","0","","0","","0","","0","","","","","","","","","","","","","","0","0","0","","","","","0.000","0","2","","0","0","0","0.000","0","0","0","0","0","0","","","","","","0.422","","","","","1.1","https://www.johnamatohyundai.com/inventory/new-2025-hyundai-santa-fe-calligraphy-awd-awd-4d-sport-utility-5nmp5dgl7sh096624/","2024-11-26 00:52:19"
"https://calligraphy.wine/","text/html; charset=utf-8","200","OK","Indexable","","Calligraphy Wines","17","158","","0","0","An exclusive Pinot Noir from the Russian River Valley AVA in the esteemed Sonoma County","87","563","","0","0","","0","Calligraphy Wine","16","","0","Customer Service","16","Shop the look","13","","","","","","","https://calligraphy.wine/","https://calligraphy.wine/","","","","","","369930","70556","810","253","3.202","73.448","Fairly Easy","1.837","0","0","","5","1","0","1.250","43","18","0","13","7","0","","","","","41917d1409faa72d766beff93538fe0","1.041","","","","","1.1","https://calligraphy.wine/","2024-11-26 00:52:19"
"https://ce.harpercollege.edu/public/category/programStream.do?method=load&selectedProgramAreaId=27039&selectedProgramStreamId=10732661","text/html;charset=UTF-8","200","200","Indexable","","Calligraphy | Harper College Community Education","48","445","","0","0","","0","0","","0","0","","0","Calligraphy","11","","0","Courses","7","Make every day count. Discover your passions. Advance your career. Play and learn.","82","index,follow","","","","","","","","","","","","","55315","12519","1002","169","5.929","70.033","Fairly Easy","11.822","0","2","","9","1","0","1.250","49","34","0","12","12","0","","","","","acfa812e9b16d0f49173889156b1a09e","1.397","","","","","1.1","https://ce.harpercollege.edu/public/category/programStream.do?method=load&selectedProgramAreaId=27039&selectedProgramStreamId=10732661","2024-11-26 00:52:19"
"https://mollysuberthorpe.com/","text/html;charset=utf-8","200","OK","Indexable","","Learn Calligraphy with Molly: Classes, Books, and Tools","55","487","","0","0","Molly is a lettering artist and calligraphy teacher. Her resources for 
calligraphers include books, Procreate brushes, online classes, and free 
downloads.","158","932","","0","0","","0","Hi, I’m Molly.","14","","0","Books Learn more ➺","18","Procreate Brushes View all ➺","28","","","","","","","https://mollysuberthorpe.com/","","","","","","","251733","38270","453","72","6.292","54.967","Fairly Hard","1.963","0","0","","14","1","0","1.250","119","67","0","43","34","0","","","","","da28f6c4eddc1d5c3d92d2f80760bddd","1.333","","","","","1.1","https://mollysuberthorpe.com/","2024-11-26 00:52:19"
"https://www.senimancalligraphy.com/","text/html;charset=utf-8","200","OK","Indexable","","Seniman Calligraphy - Los Angeles Calligrapher","46","416","","0","0","Los Angeles based modern calligrapher. Contact me for custom invitation 
design, calligraphy addressing, branding, artwork and all your calligraphy 
needs!","157","953","","0","0","","0","I'm Ruth and welcome to Seniman Calligraphy. I'm a modern calligrapher based in Pasadena who also happens to do illustration and watercolor painting.","149","","0","Semi Custom Collection","22","Workshops and Events","20","","","","","","","https://www.senimancalligraphy.com/","","","","","","","91811","18886","124","33","3.758","67.252","Normal","1.461","0","0","","8","1","0","1.250","49","20","0","5","5","0","","","","","a2dca968056602e94e9a91010847bdc4","1.330","","","","","1.1","https://www.senimancalligraphy.com/","2024-11-26 00:52:20"
"https://www.instagram.com/calligkatrina/","text/html; charset=""utf-8""","200","OK","Indexable","","Calligraphy Katrina (@calligkatrina) • Instagram photos and videos","66","583","","0","0","242K Followers, 995 Following, 1,744 Posts - Calligraphy Katrina (@calligkatrina) on Instagram: ""Live Corporate/Brand Events & Activations • Hollywood’s Celebrity Calligrapher & Engraver • LVMH, Dior, Chanel, Hermes, Gucci +• Queen of Mirrors""","243","1507","","0","0","","0","","0","","0","","0","","0","noarchive, noimageindex","","","","","","https://www.instagram.com/calligkatrina/","","","","","","","558344","117937","0","","","","","0.000","0","1","","2","1","0","1.250","0","0","0","0","0","0","","","","","42cd20a59143cb39534058f13cbe28f3","1.924","","","","","1.1","https://www.instagram.com/calligkatrina/","2024-11-26 00:52:20"
"https://writtenwordcalligraphy.com/collections/featured-collections","text/html; charset=utf-8","200","OK","Indexable","","Featured Collections
– Written Word Calligraphy and Design","58","530","","0","0","","0","0","","0","0","","0","Shop","4","Collection: Featured Collections","32","Just added to your cart","23","","0","","","","","","","https://writtenwordcalligraphy.com/collections/featured-collections","","https://writtenwordcalligraphy.com/collections/featured-collections?page=2","","","","","392639","56168","1083","489","2.215","92.178","Very Easy","2.458","0","1","","3","1","0","1.250","61","54","0","8","8","0","","","","","e424a8c250df709341e6e01cc5431ef","0.927","","","","","1.1","https://writtenwordcalligraphy.com/collections/featured-collections","2024-11-26 00:52:21"
"https://www.crookedcalligraphy.com/blog/copyright","text/html;charset=utf-8","200","OK","Indexable","","Calligraphy and Copyright Laws (explained by a lawyer!) — Crooked Calligraphy","77","693","","0","0","I use my lawyer brain to explain complicated intellectual property laws, so 
you can feel more at-ease in your calligraphy business","132","791","","0","0","","0","Crooked Calligraphy","19","Calligraphy and Copyright Laws (explained by a lawyer!)","55","1. Copyright Laws","17","2. Trademark Laws","17","","","","","","","https://www.crookedcalligraphy.com/blog/copyright","","","","","","","124187","30457","1461","228","6.408","77.224","Fairly Easy","7.937","0","1","","8","1","0","1.250","29","14","0","9","5","0","","","","","1b261aeddc08450c4aa7c66dbb929fdb","1.326","","","","","1.1","https://www.crookedcalligraphy.com/blog/copyright","2024-11-26 00:52:21"
"https://www.reed.edu/calligraphy/","text/html","200","OK","Indexable","","The Heritage of Calligraphy - Reed College","42","371","","0","0","","0","0","","0","0","","0","The Calligraphy Heritage at Reed","32","","0","","0","","0","","","","","","","","","","","","","","20117","4340","194","27","7.185","59.123","Fairly Hard","15.592","0","1","","3","1","0","1.250","56","47","0","4","4","0","","","","","db5ef0b838432abf0debc3287c801297","1.232","","","","","1.1","https://www.reed.edu/calligraphy/","2024-11-26 00:52:22"
"https://www.stephgcallig.com/","text/html;charset=utf-8","200","OK","Indexable","","Stephanie Gould Calligraphy and Design","38","353","","0","0","","0","0","","0","0","","0","","0","","0","so it’s not just paper","22","Stationery","10","","","","","","","https://www.stephgcallig.com/","","","","","","","195730","27019","421","75","5.613","76.146","Fairly Easy","1.738","0","0","","11","1","0","1.250","78","26","0","6","6","0","","","","","dc7350ef6e39db6b9d08f9d5caa87246","1.009","","","","","1.1","https://www.stephgcallig.com/","2024-11-26 00:52:22"
"https://www.jerryvhonoluluhyundai.com/new-Honolulu-2024-Hyundai-Palisade-Calligraphy+Night+Edition-KM8R7DGE4RU780713","text/html; charset=utf-8","200","OK","Indexable","","2024 Hyundai PALISADE Calligraphy Night Edition Honolulu HI | Jerry V Honolulu Hyundai KM8R7DGE4RU780713","104","999","","0","0","Research the 2024 Hyundai PALISADE Calligraphy Night Edition in Honolulu, HI at Jerry V Honolulu Hyundai. View pictures, specs, and pricing on our huge selection of vehicles. KM8R7DGE4RU780713","192","1238","","0","0","","0","","0","","0","2024 Hyundai Palisade Calligraphy Night Edition","47","Visit our Store","15","index,follow,noydir,noodp","","","","","","https://www.jerryvhonoluluhyundai.com/new-Honolulu-2024-Hyundai-Palisade-Calligraphy+Night+Edition-KM8R7DGE4RU780713","","","","","","","1016539","154938","3633","891","4.077","82.072","Easy","2.347","0","0","","21","1","0","1.250","301","113","0","12","9","0","","","","","2c61f3c89a20127306b0d23c1c98d567","1.592","","","","","1.1","https://www.jerryvhonoluluhyundai.com/new-Honolulu-2024-Hyundai-Palisade-Calligraphy+Night+Edition-KM8R7DGE4RU780713","2024-11-26 00:52:21"
"https://www.hollerhyundai.com/new-Winter+Park-2025-Hyundai-Santa+Fe-Calligraphy-5NMP5DGL6SH077143","text/html; charset=utf-8","200","OK","Indexable","","2025 Hyundai SANTA FE Calligraphy in Winter Park, FL | Orlando Hyundai SANTA FE | Holler Hyundai","96","883","","0","0","Research the 2025 Hyundai SANTA FE Calligraphy in Winter Park, FL at Holler Hyundai. View pictures, specs, and pricing & schedule a test drive today.","149","929","","0","0","","0","","0","","0","2025 Hyundai Santa Fe Calligraphy","33","Visit our Store","15","index,follow,noydir,noodp","","","","","","https://www.hollerhyundai.com/new-Winter+Park-2025-Hyundai-Santa+Fe-Calligraphy-5NMP5DGL6SH077143","","","","","","","1069479","166130","4234","1071","3.953","80.578","Easy","2.618","0","0","","27","1","0","1.250","303","112","0","13","10","0","","","","","8bf3b7d49aad09b72a3450086277e8dd","15.897","","","","","1.1","https://www.hollerhyundai.com/new-Winter+Park-2025-Hyundai-Santa+Fe-Calligraphy-5NMP5DGL6SH077143","2024-11-26 00:52:20"
