"Original Url","Address","Content Type","Status Code","Status","Indexability","Indexability Status","Title 1","Title 1 Length","Title 1 Pixel Width","Meta Description 1","Meta Description 1 Length","Meta Description 1 Pixel Width","Meta Keywords 1","Meta Keywords 1 Length","H1-1","H1-1 Length","H1-2","H1-2 Length","H2-1","H2-1 Length","H2-2","H2-2 Length","Meta Robots 1","Meta Robots 2","X-Robots-Tag 1","Meta Refresh 1","Canonical Link Element 1","rel=""next"" 1","rel=""prev"" 1","HTTP rel=""next"" 1","HTTP rel=""prev"" 1","amphtml Link Element","Size (bytes)","Transferred (bytes)","Word Count","Sentence Count","Average Words Per Sentence","Flesch Reading Ease Score","Readability","Text Ratio","Crawl Depth","Folder Depth","Link Score","Inlinks","Unique Inlinks","Unique JS Inlinks","% of Total","Outlinks","Unique Outlinks","Unique JS Outlinks","External Outlinks","Unique External Outlinks","Unique External JS Outlinks","Closest Similarity Match","No. Near Duplicates","Spelling Errors","Grammar Errors","Hash","Response Time","Last Modified","Redirect URL","Redirect Type","Cookies","HTTP Version","URL Encoded Address","Crawl Timestamp"
"https://www.pinterest.com/acrylicpouring/swipes-with-acrylic-paints/","https://www.pinterest.com/acrylicpouring/swipes-with-acrylic-paints/","text/html; charset=utf-8","200","OK","Indexable","","150 Swipes with Acrylic Paints ideas in 2024 | fluid painting, acrylic pouring, fluid acrylic painting","102","847","May 31, 2024 - Tutorials, videos & ideas for Acrylic Paintings using swiping techniques. See more ideas about fluid painting, acrylic pouring, fluid acrylic painting.","166","993","","0","Swipes with Acrylic Paints","26","","0","Pinterest","9","","0","","","","","","","","","","","791076","116044","872","197","4.426","59.725","Fairly Hard","0.737","0","2","","0","0","0","0.000","134","119","0","0","0","0","","","","","a9faa698239ed64ba90d3f9458c27c2f","0.770","","","","","1.1","https://www.pinterest.com/acrylicpouring/swipes-with-acrylic-paints/","2024-11-30 14:48:13"
"https://www.dunnedwards.com/product/spartashield-exterior-100-acrylic-paint/","https://www.dunnedwards.com/product/spartashield-exterior-100-acrylic-paint/","text/html; charset=UTF-8","200","OK","Indexable","","SPARTASHIELD® Exterior 100% Acrylic Paint | Dunn-Edwards Paints","63","603","SPARTASHIELD® is a complete line of premium, ultra-low VOC, 100% acrylic exterior paints that provide exceptional hide, durability and versatility.","147","901","","0","SPARTASHIELD®","13","","0","Applications","12","SEE THE SPARTASHIELD® DIFFERENCE FOR YOURSELF","45","index, follow, max-image-preview:large, max-snippet:-1, max-video-preview:-1","","","","https://www.dunnedwards.com/product/spartashield-exterior-100-acrylic-paint/","","","","","","217859","41426","1185","324","3.657","68.048","Normal","5.025","0","2","","11","1","0","1.150","245","114","0","16","15","0","","","","","e1ddf44bb5150b7c12c8ef1880931bad","2.266","","","","","1.1","https://www.dunnedwards.com/product/spartashield-exterior-100-acrylic-paint/","2024-11-30 14:48:30"
"https://www.liquitex.com/collections/professional-heavy-body-acrylics","https://www.liquitex.com/collections/professional-heavy-body-acrylics","text/html; charset=utf-8","200","OK","Indexable","","Heavy Body
      
      
       – Liquitex","42","197","High viscosity pigment-rich color","33","204","","0","HEAVY BODY ACRYLIC","18","","0","SHOP HEAVY BODY ACRYLIC SETS","28","OTHER CREATIVES ALSO BOUGHT","27","","","","","https://www.liquitex.com/collections/professional-heavy-body-acrylics","https://www.liquitex.com/collections/professional-heavy-body-acrylics?page=2","","","","","1012532","138664","1858","619","3.002","90.321","Very Easy","1.516","0","1","","190","1","0","1.150","560","153","0","4","4","0","","","","","96ff923d973cc841d4bc877e1e33b7ae","1.169","","","","","1.1","https://www.liquitex.com/collections/professional-heavy-body-acrylics","2024-11-30 14:48:16"
"https://www.walmart.com/browse/arts-crafts-sewing/acrylic-paints/1334134_5899871_7445675_5577403_8242343","https://www.walmart.com/browse/arts-crafts-sewing/acrylic-paints/1334134_5899871_7445675_5577403_8242343","text/plain; charset=utf-8","307","Temporary Redirect","Non-Indexable","Redirected","","0","0","","0","0","","0","","0","","0","","0","","0","","","","","","","","","","","21","21","0","","","","","0.000","0","3","","0","0","0","0.000","0","0","0","0","0","0","","","","","","0.676","","https://www.walmart.com/blocked?url=L2Jyb3dzZS9hcnRzLWNyYWZ0cy1zZXdpbmcvYWNyeWxpYy1wYWludHMvMTMzNDEzNF81ODk5ODcxXzc0NDU2NzVfNTU3NzQwM184MjQyMzQz&uuid=3ee00f8b-af00-11ef-8dd4-d825b6ff854e&vid=&g=b","HTTP Redirect","","1.1","https://www.walmart.com/browse/arts-crafts-sewing/acrylic-paints/1334134_5899871_7445675_5577403_8242343","2024-11-30 14:48:26"
"https://mgraham.com/artists-colors/acrylics/","https://mgraham.com/artists-colors/acrylics/","text/html; charset=UTF-8","200","OK","Indexable","","Acrylic : M. Graham & Co.","25","223","Official website for M. Graham & Co. fine paints","48","293","","0","Acrylics","8","","0","High-Solid Acrylic Emulsion","27","Compare Our Color","17","","","","","https://mgraham.com/artists-colors/acrylics/","","","","","","41180","10352","1073","177","6.062","64.281","Normal","17.195","0","2","","1","1","0","1.150","76","71","0","3","3","0","","","","","33e607ccc0a6f16751931f023516e15b","1.800","","","","","1.1","https://mgraham.com/artists-colors/acrylics/","2024-11-30 14:48:14"
"https://www.instagram.com/abstractsbyadrienne/?hl=en","https://www.instagram.com/abstractsbyadrienne/?hl=en","text/html; charset=""utf-8""","200","OK","Non-Indexable","Canonicalised","Adrienne Judge | 3D ACRYLIC PAINT FLORALS & BOUQUETS (@abstractsbyadrienne) • Instagram photos and videos","105","1029","128K Followers, 766 Following, 1,114 Posts - Adrienne Judge | 3D ACRYLIC PAINT FLORALS & BOUQUETS (@abstractsbyadrienne) on Instagram: ""💐 Super thick, 3D acrylic paint floral sculptures and wedding bouquet recreations
📍Lancaster, PA
🎨 Piping paint since 2021
🛍️ Shop and Tutorials  🎥⬇️""","291","1809","","0","","0","","0","","0","","0","noarchive, noimageindex","","","","https://www.instagram.com/abstractsbyadrienne/","","","","","","558815","117974","0","","","","","0.000","0","1","","0","0","0","0.000","0","0","0","0","0","0","","","","","4a098da876204040ab976fda0d56330c","0.401","","","","","1.1","https://www.instagram.com/abstractsbyadrienne/?hl=en","2024-11-30 14:48:41"
"https://www.homedepot.com/b/Paint-Craft-Paint-Acrylic-Paint/N-5yc1vZccc5","https://www.homedepot.com/b/Paint-Craft-Paint-Acrylic-Paint/N-5yc1vZccc5","text/html","403","Forbidden","Non-Indexable","Client Error","","0","0","","0","0","","0","","0","","0","","0","","0","","","","","","","","","","","445","445","0","","","","","0.000","0","2","","0","0","0","0.000","0","0","0","0","0","0","","","","","","0.788","","","","","1.1","https://www.homedepot.com/b/Paint-Craft-Paint-Acrylic-Paint/N-5yc1vZccc5","2024-11-30 14:48:28"
"https://spectrum-the-rmcad-store.shoplightspeed.com/golden-acrylic-paints.html","https://spectrum-the-rmcad-store.shoplightspeed.com/golden-acrylic-paints.html","text/html;charset=utf-8","200","OK","Indexable","","Golden Acrylic Paints - Spectrum The RMCAD Store","48","454","The only official source for RMCAD gear","39","248","Golden, Golden, Acrylic, Paints, RMCAD, Rocky Mountain College of Art and Design, Merchandise","93","Golden Acrylic Paints","21","","0","Golden","6","","0","noodp,noydir","","","","https://spectrum-the-rmcad-store.shoplightspeed.com/golden-acrylic-paints.html","","","","","","63396","9172","65","25","2.600","100.000","Very Easy","5.384","0","0","","4","1","0","1.150","108","100","0","6","6","0","","","","","9f5dad37b167d4ceba071b21c11f4896","1.101","","","","","1.1","https://spectrum-the-rmcad-store.shoplightspeed.com/golden-acrylic-paints.html","2024-11-30 14:48:15"
"https://www.target.com/c/painting-arts-crafts-sewing-home/acrylic-paints/-/N-5xt8dZ4lijk","https://www.target.com/c/painting-arts-crafts-sewing-home/acrylic-paints/-/N-5xt8dZ4lijk","text/html; charset=utf-8","200","OK","Indexable","","Acrylic Paints : Art Painting Supplies : Target","47","392","Shop Target for Painting you will love at great low prices. Free shipping on orders of $35+ or same-day pick-up in store.","121","736","Painting, Arts, Crafts & Sewing, Home, Acrylic Paints","53","Acrylic Paints : Painting","25","","0","33 results","10","Related categories","18","index, follow","","","","https://www.target.com/c/painting-arts-crafts-sewing-home/acrylic-paints/-/N-5xt8dZ4lijk","","","","","","498296","44499","1190","320","3.719","86.611","Easy","2.140","0","4","","4","1","0","1.150","236","151","0","8","8","0","","","","","d8661c210084c7a8c611ee33a049d044","1.639","","","","","1.1","https://www.target.com/c/painting-arts-crafts-sewing-home/acrylic-paints/-/N-5xt8dZ4lijk","2024-11-30 14:48:46"
"https://grumbacher.chartpak.com/product-category/painting/acrylic-paint/grumbacher-academy-acrylic/","https://grumbacher.chartpak.com/product-category/painting/acrylic-paint/grumbacher-academy-acrylic/","text/html; charset=UTF-8","200","OK","Indexable","","Grumbacher Academy Acrylic - Grumbacher Art","43","419","Unleash your creativity with Grumbacher Academy Acrylic Paints. Discover a spectrum of vivid colors and exceptional quality, perfect for both beginners and experienced artists.","176","1090","","0","Grumbacher Academy Acrylic","26","","0","Get 10% Off","11","Collegiate Grade, Medium Bodied Acrylic Paint","45","index, follow, max-image-preview:large, max-snippet:-1, max-video-preview:-1","","","","https://grumbacher.chartpak.com/product-category/painting/acrylic-paint/grumbacher-academy-acrylic/","https://grumbacher.chartpak.com/product-category/painting/acrylic-paint/grumbacher-academy-acrylic/page/2/","","","","","492398","59229","785","317","2.476","96.874","Very Easy","1.305","0","4","","25","1","0","1.150","174","56","0","6","3","0","","","","","b6aed5166bda138597da54be706ebafd","1.049","Sat, 30 Nov 2024 04:01:51 GMT","","","","1.1","https://grumbacher.chartpak.com/product-category/painting/acrylic-paint/grumbacher-academy-acrylic/","2024-11-30 14:48:18"
"https://www.quora.com/I-mixed-acrylic-paints-with-oil-paints-because-I-didnt-realize-I-had-two-different-types-Will-it-dry-slower-than-usual","https://www.quora.com/I-mixed-acrylic-paints-with-oil-paints-because-I-didnt-realize-I-had-two-different-types-Will-it-dry-slower-than-usual","text/html; charset=utf-8","200","OK","Indexable","","I mixed acrylic paints with oil paints because I didn't realize I had two different types. Will it dry slower than usual? - Quora","129","1066","What are y&#039;all all talking about, I understand that you shouldn&#039;t use oil paint and then acrylic on top of it, I also understand that oil and water don&#039;t mix, but I have to disagree with y&#039;all about saying not to ever mix oil and acrylic paint, I ...","270","1441","","0","","0","","0","","0","","0","noarchive","","","","https://www.quora.com/I-mixed-acrylic-paints-with-oil-paints-because-I-didnt-realize-I-had-two-different-types-Will-it-dry-slower-than-usual","","","","","","510197","75902","11","3","3.667","80.059","Easy","0.023","0","0","","0","0","0","0.000","0","0","0","0","0","0","","","","","402d5f96aa8f5a5ef7a2995413a3d486","0.404","","","","","1.1","https://www.quora.com/I-mixed-acrylic-paints-with-oil-paints-because-I-didnt-realize-I-had-two-different-types-Will-it-dry-slower-than-usual","2024-11-30 14:48:43"
"https://shop.decoart.com/americana-acrylics","https://shop.decoart.com/americana-acrylics","text/html; charset=UTF-8","200","OK","Indexable","","Americana Acrylics Neutrals | DecoArt","37","337","DecoArt's Americana Acrylics are the leading premium, all purpose matte finish acrylic paints available on the market at a budget friendly price.","145","881","americana acrylics, acrylic paint, craft paint, neutral paints, black paint, white paint, tan paint","99","DecoArt Acrylic Paint and Art Supplies","38","DecoArt Acrylic Paint and Art Supplies","38","Free Shipping On Orders $50+ (Contiguous U.S. Addresses)","56","DecoArt","7","max-image-preview:large","","","","https://shop.decoart.com/americana-acrylics","","","","","","435828","59951","1727","635","2.720","63.483","Normal","3.173","0","0","","10","1","0","1.150","329","148","0","49","47","0","","","","","f4e7b02b0bf59dc41160fa30e173add0","1.277","","","","","1.1","https://shop.decoart.com/americana-acrylics","2024-11-30 14:48:23"
"https://www.deepspacesparkle.com/tempera-vs-acrylic-paint/","https://www.deepspacesparkle.com/tempera-vs-acrylic-paint/","text/html; charset=UTF-8","200","OK","Indexable","","Tempera vs. Acrylic Paint | Deep Space Sparkle","46","415","Learn my take on the various mediums of tempera and acrylic paints as I share my stories of using both in the classroom. Tempera vs. acrylic paints includes","156","971","","0","Tempera vs. Acrylic Paint","25","Tempera vs. Acrylic Paint","25","Share","5","Follow Us","9","max-image-preview:large","noodp","","","https://www.deepspacesparkle.com/tempera-vs-acrylic-paint/","","","","","","196109","27649","2346","482","4.867","96.055","Very Easy","6.565","0","1","","23","1","0","1.150","78","32","0","27","15","0","","","","","c371741f64f46af795a18a7532366870","1.339","","","","","1.1","https://www.deepspacesparkle.com/tempera-vs-acrylic-paint/","2024-11-30 14:48:21"
"https://en.wikipedia.org/wiki/Acrylic_paint","https://en.wikipedia.org/wiki/Acrylic_paint","text/html; charset=UTF-8","200","OK","Indexable","","Acrylic paint - Wikipedia","25","210","","0","0","","0","Acrylic paint","13","","0","Contents","8","History","7","max-image-preview:standard","","","","https://en.wikipedia.org/wiki/Acrylic_paint","","","","","","158402","34564","4191","824","5.086","69.009","Normal","17.992","0","1","","118","1","0","1.150","354","189","0","92","87","0","","","","","91f9aaba9ca968a388149be8c77bef97","0.333","Fri, 22 Nov 2024 14:03:26 GMT","","","","1.1","https://en.wikipedia.org/wiki/Acrylic_paint","2024-11-30 14:48:12"
"https://acrylicosvallejo.com/en/","https://acrylicosvallejo.com/en/","text/html; charset=UTF-8","200","OK","Indexable","","Vallejo Acrylic Paints","22","185","vallejo acrylic paints for fine arts, decorative arts and models & miniatures","77","455","","0","","0","","0","Colors for hobby and fine arts","30","Search","6","index, follow, max-image-preview:large, max-snippet:-1, max-video-preview:-1","","","","https://acrylicosvallejo.com/en/","","","","","","161477","31083","582","102","5.706","62.369","Normal","3.439","0","1","","10","1","0","1.150","167","84","0","10","9","0","","","","","13bd6b1261537d89f4c5b215cb1f3038","3.380","","","","","1.1","https://acrylicosvallejo.com/en/","2024-11-30 14:48:18"
"https://www.annrothart.com/studio-notes/finishing-an-acrylic-painting","https://www.annrothart.com/studio-notes/finishing-an-acrylic-painting","text/html;charset=utf-8","200","OK","Indexable","","Finishing and Varnishing an Acrylic Painting — ANN ROTH","55","510","The time spent on the careful finishing of a painting allows me to reflect 
on the process of making a painting as well as to anticipate it having a 
life outside of the studio. With these steps complete my work is ready to 
be shown to a wider audience and to find a new home with a collector.","297","1771","","0","Finishing and Varnishing an Acrylic Painting","44","","0","Few decisions needed","20","Preparing edges","15","","","","","https://www.annrothart.com/studio-notes/finishing-an-acrylic-painting","","","","","","128392","23129","974","127","7.669","87.351","Easy","5.454","0","1","","1","1","0","1.150","78","33","0","6","6","0","","","","","9179e9126c132b4f29f692379bd2f943","1.030","","","","","1.1","https://www.annrothart.com/studio-notes/finishing-an-acrylic-painting","2024-11-30 14:48:35"
"https://www.artbydeniz.com/blog/3-reasons-for-using-acrylic-mediums","https://www.artbydeniz.com/blog/3-reasons-for-using-acrylic-mediums","text/html;charset=utf-8","200","OK","Indexable","","Benefits of using acrylic mediums for abstract art: How can acrylic mediums enhance your painting technique? — Deniz Altug Art","126","1133","New to abstract painting with acrylics? Discover the power of acrylic 
mediums for creating dimension, depth, and adding transparency to your 
vibrant artworks. Explore the advantages of acrylic mediums and how they 
can improve your techniques. Experiencing with mediums is a perfect way for 
artists seeking to enhance their skills and craft.","348","2117","","0","3 Reasons for Using Acrylic Mediums","35","","0","Courage Grows from Your Actions and Your Mistakes Along the Way!","64","How I decide what to paint","26","","","","","https://www.artbydeniz.com/blog/3-reasons-for-using-acrylic-mediums","","","","","","106069","22064","1302","159","8.189","78.966","Fairly Easy","7.834","0","1","","1","1","0","1.150","35","20","0","9","9","0","","","","","ae1786372cd1a30b02349928fb924557","1.144","","","","","1.1","https://www.artbydeniz.com/blog/3-reasons-for-using-acrylic-mediums","2024-11-30 14:48:31"
"https://www.davidmkessler.com/blog/2020/2/26/how-to-dispose-of-acrylic-paint-water","https://www.davidmkessler.com/blog/2020/2/26/how-to-dispose-of-acrylic-paint-water","text/html;charset=utf-8","200","OK","Indexable","","How to Dispose of Acrylic Paint Water-David M. Kessler Fine Art","63","561","I get asked all the time how to properly dispose of acrylic paint water. 
There is no single answer for what is best, and there are many ways to 
approach the disposal. There are also lots of YouTube videos that show 
those different approaches. Many of the videos show the same approach with 
slight variations, so I didn’t want to cover all the same ground in this 
video.","379","2264","","0","David M. Kessler Fine Art","25","David M. Kessler Fine Art","25","","0","","0","","","","","https://www.davidmkessler.com/blog/2020/2/26/how-to-dispose-of-acrylic-paint-water","","","","","","86029","19327","1222","191","6.398","83.480","Easy","9.587","0","4","","7","1","0","1.150","60","21","0","17","8","0","","","","","ea8dd1b88f0d8be1797a0723b2508828","0.977","","","","","1.1","https://www.davidmkessler.com/blog/2020/2/26/how-to-dispose-of-acrylic-paint-water","2024-11-30 14:48:17"
"https://jenniferrizzo.com/how-to-do-acrylic-paint-pouring-for-beginners/","https://jenniferrizzo.com/how-to-do-acrylic-paint-pouring-for-beginners/","text/html; charset=UTF-8","200","OK","Indexable","","How To Do Acrylic Paint Pouring-For Beginners - Jennifer Rizzo","62","557","Learn how to do acrylic paint pouring for beginners! Use a few simple materials and a dirty pour technique.","107","657","","0","How To Do Acrylic Paint Pouring-For Beginners","45","","0","There are lots of ways to create a paint poured acrylic artwork, but we’ll start with the easiest technique creating a paint poured canvas art and using what’s called a “Dirty Pour”.","182","Supplies:","9","index, follow, max-image-preview:large, max-snippet:-1, max-video-preview:-1","","","","https://jenniferrizzo.com/how-to-do-acrylic-paint-pouring-for-beginners/","","","","","","256317","63441","1174","146","8.041","89.933","Easy","3.388","0","1","","1","1","0","1.150","85","44","0","12","7","0","","","","","7ea75d4084b75a28b0b44a7ab87aaadf","0.871","Fri, 22 Nov 2024 17:49:30 GMT","","","","1.1","https://jenniferrizzo.com/how-to-do-acrylic-paint-pouring-for-beginners/","2024-11-30 14:48:19"
"https://www.speedballart.com/our-product-lines/speedball-studio-essentials/speedball-acrylic-paints-mediums/","https://www.speedballart.com/our-product-lines/speedball-studio-essentials/speedball-acrylic-paints-mediums/","text/html; charset=UTF-8","200","OK","Indexable","","Speedball® Acrylic Paints & Mediums - Speedball Art","51","467","This archival, water-based paint extends well when mixing, is highly lightfast and water-resistant once dry. Featuring 24 brilliant, hue-based colors, these paints contain no harmful pigments and are cadmium- and cobalt-free.","225","1380","","0","Speedball® Acrylic Paints & Mediums","35","","0","Acrylic Paints","14","","0","index, follow, max-image-preview:large, max-snippet:-1, max-video-preview:-1","","","","https://www.speedballart.com/our-product-lines/speedball-studio-essentials/speedball-acrylic-paints-mediums/","","","","","","101909","25714","681","161","4.230","79.679","Fairly Easy","4.260","0","3","","8","1","0","1.150","115","52","0","5","5","0","","","","","24e2d0d529e256019877b6ab7fb7af4b","0.859","","","","","1.1","https://www.speedballart.com/our-product-lines/speedball-studio-essentials/speedball-acrylic-paints-mediums/","2024-11-30 14:48:27"
"https://www.tate.org.uk/art/art-terms/a/acrylic-paint","https://www.tate.org.uk/art/art-terms/a/acrylic-paint","text/html; charset=utf-8","200","OK","Indexable","","Acrylic paint | Tate","20","163","Tate glossary definition for acrylic paint: Water-based fast-drying paint widely used by artists since the 1960s. Can be used thickly or thinly depending how much water is added","177","1089","","0","Acrylic paint","13","","0","Main menu","9","Related terms and concepts","26","","","","","https://www.tate.org.uk/art/art-terms/a/acrylic-paint","","","","","","90521","11441","440","84","5.238","84.040","Easy","3.855","0","3","","7","1","0","1.150","106","62","0","11","11","0","","","","","46a9d59dc28acd075161ce7bea2b0a11","1.691","","","","","1.1","https://www.tate.org.uk/art/art-terms/a/acrylic-paint","2024-11-30 14:48:14"
"https://willkempartschool.com/how-to-choose-a-basic-acrylic-palette-for-colour-mixing/","https://willkempartschool.com/how-to-choose-a-basic-acrylic-palette-for-colour-mixing/","text/html; charset=UTF-8","200","OK","Indexable","","How to Choose a Basic Colour Palette for Acrylic Painting","57","507","Will's guide to the best approaches to choose an effective basic palette for colour mixing with acrylic paints.","111","668","","0","","0","How to Choose a Basic Colour Palette for Acrylic Painting","57","","0","","0","index, follow, max-image-preview:large, max-snippet:-1, max-video-preview:-1","","","","https://willkempartschool.com/how-to-choose-a-basic-acrylic-palette-for-colour-mixing/","","","","","","578499","101447","18915","3054","6.194","88.433","Easy","18.138","0","1","","236","1","0","1.150","439","52","0","47","39","0","","","","","864043ce87f3647fac8b202d8d5263d7","0.870","","","","","1.1","https://willkempartschool.com/how-to-choose-a-basic-acrylic-palette-for-colour-mixing/","2024-11-30 14:48:33"
"https://www.rosemarieoleary.com/art-blog/44-don-t-pour-acrylic-paint-down-the-drain","https://www.rosemarieoleary.com/art-blog/44-don-t-pour-acrylic-paint-down-the-drain","text/html; charset=utf-8","200","OK","Indexable","","Don't Pour Acrylic Paint Down The Drain - Rosemarie O'Leary Artist","66","585","The impact of pouring acrylic brush cleaning water jar down the drain and the damage it can cause to sewage pipes and the environment.","134","850","","0","Acrylic sludge build up from painting Protect The Environment And Don't Pour Acrylic Paint Down The Drain","105","","0","Don't Pour Acrylic Paint Down The Drain","39","Interested In A Specific Topic? Select A Tag Below","50","max-snippet:-1,max-image-preview:large,max-video-preview:-1","","","","","","","","","","30060","6610","341","53","6.434","89.903","Easy","7.840","0","1","","0","0","0","0.000","50","43","0","3","3","0","","","","","35ce0f598d1d798535cf4d70592a24c7","1.268","Sat, 30 Nov 2024 09:48:40 GMT","","","","1.1","https://www.rosemarieoleary.com/art-blog/44-don-t-pour-acrylic-paint-down-the-drain","2024-11-30 14:48:41"
"https://kromaacrylics.com/pages/introduction-to-using-acrylic-colours","https://kromaacrylics.com/pages/introduction-to-using-acrylic-colours","text/html; charset=utf-8","200","OK","Indexable","","Introduction to Using Acrylic Colours

    

    

    
      – Kroma Artist's Acrylics","87","546","Acrylic paints are simple to use and clean to handle, which makes them suitable in a wide range of fine art, decorative and craft applications. Acrylic paint can colour practically anything. It is resilient and flexible and can be applied to all kinds of surfaces. While used by artists on stretched prepared canvas, pap","320","1913","","0","Introduction to Using Acrylic Colours","37","Projects and Techniques","23","Kroma Artist's Acrylics logo","28","Kroma is located in the heart of Sen̓áḵw, on the traditional, unceded, and occupied territories of the xʷməθkwəy̓əm (Musqueam), Skwxwú7mesh (Squamish) and Səl̓ílwətaʔ/Selilwitulh (Tsleil-Waututh) peoples.","207","","","","","https://kromaacrylics.com/pages/introduction-to-using-acrylic-colours","","","","","","92796","23486","2581","354","7.291","72.912","Fairly Easy","17.462","0","1","","3","1","0","1.150","62","28","0","3","3","0","","","","","2247a15bb982ebeda804233ea485df","0.754","","","","","1.1","https://kromaacrylics.com/pages/introduction-to-using-acrylic-colours","2024-11-30 14:48:22"
"https://www.montana-cans.com/Products/MARKER-INKS/ACRYLIC-Marker-Ink/","https://www.montana-cans.com/Products/MARKER-INKS/ACRYLIC-Marker-Ink/","text/html; charset=UTF-8","200","OK","Indexable","","ACRYLIC Marker & Ink","20","195","","0","0","","0","","0","","0","","0","","0","index,follow","","","","https://www.montana-cans.com/Products/MARKER-INKS/ACRYLIC-Marker-Ink/","","","","","","511743","45277","2371","444","5.340","56.585","Fairly Hard","3.665","0","3","","5","1","0","1.150","213","144","0","12","5","0","","","","","32d6c970c0dddf3e0926ff1c4ac776a","1.198","","","","","1.1","https://www.montana-cans.com/Products/MARKER-INKS/ACRYLIC-Marker-Ink/","2024-11-30 14:48:42"
"https://www.masteroilpainting.com/oil-painting-over-acrylics/","https://www.masteroilpainting.com/oil-painting-over-acrylics/","text/html; charset=UTF-8","200","OK","Indexable","","Oil Painting Over an Acrylic or Watercolor Underpainting –  Which is Best? | Master Oil Painting","96","827","","0","0","","0","Oil Painting Over an Acrylic or Watercolor Underpainting – Which is Best?","73","","0","9 Comments","10","","0","max-image-preview:large","","","","https://www.masteroilpainting.com/oil-painting-over-acrylics/","","","","","","147521","36294","5428","780","6.959","91.185","Very Easy","19.889","0","1","","5","1","0","1.150","35","25","0","21","16","0","","","","","af2a6cb2ac2f6064e75fb7fe6155e799","1.210","Fri, 29 Nov 2024 20:38:56 GMT","","","","1.1","https://www.masteroilpainting.com/oil-painting-over-acrylics/","2024-11-30 14:48:38"
"https://goldenartistcolors.com/products/golden-artist-acrylics","https://goldenartistcolors.com/products/golden-artist-acrylics","text/html","200","OK","Indexable","","Golden Artist Acrylics Home | Golden Artist Colors","50","439","Golden Artist Colors","20","125","","0","","0","","0","Explore our Products","20","Featured Content","16","","","","","https://goldenartistcolors.com/products/golden-artist-acrylics","","","","","","333059","45635","931","133","7.000","46.977","Hard","2.687","0","1","","11","1","0","1.150","137","57","0","21","14","0","","","","","902fa45dc59df0d6da86fdf7938409a8","1.224","Tue, 26 Nov 2024 14:08:42 GMT","","","","1.1","https://goldenartistcolors.com/products/golden-artist-acrylics","2024-11-30 14:48:12"
"https://www.sculpey.com/blogs/blog/how-to-paint-on-polymer-clay","https://www.sculpey.com/blogs/blog/how-to-paint-on-polymer-clay","text/html; charset=utf-8","200","OK","Indexable","","How To Paint on Polymer Clay
 – Sculpey","39","359","Interested in painting on polymer clay? Read more from a few claying experts on their tips and tricks!","102","621","","0","How to Paint on Polymer Clay","28","","0","Want to Shop?","13","explore projects","16","index,follow","","","","https://www.sculpey.com/blogs/blog/how-to-paint-on-polymer-clay","","","","","","212740","54177","1392","192","7.250","82.969","Easy","5.270","0","2","","2","1","0","1.150","76","68","0","16","6","0","","","","","a8b8ba4cb61eed532f64136aef8cec6f","0.737","","","","","1.1","https://www.sculpey.com/blogs/blog/how-to-paint-on-polymer-clay","2024-11-30 14:48:33"
"https://www.fivebelow.com/categories/arts-crafts/paint-supplies","https://www.fivebelow.com/categories/arts-crafts/paint-supplies","text/html; charset=utf-8","200","OK","Indexable","","Paint Supplies - Brushes, Paints, & Canvas | Five Below","55","481","Unleash your creativity with our collection of paint supplies at Five Below. From brushes and paints to canvas.","111","681","acrylic paint, paint supplies, watercolor paint, acrylic art paint, paint materials, watercolor art supplies","108","Painting Supplies - Acrylic and Watercolor Paint","48","","0","Get updated about our newest drops!","35","","0","","","","","https://www.fivebelow.com/categories/arts-crafts/paint-supplies","","","","","","676485","96836","675","270","2.500","86.484","Easy","0.766","0","2","","1","1","0","1.150","129","62","0","14","9","0","","","","","2685c7cac41eaa20710cec5e51ff49bc","1.611","","","","","1.1","https://www.fivebelow.com/categories/arts-crafts/paint-supplies","2024-11-30 14:48:43"
"https://www.reddit.com/r/minipainting/comments/14qgzeo/can_i_use_normal_acrylic_paints_or_are_citadel/","https://www.reddit.com/r/minipainting/comments/14qgzeo/can_i_use_normal_acrylic_paints_or_are_citadel/","text/html; charset=utf-8","302","Found","Non-Indexable","Redirected","","0","0","","0","0","","0","","0","","0","","0","","0","","","","","","","","","","","407","407","0","","","","","0.000","0","5","","0","0","0","0.000","0","0","0","0","0","0","","","","","","0.457","","https://www.reddit.com/r/minipainting/comments/14qgzeo/can_i_use_normal_acrylic_paints_or_are_citadel/?rdt=50689","HTTP Redirect","","1.1","https://www.reddit.com/r/minipainting/comments/14qgzeo/can_i_use_normal_acrylic_paints_or_are_citadel/","2024-11-30 14:48:30"
"https://mgchemicals.com/products/conductive-paint/conductive-acrylic-paints/silver-acrylic-paint/","https://mgchemicals.com/products/conductive-paint/conductive-acrylic-paints/silver-acrylic-paint/","text/html; charset=UTF-8","200","OK","Indexable","","Silver Acrylic Paint","20","164","842ARL is a 1-part silver acrylic paint that cures at room temperature and provides exceptional shielding from electromagnetic interference across a wide spectral range.","169","1042","","0","842ARL – Super Shield Silver Conductive Paint","45","","0","Where To Buy","12","USA","3","index, follow, max-image-preview:large, max-snippet:-1, max-video-preview:-1","","","","https://mgchemicals.com/products/conductive-paint/conductive-acrylic-paints/silver-acrylic-paint/","","","","","","220847","46014","630","148","4.257","58.292","Fairly Hard","2.302","0","4","","11","1","0","1.150","117","74","0","12","11","0","","","","","42e3c925bfe2616599e96354c85e25ee","2.243","Sat, 30 Nov 2024 09:48:39 GMT","","","","1.1","https://mgchemicals.com/products/conductive-paint/conductive-acrylic-paints/silver-acrylic-paint/","2024-11-30 14:48:38"
"https://www.reddit.com/r/Warhammer/comments/1dno97z/acrylic_paints/","https://www.reddit.com/r/Warhammer/comments/1dno97z/acrylic_paints/","text/html; charset=utf-8","302","Found","Non-Indexable","Redirected","","0","0","","0","0","","0","","0","","0","","0","","0","","","","","","","","","","","406","406","0","","","","","0.000","0","5","","0","0","0","0.000","0","0","0","0","0","0","","","","","","0.430","","https://www.reddit.com/r/Warhammer/comments/1dno97z/acrylic_paints/?rdt=63523","HTTP Redirect","","1.1","https://www.reddit.com/r/Warhammer/comments/1dno97z/acrylic_paints/","2024-11-30 14:48:21"
"https://www.futuremarketinsights.com/reports/us-non-commercial-acrylic-paints-market","https://www.futuremarketinsights.com/reports/us-non-commercial-acrylic-paints-market","text/html; charset=UTF-8","200","OK","Indexable","","USA Non-Commercial Acrylic Paints Market Trend & Opportunity","60","567","USA Non-Commercial Acrylic Paints Market is expected to reach USD 466.5 million & likely to surge at a vigorous 4.5% CAGR during forecast period of 2024 to 2034","160","1013","U.S. Non-Commercial Acrylic Paints Market, U.S. Non-Commercial Acrylic Paints Industry Size, U.S. Non-Commercial Acrylic Paints Industry share, U.S. Non-Commercial Acrylic Paints Market forecast, U.S. Non-Commercial Acrylic Paints Market Value, U.S. Non-Commercial Acrylic Paints Market trends, U.S. Non-Commercial Acrylic Paints Industry Analysis, U.S. Non-Commercial Acrylic Paints Industry Overview","401","Industry Analysis Non-commercial Acrylic Paint in the United States","67","","0","Examining Revenue Patterns for Non-commercial Acrylic Paint in the United States by Heavy-body Acrylics and Fluid Acrylics for 2024 to 2034","139","","0","index, follow","","","","https://www.futuremarketinsights.com/reports/us-non-commercial-acrylic-paints-market","","","","","","96787","20590","2797","573","4.881","67.404","Normal","21.597","0","1","","0","0","0","0.000","56","36","0","7","7","0","","","","","ca11207e7718fcc94b624b283b9c1a60","0.948","","","","","1.1","https://www.futuremarketinsights.com/reports/us-non-commercial-acrylic-paints-market","2024-11-30 14:48:41"
"https://naturalearthpaint.com/blogs/blog/is-acrylic-paint-really-toxic","https://naturalearthpaint.com/blogs/blog/is-acrylic-paint-really-toxic","text/html; charset=utf-8","200","OK","Indexable","","Is Acrylic Paint Really Toxic?
 – Natural Earth Paint","53","439","Learn about the most common toxic chemicals in conventional acrylic paint and how to find our natural version made from plants with natural earth pigments","154","973","","0","Is Acrylic Paint Really Toxic?","30","","0","","0","","0","","","","","https://naturalearthpaint.com/blogs/blog/is-acrylic-paint-really-toxic","","","","","","292389","65593","1026","171","6.000","79.452","Fairly Easy","3.166","0","2","","6","1","0","1.150","94","49","0","20","16","0","","","","","1b52e6da2fa5aa72935eaf758c8eecd9","0.806","","","","","1.1","https://naturalearthpaint.com/blogs/blog/is-acrylic-paint-really-toxic","2024-11-30 14:48:38"
"https://www.marinatvb.com/blog/acrylics-and-cold-wax-medium","https://www.marinatvb.com/blog/acrylics-and-cold-wax-medium","text/html;charset=utf-8","200","OK","Indexable","","acrylcis and water-based coldwax","32","298","You can water-based cold wax medium (Powerwax) with acrylics to get 
beautiful textures and layers, similar to paintings in oils and cold wax 
medium","151","921","","0","Acrylics and water-based cold wax (Powerwax)","44","","0","A portrait in water-based cold wax, acrylics and Rusty Powder","61","Alcohol ink meets cold wax medium","33","","","","","https://www.marinatvb.com/blog/acrylics-and-cold-wax-medium","","","","","","129669","24351","678","99","6.848","83.590","Easy","3.719","0","1","","1","1","0","1.150","56","26","0","4","4","0","","","","","961201de55e6da211dbc002b4c0ccfd","0.905","","","","","1.1","https://www.marinatvb.com/blog/acrylics-and-cold-wax-medium","2024-11-30 14:48:45"
"https://www.fivestarpainting.com/blog/2023/september/latex-vs-acrylic-paint/","https://www.fivestarpainting.com/blog/2023/september/latex-vs-acrylic-paint/","text/html; charset=utf-8","200","OK","Indexable","","Latex vs. Acrylic Paint | Five Star Painting","44","363","Learn about latex vs. acrylic paint to know which one is best for your home improvement project from the experts at Five Star Painting.","135","829","","0","Latex vs. Acrylic Paint - Which One for Your Project?","53","","0","What Latex Paint Is and When to Use It","38","Pros and Cons of Latex Paint","28","index,follow","","","","https://www.fivestarpainting.com/blog/2023/september/latex-vs-acrylic-paint/","","","","","","334686","54676","1283","246","5.215","75.663","Fairly Easy","3.238","0","4","","24","1","0","1.150","126","43","0","23","22","0","","","","","6537cec1bfd1c787d77c3861fbee4d74","0.842","","","","","1.1","https://www.fivestarpainting.com/blog/2023/september/latex-vs-acrylic-paint/","2024-11-30 14:48:15"
"https://pubs.acs.org/doi/10.1021/acs.jpcb.1c05188","https://pubs.acs.org/doi/10.1021/acs.jpcb.1c05188","text/html; charset=UTF-8","403","Forbidden","Non-Indexable","Client Error","","0","0","","0","0","","0","","0","","0","","0","","0","","","","","","","","","","","0","0","0","","","","","0.000","0","2","","0","0","0","0.000","0","0","0","0","0","0","","","","","","0.291","","","","","1.1","https://pubs.acs.org/doi/10.1021/acs.jpcb.1c05188","2024-11-30 14:48:21"
"https://mci.si.edu/caring-acrylic-paintings","https://mci.si.edu/caring-acrylic-paintings","text/html; charset=utf-8","200","OK","Indexable","","","0","0","","0","0","","0","","0","","0","","0","","0","","","","","","","","","","","0","0","0","","","","","0.000","0","0","","1","1","0","1.150","0","0","0","0","0","0","","","","","d41d8cd98f00b204e9800998ecf8427e","1.099","","","","","1.1","https://mci.si.edu/caring-acrylic-paintings","2024-11-30 14:48:32"
"https://arttalk.dailypaintworks.com/t/favorite-acrylic-paint-and-why/3638","https://arttalk.dailypaintworks.com/t/favorite-acrylic-paint-and-why/3638","","403","Forbidden","Non-Indexable","Client Error","","0","0","","0","0","","0","","0","","0","","0","","0","","","","","","","","","","","0","0","0","","","","","0.000","0","2","","0","0","0","0.000","0","0","0","0","0","0","","","","","","1.017","","","","","1.1","https://arttalk.dailypaintworks.com/t/favorite-acrylic-paint-and-why/3638","2024-11-30 14:48:40"
"https://arteza.com/collections/acrylic-paint","https://arteza.com/collections/acrylic-paint","text/html; charset=utf-8","200","OK","Indexable","","Acrylic Paint for Artists
 – Arteza.com","39","328","Shop acrylic paint at Arteza to spend your time creatively with fade-resistant colors in easy-to-squeeze tubes. Professional quality at an affordable price.","156","938","","0","Arteza.com","10","Arteza.com","10","Item added to your cart","23","Filter By:","10","","","","","https://arteza.com/collections/acrylic-paint","","","","","","943285","90662","1172","244","4.803","75.132","Fairly Easy","1.500","0","1","","13","1","0","1.150","374","157","0","19","8","0","","","","","becfb6d440837e85010aef93db0aca65","0.627","","","","","1.1","https://arteza.com/collections/acrylic-paint","2024-11-30 14:48:37"
"https://uk.liquitex.com/","https://uk.liquitex.com/","text/html; charset=utf-8","200","OK","Indexable","","Liquitex | The home of acrylic paint since 1955
      
      
       – Liquitex UK","82","532","As the world's first commercial water-based artists' acrylic paint, Liquitex has been the home of acrylic paint for all artists, since 1955. Discover our story here.","165","976","","0","GIVE THE GIFT OF CREATIVITY","27","","0","BE INSPIRED. EXPLORE BLACK FRIDAY.","34","PROFESSIONAL ACRYLIC MEDIUMS","28","","","","","https://uk.liquitex.com/","","","","","","790929","103680","1423","455","3.127","80.476","Easy","1.458","0","0","","182","1","0","1.150","507","135","0","4","4","0","","","","","52cafee55acbc806fa6295027cc01f82","0.453","","","","","1.1","https://uk.liquitex.com/","2024-11-30 14:48:42"
"https://www.acrylicuniversity.com/introduction-to-acrylics","https://www.acrylicuniversity.com/introduction-to-acrylics","text/html;charset=utf-8","200","OK","Indexable","","Everything You Need to Know About Acrylic Painting","50","463","Acrylic University is your home for growth and flourishing in your art and creativity. Live classes, premium courses, mentoring, and the best art community ever.","161","983","","0","Everything You Need to Know About Acrylic Painting","50","","0","","0","","0","","","","","https://www.acrylicuniversity.com/introduction-to-acrylics","","","","","","124476","28578","1786","244","7.320","69.758","Normal","8.696","0","0","","1","1","0","1.150","31","15","0","8","8","0","","","","","aea247f8dfc86e7d4ae4f2c92677031e","0.882","","","","","1.1","https://www.acrylicuniversity.com/introduction-to-acrylics","2024-11-30 14:48:33"
"https://theweekendbeckons.com/comparing-phthalo-blue-acrylic-paints/","https://theweekendbeckons.com/comparing-phthalo-blue-acrylic-paints/","text/html; charset=UTF-8","200","OK","Indexable","","Comparing phthalo blue acrylic paints › The Weekend Beckons","59","552","What's the difference between phthalo blue red shade and green shade? I do some colour mixing to find out the unique properties of each.","136","856","","0","Comparing phthalo blue acrylic paints","37","","0","Get your own","12","Related Posts","13","max-image-preview:large","","","","https://theweekendbeckons.com/comparing-phthalo-blue-acrylic-paints/","","","","","","170504","33890","605","118","5.127","90.183","Very Easy","2.144","0","1","","1","1","0","1.150","88","67","0","7","6","0","","","","","da7b6271a996b7db54833d5d6a0487b6","1.279","Sat, 30 Nov 2024 06:57:44 GMT","","","","1.1","https://theweekendbeckons.com/comparing-phthalo-blue-acrylic-paints/","2024-11-30 14:48:16"
"https://www.hobbylobby.com/art-supplies/painting-supplies/acrylic-painting/c/8-168-1309","https://www.hobbylobby.com/art-supplies/painting-supplies/acrylic-painting/c/8-168-1309","text/html","403","Forbidden","Non-Indexable","Client Error","","0","0","","0","0","","0","","0","","0","","0","","0","","","","","","","","","","","927","927","0","","","","","0.000","0","4","","0","0","0","0.000","0","0","0","0","0","0","","","","","","0.563","","","","","1.1","https://www.hobbylobby.com/art-supplies/painting-supplies/acrylic-painting/c/8-168-1309","2024-11-30 14:48:26"
"https://www.michaels.com/shop/art-supplies/paint-painting-supplies/fine-art-paint/acrylic-paint","https://www.michaels.com/shop/art-supplies/paint-painting-supplies/fine-art-paint/acrylic-paint","text/html","403","Forbidden","Non-Indexable","Client Error","","0","0","","0","0","","0","","0","","0","","0","","0","","","","","","","","","","","480","480","0","","","","","0.000","0","4","","0","0","0","0.000","0","0","0","0","0","0","","","","","","0.788","","","","","1.1","https://www.michaels.com/shop/art-supplies/paint-painting-supplies/fine-art-paint/acrylic-paint","2024-11-30 14:48:40"
"https://www.testors.com/product-catalog/testors-brands/testors-craft/open-stock-acrylic-2oz-craft-paint","https://www.testors.com/product-catalog/testors-brands/testors-craft/open-stock-acrylic-2oz-craft-paint","text/html; charset=utf-8","200","OK","Indexable","","Acrylic 2 oz. Craft Paint","25","207","Acrylic 2 oz. Craft Paint","25","145","","0","Acrylic 2 oz. Craft Paint","25","","0","Testors Craft","13","Fuchsia 292422A","15","","","","","","","","","","","133949","133949","961","331","2.903","100.000","Very Easy","4.543","0","3","","5","1","0","1.150","36","22","0","116","116","0","","","","","62c6354bf0ac2982cb5b7acf3a463b70","2.956","","","","","1.1","https://www.testors.com/product-catalog/testors-brands/testors-craft/open-stock-acrylic-2oz-craft-paint","2024-11-30 14:48:25"
"https://www.utrechtart.com/categories/paint/acrylic/","https://www.utrechtart.com/categories/paint/acrylic/","text/html; charset=utf-8","200","OK","Indexable","","Acrylic Paint | Utrecht Art Supplies","36","302","Find a variety of professional and student grade acrylic paints at Utrecht Art Supplies. Shop assorted sets and individual tubes in a spectrum of colors.","153","929","","0","Acrylic Paint","13","","0","Mobile Menu","11","","0","index,follow","","","","https://www.utrechtart.com/categories/paint/acrylic/","","","","","","291456","56724","2030","630","3.222","86.833","Easy","4.335","0","3","","1","1","0","1.150","107","43","0","0","0","0","","","","","22ac86e89b57a0654b04b65c480bd7d8","2.665","","","","","1.1","https://www.utrechtart.com/categories/paint/acrylic/","2024-11-30 14:48:17"
"https://www.ppgpaints.com/products/exterior-paint/ppg-permanizer-exterior-acrylic-latex","https://www.ppgpaints.com/products/exterior-paint/ppg-permanizer-exterior-acrylic-latex","text/html; charset=utf-8","200","OK","Indexable","","PPG PERMANIZER Exterior Acrylic Latex - Professional Quality Paint Products - PPG","81","736","","0","0","","0","PPG PERMANIZER® Exterior Acrylic Latex","38","","0","BRIGHTEN UP YOUR MAILBOX!","25","","0","","","","","","","","","","","209920","28385","562","127","4.425","81.314","Easy","5.061","0","2","","5","1","0","1.150","130","92","0","19","16","0","","","","","2886c47464482c63c8b6724242938ec3","1.113","","","","","1.1","https://www.ppgpaints.com/products/exterior-paint/ppg-permanizer-exterior-acrylic-latex","2024-11-30 14:48:23"
"https://www.cherryjeffs.com/eco-alternative-to-acrylic-paint","https://www.cherryjeffs.com/eco-alternative-to-acrylic-paint","text/html;charset=utf-8","200","OK","Indexable","","I Love Acrylic Paint but I Need an Eco-Friendly Alternative","59","504","Artists' acrylic paints are fundamentally liquid plastic. So I'm searching 
for an eco-friendly alternative which fits my creative process and 
workflow.","155","902","","0","Why I Love Acrylic Paint but Want to Ditch It","45","","0","Why I started using acrylic paint","33","The contradiction of using acrylic for my painting, Creative Fire","65","","","","","https://www.cherryjeffs.com/eco-alternative-to-acrylic-paint","","","","","","154739","24633","953","124","7.685","73.688","Fairly Easy","4.220","0","0","","1","1","0","1.150","25","12","0","16","7","0","","","","","409b7d30f55350707ec41bba3178e78","1.139","","","","","1.1","https://www.cherryjeffs.com/eco-alternative-to-acrylic-paint","2024-11-30 14:48:24"
"https://www.jessiechui.com/blog/how-to-use-acrylic-paint-and-medium-with-crepe-paper","https://www.jessiechui.com/blog/how-to-use-acrylic-paint-and-medium-with-crepe-paper","text/html;charset=utf-8","200","OK","Indexable","","How to use Acrylic Paint with Crepe Paper - Part 1 — Jessie Chui | Fine Art Sculptures and Photography","102","907","In this second post of my “Colour My Florals” series, I’m going to share 
how I paint my crepe paper with acrylic paint to create my crepe paper 
flower sculptures.","166","988","","0","How to use Acrylic Paint with Crepe Paper - Part 1","50","","0","How to address the unique qualities of crepe paper and acrylic paint","68","What mediums I use with my acrylic paint on crepe paper","55","","","","","https://www.jessiechui.com/blog/how-to-use-acrylic-paint-and-medium-with-crepe-paper","","","","","","226125","36283","2073","267","7.764","83.502","Easy","6.033","0","1","","1","1","0","1.150","69","31","0","27","20","0","","","","","2b856de0ce3a77bfa211b3d5edc5d541","1.511","","","","","1.1","https://www.jessiechui.com/blog/how-to-use-acrylic-paint-and-medium-with-crepe-paper","2024-11-30 14:48:38"
"https://www.royaltalens.com/collections/van-gogh-acrylic-paint","https://www.royaltalens.com/collections/van-gogh-acrylic-paint","text/html; charset=utf-8","200","OK","Indexable","","Van Gogh acrylic paint | Official website | Royal Talens","56","475","Van Gogh acrylic paint is a heavy body acrylic paint that is easy to mix and use. Made with high-quality pigments for intense colours.","134","817","Van Gogh acrylic paint, Royal Talens, www.royaltalens.com","57","Van Gogh acrylic paint","22","","0","Van Gogh acrylic paint is a heavy body paint that is easy to mix and use. This acrylic paint is made with a high concentration of pigments for intense colours and good lightfastness. Perfect for beginners, students and advanced artists.","236","","0","","","","","https://www.royaltalens.com/collections/van-gogh-acrylic-paint","","","","","","275684","58344","192","27","7.111","84.173","Easy","0.645","0","1","","3","1","0","1.150","53","33","0","4","4","0","","","","","32442229456f43ec001f56fec9f21754","2.272","","","","","1.1","https://www.royaltalens.com/collections/van-gogh-acrylic-paint","2024-11-30 14:48:16"
"https://www.dickblick.com/products/blick-studio-acrylics/","https://www.dickblick.com/products/blick-studio-acrylics/","text/html; charset=utf-8","200","OK","Indexable","","Blick Studio Acrylic Paints and Sets | BLICK Art Materials","58","499","Shop Blick Studio Acrylic Colors. A great value for students and beginning artists. Their high pigment concentration assures strong color and covering power.","157","975","","0","Blick Studio Acrylic Paints and Sets","36","","0","Departments","11","Item Specs","10","index,follow","","","","https://www.dickblick.com/products/blick-studio-acrylics/","","","","","","563079","83105","683","203","3.365","100.000","Very Easy","0.925","0","2","","6","2","0","2.300","86","66","0","12","7","0","","","","","7bdc0d85aef5e5d1e95688f50745c58d","2.538","","","","","1.1","https://www.dickblick.com/products/blick-studio-acrylics/","2024-11-30 14:48:32"
"https://www.joann.com/c/art-supplies-painting/paints-and-mediums/acrylic-paint/","https://www.joann.com/c/art-supplies-painting/paints-and-mediums/acrylic-paint/","text/html; charset=utf-8","200","OK","Indexable","","Acrylic Paint - Acrylic Paint Tubes & Acrylic Paint Bottles | JOANN","67","577","Great deals on high quality acrylic paint, or value Acrylic Paint. No matter your skill level or project JOANN has the perfect assortment of acrylic paint for you.","163","966","","0","Acrylic Paint","13","","0","","0","","0","","","","","https://www.joann.com/c/art-supplies-painting/paints-and-mediums/acrylic-paint/","","","","","","490403","103671","89","20","4.450","87.300","Easy","0.609","0","4","","1","1","0","1.150","48","45","0","9","8","0","","","","","25e0a29518ad0f8425f27e55709e6875","1.997","","","","","1.1","https://www.joann.com/c/art-supplies-painting/paints-and-mediums/acrylic-paint/","2024-11-30 14:48:25"
"https://vandymasseystudio.art/cleaning-used-acrylic-painting-water/","https://vandymasseystudio.art/cleaning-used-acrylic-painting-water/","text/html; charset=UTF-8","200","OK","Indexable","","Cleaning Used Acrylic Painting Water - Vandy Massey Studio","58","532","I tested various methods for cleaning used acrylic painting water. Here are my conclusions and a step-by-step process for the best method.","138","862","","0","Cleaning Used Acrylic Painting Water","36","","0","What to do with all this sludgy painting water?","47","My preferred option for cleaning used acrylic painting water","60","index, follow, max-image-preview:large, max-snippet:-1, max-video-preview:-1","","","","https://vandymasseystudio.art/cleaning-used-acrylic-painting-water/","","","","","","88652","22740","1377","219","6.288","90.725","Very Easy","8.760","0","1","","5","1","0","1.150","99","76","0","17","14","0","","","","","3b4b87023900c4c23730739dcc0c0772","2.672","","","","","1.1","https://vandymasseystudio.art/cleaning-used-acrylic-painting-water/","2024-11-30 14:48:14"
"https://www.artistsnetwork.com/art-techniques/make-your-own-paint/","https://www.artistsnetwork.com/art-techniques/make-your-own-paint/","text/html; charset=UTF-8","200","OK","Indexable","","Hey Artists: Discover How to Make Your Own Paint","48","447","Want to know how easy it is to make your own paint? In this tutorial, you'll learn all you need to know, plus step-by-step photos to help get you started!","154","927","","0","Make Your Own Paint","19","","0","Shopping Cart","13","Shopping Cart","13","index, follow, max-image-preview:large, max-snippet:-1, max-video-preview:-1","","","","https://www.artistsnetwork.com/art-techniques/make-your-own-paint/","","","","","","478112","91690","2896","467","6.201","76.913","Fairly Easy","3.880","0","2","","43","1","0","1.150","208","71","0","19","18","0","","","","","43c69bea4402f4613877da9d101014f4","1.035","","","","","1.1","https://www.artistsnetwork.com/art-techniques/make-your-own-paint/","2024-11-30 14:48:12"
"https://www.amazon.com/acrylic-paint/s?k=acrylic+paint","https://www.amazon.com/acrylic-paint/s?k=acrylic+paint","text/html;charset=UTF-8","200","OK","Indexable","","Amazon.com : acrylic paint","26","239","","0","0","","0","1-48 of over 10,000 results for ""acrylic paint"" Sort by: Featured Price: Low to High Price: High to Low Avg. Customer Review Newest Arrivals Best Sellers Sort by:Featured Go","173","","0","Results","7","Mont Marte Acrylic Paint Set 24 Colours 36ml, Perfect for Canvas, Wood, Fabric, Leather, Cardboard, Paper, MDF and Crafts","121","","","","","","","","","","","1046373","152519","3571","1210","2.951","100.000","Very Easy","1.919","0","1","","33","1","0","1.150","452","279","0","22","22","0","","","","","50848c3042177d4054bddc354673ccf0","1.041","","","","","1.1","https://www.amazon.com/acrylic-paint/s?k=acrylic+paint","2024-11-30 14:48:36"
"https://www.instructables.com/How-to-Keep-Your-Acrylic-Paints-Wet/","https://www.instructables.com/How-to-Keep-Your-Acrylic-Paints-Wet/","text/html; charset=utf-8","200","OK","Indexable","","How to Keep Your Acrylic Paints Wet - Instructables","51","455","How to Keep Your Acrylic Paints Wet: I would paint with oils if I could find the materials I want, but I can't so I'm left to make due with acrylic paints and we all know how fast they can dry. So for all those of you who like acrylics for one reason or another but can't stand your pal…","287","1711","","0","How to Keep Your Acrylic Paints Wet","35","","0","Introduction: How to Keep Your Acrylic Paints Wet","49","Step 1: How Much Can You Dilute Acrylic Paints?","47","","","","","https://www.instructables.com/How-to-Keep-Your-Acrylic-Paints-Wet/","","","","","","92237","31068","1025","120","8.542","82.614","Easy","6.307","0","1","","1","1","0","1.150","27","22","0","9","9","0","","","","","9ca323bb65666f864ae8dd3717ce4371","1.637","","","","","1.1","https://www.instructables.com/How-to-Keep-Your-Acrylic-Paints-Wet/","2024-11-30 14:48:22"
"https://createfulart.com/blog/main/the-differences-between-oil-paints-and-acrylic-paints","https://createfulart.com/blog/main/the-differences-between-oil-paints-and-acrylic-paints","text/html; charset=UTF-8","200","OK","Indexable","","The Differences Between Oil Paints and Acrylic Paints","53","475"," For this lesson, a friend, Paintings by Justin, and I wanted to make a video together on the differences between oils and acrylics. Justin painted this ocean wave scene in oils and I painted the same scene with acrylics. We hope this helps you ...","248","1502","","0","The Differences Between Oil Paints and Acrylic Paints","53","","0","","0","Here are the key differences between oils and acrylics:","55","","","","","https://createfulart.com/blog/main/the-differences-between-oil-paints-and-acrylic-paints","","","","","","713606","91993","1903","336","5.664","89.902","Easy","1.601","0","2","","3","1","0","1.150","93","37","0","10","5","0","","","","","15a5fd05026014af2e2f89e61d0666cc","1.372","","","","","1.1","https://createfulart.com/blog/main/the-differences-between-oil-paints-and-acrylic-paints","2024-11-30 14:48:38"
"https://acrylicpouring.com/golden-fluid-acrylic-paint-review/","https://acrylicpouring.com/golden-fluid-acrylic-paint-review/","text/html; charset=UTF-8","200","OK","Indexable","","Golden Fluid Acrylic Paints for Pouring: Review and Test","56","494","","0","0","","0","Golden Fluid Acrylic Paints for Pouring: Review and Test","56","","0","Supplies I Used","15","Painting Process","16","follow, index, max-snippet:-1, max-video-preview:-1, max-image-preview:large","","","","https://acrylicpouring.com/golden-fluid-acrylic-paint-review/","","","","","","250432","61539","1492","266","5.609","81.953","Easy","4.303","0","1","","24","1","0","1.150","86","31","0","57","31","0","","","","","19b058016fa8f594a2d5f077bd8c3d97","2.776","","","","","1.1","https://acrylicpouring.com/golden-fluid-acrylic-paint-review/","2024-11-30 14:48:29"
"https://www.thebuzzedartist.com/arteza-acrylic-paint-review/","https://www.thebuzzedartist.com/arteza-acrylic-paint-review/","text/html; charset=UTF-8","200","OK","Indexable","","Arteza Acrylic Paint Review: Worth it? | Unboxing + LightFast Test","66","576","","0","0","","0","Arteza Acrylic Paint Review: Worth it? | Unboxing + LightFast Test","66","Arteza Acrylic Paint Review: Worth it? | Unboxing + LightFast Test","66","Criteria 1: Organization + Color Selection","42","Criteria 2: Paint Tube Labels + Light Fastness","46","follow, index, max-snippet:-1, max-video-preview:-1, max-image-preview:large","","","","https://www.thebuzzedartist.com/arteza-acrylic-paint-review/","","","","","","195666","41791","1948","248","7.855","82.255","Easy","6.033","0","1","","5","1","0","1.150","61","30","0","11","8","0","","","","","9dc02563f0104ce3ba063904208ffec4","1.509","","","","","1.1","https://www.thebuzzedartist.com/arteza-acrylic-paint-review/","2024-11-30 14:48:27"
"https://ak-interactive.com/product-category/paints/paints-acrylics/","https://ak-interactive.com/product-category/paints/paints-acrylics/","text/html; charset=UTF-8","200","OK","Indexable","","Acrylic paints for modeling | AK Interactive","44","375","Acrylic paints for modeling are ideal to paint by brush and also airbrush once they are diluted. A really wide range of colour for general purpose.","147","884","","0","Acrylics","8","","0","AK INTERACTIVE S.L | POLÍGONO LA PORTALADA, CALLE VALSALADO 6 | LOGROÑO, LA RIOJA, SPAIN","88","","0","index, follow, max-image-preview:large, max-snippet:-1, max-video-preview:-1","","","","https://ak-interactive.com/product-category/paints/paints-acrylics/","https://ak-interactive.com/product-category/paints/paints-acrylics/page/2/","","","","","353235","44855","1583","524","3.021","100.000","Very Easy","2.189","0","3","","8","1","0","1.150","537","264","0","9","5","0","","","","","cbac4cc4abe67f3d0df92de800308ad2","3.198","","","","","1.1","https://ak-interactive.com/product-category/paints/paints-acrylics/","2024-11-30 14:48:22"
"https://plaidonline.com/brands/folkart","https://plaidonline.com/brands/folkart","text/html; charset=UTF-8","200","OK","Indexable","","FolkArt® Acrylic Paint, Brushes & Tools  | Plaid Online","55","467","Discover over 200 premium FolkArt® paint colors, crafted with high-quality ingredients for artists and crafters seeking vibrant, trend-setting shades.","150","914","Art supplies, craft supplies, DIY","33","FolkArt® Acrylic Paint, Brushes & Tools","39","","0","","0","","0","INDEX,FOLLOW","","","","https://plaidonline.com/brands/folkart","https://plaidonline.com/brands/folkart?p=2","","","","","558105","72113","1292","509","2.538","99.163","Very Easy","1.430","0","1","","34","1","0","1.150","247","158","0","9","9","0","","","","","4f80dd9a24132ab7fbea96a381ce652f","0.891","","","","","1.1","https://plaidonline.com/brands/folkart","2024-11-30 14:48:42"
"https://ehs.umass.edu/painting-safety-arts","https://ehs.umass.edu/painting-safety-arts","text/html; charset=utf-8","200","OK","Indexable","","Painting Safety In The Arts | Environmental Health & Safety | UMass Amherst","75","673","  One of the first documented connections between painting pigments and adverse health effects among artists was in 1713, by Italian physician Bernardinus Ramazzini. It took centuries for less harmful pigments to become widely available, and today there are still numerous health and physical hazards to be aware of when painting and drawing.    Hazardous materials used in","373","2313","","0","Painting Safety In The Arts","27","","0","Search form","11","You are here","12","","","","","https://ehs.umass.edu/painting-safety-arts","","","","","","89649","89649","2157","362","5.959","58.257","Fairly Hard","19.720","0","0","","1","1","0","1.150","108","102","0","0","0","0","","","","","60474073fa79e90b168ba9095fca1981","2.093","Sat, 30 Nov 2024 09:48:18 GMT","","","","1.1","https://ehs.umass.edu/painting-safety-arts","2024-11-30 14:48:19"
"https://www.maccosmetics.com/product/13848/88658/products/makeup/face/glitter-pigment/acrylic-paint","https://www.maccosmetics.com/product/13848/88658/products/makeup/face/glitter-pigment/acrylic-paint","text/html; charset=utf-8","200","OK","Indexable","","Acrylic Paint | MAC Cosmetics - Official Site","45","384","","0","0","","0","Acrylic Paint","13","Acrylic Paint","13","Lustreglass Sheer-Shine Lipstick","32","M·A·CStack Mascara","18","noodp,max-image-preview:large","","","","https://www.maccosmetics.com/product/13848/88658/products/makeup/face/glitter-pigment/acrylic-paint","","","","","","792319","145285","1621","466","3.479","78.518","Fairly Easy","1.769","0","7","","13","1","0","1.150","344","151","0","17","12","0","","","","","ca32082fb7302feb295f8de76ad9a7b0","1.447","Sat, 30 Nov 2024 08:02:04 GMT","","","","1.1","https://www.maccosmetics.com/product/13848/88658/products/makeup/face/glitter-pigment/acrylic-paint","2024-11-30 14:48:43"
"https://thebluebottletree.com/painting-polymer-clay/","https://thebluebottletree.com/painting-polymer-clay/","text/html; charset=UTF-8","200","OK","Indexable","","Look, we need to talk about painting polymer clay - The Blue Bottle Tree","72","629","Painting polymer clay shouldn't be this hard, right? Here's the scoop on choosing a paint, why it gets sticky, if you need to seal it, peeling and chipping.","156","929","","0","Look, we need to talk about painting polymer clay","49","1","1","Problems with Painting on Polymer Clay","38","Types of Painting on Polymer Clay","33","index, follow, max-image-preview:large, max-snippet:-1, max-video-preview:-1","","","","https://thebluebottletree.com/painting-polymer-clay/","","","","","","295931","54352","5902","939","6.285","81.969","Easy","11.338","0","1","","30","1","0","1.150","109","45","0","27","26","0","","","","","d83f2ea7f174a1aa7df1210b60998a4e","1.396","Sat, 30 Nov 2024 08:59:08 GMT","","","","1.1","https://thebluebottletree.com/painting-polymer-clay/","2024-11-30 14:48:30"
"https://www.britannica.com/art/acrylic-painting","https://www.britannica.com/art/acrylic-painting","text/html;charset=UTF-8","200","OK","Indexable","","Acrylic painting | Techniques, Supplies, Materials | Britannica","63","534","Acrylic painting, painting executed in the medium of synthetic acrylic resins. Acrylics dry rapidly, serve as a vehicle for any kind of pigment, and are capable of giving both the transparent brilliance of watercolour and the density of oil paint. They are considered to be less affected by heat and","299","1789","acrylic painting, encyclopedia, encyclopeadia, britannica, article","66","acrylic painting","16","","0","","0","","0","","","","","https://www.britannica.com/art/acrylic-painting","","","","","","75022","18296","744","170","4.376","65.032","Normal","6.431","0","1","","2","1","0","1.150","126","88","0","8","8","0","","","","","2e56724a4315039803ac21bb09896b8","0.663","","","","","1.1","https://www.britannica.com/art/acrylic-painting","2024-11-30 14:48:32"
"https://gaffreyart.com/","https://gaffreyart.com/","text/html; charset=utf-8","200","OK","Indexable","","gaffrey art material | Artist Acrylics & Art Supplies
    
    
    
      – Gaffrey Art Material","97","628","Gaffrey paint hits different. From thick Heavy Texture to timeless Acrylic Colors, rely on on our art supplies that make creativity an everyday affair. Affordable, uncomplicated, and straight to your door with free shipping on orders over $75.","243","1462","","0","","0","","0","gaffrey paints hit different","28","Paint in Another Dimension","26","","","","","https://gaffreyart.com/","","","","","","640508","71038","1041","378","2.754","82.950","Easy","1.294","0","0","","7","1","0","1.150","149","63","0","10","8","0","","","","","a592e07c7c49733be3ce727b29d6340c","0.580","","","","","1.1","https://gaffreyart.com/","2024-11-30 14:48:29"
"https://www.dragonflyspiritstudio.com/painting-tips-easy-acrylic-clean-plus-tips-watercolorists/","https://www.dragonflyspiritstudio.com/painting-tips-easy-acrylic-clean-plus-tips-watercolorists/","text/html; charset=UTF-8","200","OK","Indexable","","Painting Tips—Easy Acrylic Clean-up (plus some tips for watercolorists, too!) – Dragonfly Spirit Studio","103","891","One of the joys of watercolor is the ease of cleanup. In fact, you don't really have to clean up at all, if you don't feel like it. Nothing terrible happens if you just wipe off your brush, put it down and walk away. Well, mostly—do you know the right way to put down a watercolor…","281","1678","","0","Painting Tips—Easy Acrylic Clean-up (plus some tips for watercolorists, too!)","77","","0","Post navigation","15","Similar Posts","13","max-image-preview:large","","","","https://www.dragonflyspiritstudio.com/painting-tips-easy-acrylic-clean-plus-tips-watercolorists/","","","","","","120406","28278","1834","229","8.009","86.198","Easy","9.962","0","1","","1","1","0","1.150","81","32","0","0","0","0","","","","","cadd7b689755e6b5b52785847d5a253c","2.230","","","","","1.1","https://www.dragonflyspiritstudio.com/painting-tips-easy-acrylic-clean-plus-tips-watercolorists/","2024-11-30 14:48:36"
"https://www.amsterdam-acrylics.com/en/catalog/amsterdam-standard-series-acrylic/standard-series-acrylics-all-color-set90-20-ml/","https://www.amsterdam-acrylics.com/en/catalog/amsterdam-standard-series-acrylic/standard-series-acrylics-all-color-set90-20-ml/","text/html; charset=utf-8","200","OK","Indexable","","Standard Series acrylic paint all colors set | 90 x 20 ml | Amsterdam Acrylics","78","665","Amsterdam Standard Series acrylic paint all colors set | 90 x 20 ml","67","407","acrylic paint, acrylic color, acrylic colour, Amsterdam acrylic, Amsterdam paint, Standard Series, Standard Series acrylic, Standard Series paint, medium body paint, medium body acrylic","185","Standard Series acrylic paint all colors set | 90 x 20 ml","57","","0","Specifications","14","","0","index, follow","","","","https://www.amsterdam-acrylics.com/en/catalog/amsterdam-standard-series-acrylic/standard-series-acrylics-all-color-set90-20-ml/","","","","","","40014","9019","424","72","5.889","59.791","Fairly Hard","8.204","0","4","","1","1","0","1.150","24","22","0","3","3","0","","","","","26c1812e4c27c6cec53b61da071fe206","1.315","","","","","1.1","https://www.amsterdam-acrylics.com/en/catalog/amsterdam-standard-series-acrylic/standard-series-acrylics-all-color-set90-20-ml/","2024-11-30 14:48:17"
"https://canada.michaels.com/shop/art-supplies/paint-painting-supplies/fine-art-paint/acrylic","https://canada.michaels.com/shop/art-supplies/paint-painting-supplies/fine-art-paint/acrylic","text/html","403","Forbidden","Non-Indexable","Client Error","","0","0","","0","0","","0","","0","","0","","0","","0","","","","","","","","","","","473","473","0","","","","","0.000","0","4","","0","0","0","0.000","0","0","0","0","0","0","","","","","","1.153","","","","","1.1","https://canada.michaels.com/shop/art-supplies/paint-painting-supplies/fine-art-paint/acrylic","2024-11-30 14:48:39"
"https://www.wetcanvas.com/forums/topic/using-acrylic-paints-in-a-pinch/","https://www.wetcanvas.com/forums/topic/using-acrylic-paints-in-a-pinch/","text/html; charset=UTF-8","200","OK","Indexable","","Using Acrylic paints in a pinch? - WetCanvas: Online Living for Artists","71","605","","0","0","","0","","0","","0","Using Acrylic paints in a pinch?","32","","0","index, follow, max-image-preview:large, max-snippet:-1, max-video-preview:-1","","","","https://www.wetcanvas.com/forums/topic/using-acrylic-paints-in-a-pinch/","","","","","","130245","27679","1077","224","4.808","87.898","Easy","5.715","0","3","","11","1","0","1.150","49","32","0","18","10","0","","","","","cb5eaebf81a6914fb5b3393f4662c628","1.408","","","","","1.1","https://www.wetcanvas.com/forums/topic/using-acrylic-paints-in-a-pinch/","2024-11-30 14:48:20"
"https://forum.powerscore.com/viewtopic.php?t=12423","https://forum.powerscore.com/viewtopic.php?t=12423","text/html; charset=UTF-8","200","OK","Indexable","","#2 - For house painting, acrylic paints are an excellent - LSAT Discussion Forum","80","700","","0","0","","0","LSAT and Law School Admissions Forum","36","","0","#2 - For house painting, acrylic paints are an excellent","56","","0","","","","","https://forum.powerscore.com/viewtopic.php?t=12423","","","","","","441243","30247","11339","1719","6.596","100.000","Very Easy","12.535","0","0","","1","1","0","1.150","1512","1489","0","4","3","0","","","","","d54e8fc679b080d8bd6cd51bed5a55a5","1.078","","","","","1.1","https://forum.powerscore.com/viewtopic.php?t=12423","2024-11-30 14:48:46"
"https://www.dickblick.com/categories/painting/acrylic-paint/","https://www.dickblick.com/categories/painting/acrylic-paint/","text/html; charset=utf-8","200","OK","Indexable","","Acrylic Paint | BLICK Art Materials","35","297","Shop hundreds of acrylic paints at Blick. From heavy body acrylic paint to student-grade, plus fluid acrylics, acrylic craft paint, and acrylic gouache.","152","903","","0","Acrylic Paint","13","","0","Departments","11","","0","index,follow","","","","https://www.dickblick.com/categories/painting/acrylic-paint/","","","","","","593578","105214","3257","886","3.676","91.983","Very Easy","3.732","0","3","","1","1","0","1.150","176","97","0","11","6","0","","","","","f150c855d63fc47cc27ca0bf911b9fd","2.588","","","","","1.1","https://www.dickblick.com/categories/painting/acrylic-paint/","2024-11-30 14:48:25"
"https://www.officedepot.com/b/acrylic-and-tempera-paints/N-639162","https://www.officedepot.com/b/acrylic-and-tempera-paints/N-639162","text/html","200","OK","Indexable","","Site Maintenance","16","155","","0","0","","0","We are sorry, but Office Depot is currently not available in your country. Please contact the site administrator Reference Code: 1","130","","0","","0","","0","","","","","","","","","","","1169","698","18","2","9.000","56.700","Fairly Hard","11.102","0","2","","0","0","0","0.000","0","0","0","0","0","0","","","","","a3b6a165da7966446af6ad803ca8daa1","2.378","","","","","1.1","https://www.officedepot.com/b/acrylic-and-tempera-paints/N-639162","2024-11-30 14:48:34"
"https://www.reddit.com/r/minipainting/comments/17gbhrl/can_i_use_high_quality_acrylic_paints_for_minis/","https://www.reddit.com/r/minipainting/comments/17gbhrl/can_i_use_high_quality_acrylic_paints_for_minis/","text/html; charset=utf-8","302","Found","Non-Indexable","Redirected","","0","0","","0","0","","0","","0","","0","","0","","0","","","","","","","","","","","405","405","0","","","","","0.000","0","5","","0","0","0","0.000","0","0","0","0","0","0","","","","","","0.547","","https://www.reddit.com/r/minipainting/comments/17gbhrl/can_i_use_high_quality_acrylic_paints_for_minis/?rdt=64176","HTTP Redirect","","1.1","https://www.reddit.com/r/minipainting/comments/17gbhrl/can_i_use_high_quality_acrylic_paints_for_minis/","2024-11-30 14:48:12"
"https://art.royalbrush.com/art-materials/acrylic-paints","https://art.royalbrush.com/art-materials/acrylic-paints","text/html; charset=UTF-8","200","OK","Indexable","","Acrylic Paints | Royal & Langnickel - Art","41","342","Royal & Langnickel's acrylic paints are the next generation of acrylic colors. The colors remain bright, intense, and permanent when they have dried.","149","909","","0","Acrylic Paints","14","","0","12 ml Acrylic Paint Packs","25","21 ml Acrylic Paint Packs","25","","","","","","","","","","","78212","9760","846","425","1.991","94.815","Very Easy","8.078","0","1","","15","1","0","1.150","118","69","0","10","6","0","","","","","a18d90240005ab99adf333f855b972d0","1.372","","","","","1.1","https://art.royalbrush.com/art-materials/acrylic-paints","2024-11-30 14:48:21"
"https://www.art-is-fun.com/toxicity-of-acrylic-paint","https://www.art-is-fun.com/toxicity-of-acrylic-paint","text/html;charset=utf-8","200","OK","Indexable","","Toxicity of Acrylic Paint — Art is Fun","38","317","I want to try acrylics but have read that the paints themselves are toxic. 
Is this true?","90","515","","0","Art is Fun","10","Toxicity of Acrylic Paint?","26","Reader question","15","Response","8","max-image-preview:large","","","","https://www.art-is-fun.com/toxicity-of-acrylic-paint","","","","","","87965","17131","480","80","6.000","77.723","Fairly Easy","3.866","0","0","","0","0","0","0.000","39","23","0","15","11","0","","","","","552448cd94567fe9d1f8f236125cded8","0.802","","","","","1.1","https://www.art-is-fun.com/toxicity-of-acrylic-paint","2024-11-30 14:48:46"
"https://www.jerrysartarama.com/paints-mediums/acrylic-paints-mediums","https://www.jerrysartarama.com/paints-mediums/acrylic-paints-mediums","text/html; charset=UTF-8","403","Forbidden","Non-Indexable","Client Error","","0","0","","0","0","","0","","0","","0","","0","","0","","","","","","","","","","","0","0","0","","","","","0.000","0","1","","0","0","0","0.000","0","0","0","0","0","0","","","","","","0.614","","","","","1.1","https://www.jerrysartarama.com/paints-mediums/acrylic-paints-mediums","2024-11-30 14:48:41"
"https://www.cassart.co.uk/paint/acrylic","https://www.cassart.co.uk/paint/acrylic","text/html; charset=UTF-8","200","OK","Indexable","","Acrylic | Paint | Cass Art","26","209","Cass Art's acrylic paint range for artists includes professional and studio-quality acrylic supplies from brands such as Winsor & Newton, and Daler Rowney.","155","958","Acrylic Markers, Acrylic Spray Paint, Acrylic Paint, Acrylic Paint, Acrylic Painting, Golden Acrylic Paint, Daler Rowney Acrylic, Winsor & Newton Acrylic, Acrylic Paint Sets,  Cass Art Acrylic,  Pouring Medium,","210","ACRYLIC PAINTING","16","","0","","0","Add a Wishlist","14","","","","","https://www.cassart.co.uk/paint/acrylic","","","","","","550924","73863","137","26","5.269","84.776","Easy","1.566","0","1","","7","1","0","1.150","463","293","0","12","7","0","","","","","b3ffe1d861e678910298fefb944fbdeb","1.521","","","","","1.1","https://www.cassart.co.uk/paint/acrylic","2024-11-30 14:48:14"
"https://www.montmarte.com/blogs/tips-techniques/10-tips-for-how-to-dispose-of-acrylic-paint-thoughtfully","https://www.montmarte.com/blogs/tips-techniques/10-tips-for-how-to-dispose-of-acrylic-paint-thoughtfully","text/html; charset=utf-8","200","OK","Indexable","","10 tips for how to dispose of acrylic paint thoughtfully
– Mont Marte Global","76","661","Though it can be hard at times, it’s never too late to start protecting our environment. But how can we care and create at the same time? When it comes to acrylic painting, there are ways to paint more sustainably, keeping our planet in mind, so here are 10 tips on how to dispose of acrylic paint thoughtfully. 1. Never","320","1946","","0","","0","","0","1. Never rinse used paint brushes or pour left over paint into the sink","71","2. Head to a waste facility to recycle","38","","","","","https://www.montmarte.com/blogs/tips-techniques/10-tips-for-how-to-dispose-of-acrylic-paint-thoughtfully","","","","","","675339","107310","1178","159","7.409","85.198","Easy","1.921","0","2","","1","1","0","1.150","40","32","0","12","12","0","","","","","22cb9a4cff206a18c6d05881e62328d","0.623","","","","","1.1","https://www.montmarte.com/blogs/tips-techniques/10-tips-for-how-to-dispose-of-acrylic-paint-thoughtfully","2024-11-30 14:48:40"
"https://nancyreyner.com/2010/10/12/is-using-water-with-acrylic-good-or-bad/","https://nancyreyner.com/2010/10/12/is-using-water-with-acrylic-good-or-bad/","text/html; charset=UTF-8","200","OK","Indexable","","Acrylic Painting Tips: When To Use & Not Use Water","50","457","Uncover the myths and truths about using water with acrylic paints. Discover techniques, tips and so much more in our guide, Acrylic Revolution. Understand wh","158","993","","0","Is Using Water with Acrylic – Good or Bad?","42","19 Comments","11","Special Offer","13","","0","index, follow, max-snippet:-1, max-image-preview:large, max-video-preview:-1","","","","https://nancyreyner.com/2010/10/12/is-using-water-with-acrylic-good-or-bad/","","","","","","254326","46537","2561","397","6.451","86.122","Easy","5.755","0","4","","5","1","0","1.150","66","25","0","19","16","0","","","","","450367e9dbe8d636be699d85c03f02c8","1.577","","","","","1.1","https://nancyreyner.com/2010/10/12/is-using-water-with-acrylic-good-or-bad/","2024-11-30 14:48:23"
"https://pattimollica.com/blog/keeping-acrylic-paints-wet","https://pattimollica.com/blog/keeping-acrylic-paints-wet","text/html;charset=utf-8","200","OK","Indexable","","Keeping Acrylic Paints Wet — Paintings By Patti Mollica","55","487","","0","0","","0","Paintings By Patti Mollica","26","Keeping Acrylic Paints Wet","26","","0","","0","","","","","https://pattimollica.com/blog/keeping-acrylic-paints-wet","","","","","","73537","17056","728","105","6.933","88.470","Easy","6.649","0","1","","4","1","0","1.150","39","18","0","9","8","0","","","","","c7b22adf156dbe4f22b6c6bb5bb70219","1.267","","","","","1.1","https://pattimollica.com/blog/keeping-acrylic-paints-wet","2024-11-30 14:48:28"
"https://novacolorpaint.com/","https://novacolorpaint.com/","text/html; charset=utf-8","200","OK","Indexable","","Buy High Quality Acrylic Paint for Artists | Nova Color","55","465","Nova Color offers affordable high quality acrylic paint manufactured in the USA and ideal for traditional & contemporary artists. Browse 80 brilliant colors!","157","946","Nova Color, novacolorpaint.com","30","Explore 92 Brilliant Colors of Professional Acrylic Paint","57","","0","Explore Featured Collections","28","","0","","","","","https://novacolorpaint.com/","","","","","","534830","79557","1100","387","2.842","83.664","Easy","2.174","0","0","","16","1","0","1.150","264","92","0","15","5","0","","","","","25c0fc46ca5ad39744561d0702aacfe","0.730","","","","","1.1","https://novacolorpaint.com/","2024-11-30 14:48:36"
"https://www.reddit.com/r/acrylicpainting/comments/166vpz8/whats_your_take_on_cheap_vs_expensive_acrylic/","https://www.reddit.com/r/acrylicpainting/comments/166vpz8/whats_your_take_on_cheap_vs_expensive_acrylic/","text/html; charset=utf-8","302","Found","Non-Indexable","Redirected","","0","0","","0","0","","0","","0","","0","","0","","0","","","","","","","","","","","407","407","0","","","","","0.000","0","5","","0","0","0","0.000","0","0","0","0","0","0","","","","","","0.415","","https://www.reddit.com/r/acrylicpainting/comments/166vpz8/whats_your_take_on_cheap_vs_expensive_acrylic/?rdt=59086","HTTP Redirect","","1.1","https://www.reddit.com/r/acrylicpainting/comments/166vpz8/whats_your_take_on_cheap_vs_expensive_acrylic/","2024-11-30 14:48:36"
"https://acrylicdiva.com/acrylicdivablog/2016/07/the-true-story-of-how-to-clean-your.html","https://acrylicdiva.com/acrylicdivablog/2016/07/the-true-story-of-how-to-clean-your.html","text/html;charset=utf-8","200","OK","Indexable","","The True Story of How to Clean Your Acrylic Paint Brushes  — Acrylic Diva","73","643","","0","0","","0","The True Story of How to Clean Your Acrylic Paint Brushes","57","","0","Golden SoFlat Acrylics: The Artist’s Dream for Matte, Smooth Coverage","69","Easy Flower Painting","20","","","","","https://acrylicdiva.com/acrylicdivablog/2016/07/the-true-story-of-how-to-clean-your.html","","","","","","153337","30768","1255","214","5.864","93.228","Very Easy","5.689","0","3","","1","1","0","1.150","70","39","0","33","14","0","","","","","5e578f934911d44160673044fc0e8c09","1.611","","","","","1.1","https://acrylicdiva.com/acrylicdivablog/2016/07/the-true-story-of-how-to-clean-your.html","2024-11-30 14:48:36"
"https://www.greenstuffworld.com/en/122-acrylic-paints","https://www.greenstuffworld.com/en/122-acrylic-paints","text/html; charset=utf-8","200","OK","Indexable","","Acrylic Paints | Water based acrylic paint - GSW","48","415","Water based acrylic paints, acrylic colors for model making and figurine painting. Buy the best acrylic paints at the best price at Green Stuff World.","150","901","acrylic, paints, acrilic paints, acrylc paints, acrylic paints","62","Acrylic Paints","14","Acrylic paints for modeling","27","Is acrylic paint water-based?","29","","0","index,follow","","","","https://www.greenstuffworld.com/en/122-acrylic-paints","","","","","","380095","63071","6987","1725","4.050","87.127","Easy","10.833","0","1","","26","1","0","1.150","1135","538","0","11","11","0","","","","","b1cfb18282c6c4381c78e18cecd19b37","1.617","","","","","1.1","https://www.greenstuffworld.com/en/122-acrylic-paints","2024-11-30 14:48:25"
"https://campfireseattle.org/blog/diy-acrylic-tie-dye/","https://campfireseattle.org/blog/diy-acrylic-tie-dye/","text/html; charset=UTF-8","200","OK","Indexable","","DIY: Acrylic Tie-Dye – Camp Fire Central Puget Sound","52","472","","0","0","","0","DIY: Acrylic Tie-Dye","20","","0","You will need:","14","Step 1: Setting it all up!","26","index, follow, max-image-preview:large, max-snippet:-1, max-video-preview:-1","","","","https://campfireseattle.org/blog/diy-acrylic-tie-dye/","","","","","","162456","46329","1146","176","6.511","93.184","Very Easy","5.910","0","2","","5","1","0","1.150","80","57","0","6","5","0","","","","","fe0477880e4956455974f7631fa46d80","1.989","","","","","1.1","https://campfireseattle.org/blog/diy-acrylic-tie-dye/","2024-11-30 14:48:42"
"https://www.staedtler.com/intl/en/products/products-for-artists/acrylic-paints-watercolour-paints/","https://www.staedtler.com/intl/en/products/products-for-artists/acrylic-paints-watercolour-paints/","text/html; charset=utf-8","200","OK","Indexable","","Acrylic paints & watercolour paints | STAEDTLER","47","429","STAEDTLER products for writing, drawing, colouring and modelling are helpful tools for promoting the flow of creative thoughts. Discover STAEDTLER products!","156","991","","0","Acrylic paints & watercolour paints","35","","0","","0","","0","","","","","https://www.staedtler.com/intl/en/products/products-for-artists/acrylic-paints-watercolour-paints/","","","","","","147230","32642","520","144","3.611","76.595","Fairly Easy","3.321","0","5","","4","1","0","1.150","190","107","0","8","8","0","","","","","bbbfc4995ec1544d8c93f7d795444843","1.236","","","","","1.1","https://www.staedtler.com/intl/en/products/products-for-artists/acrylic-paints-watercolour-paints/","2024-11-30 14:48:18"
"https://www.skillshare.com/en/blog/how-to-paint-with-acrylics-a-step-by-step-guide/","https://www.skillshare.com/en/blog/how-to-paint-with-acrylics-a-step-by-step-guide/","text/html; charset=utf-8","200","OK","Indexable","","How to Paint with Acrylics: A Step-by-Step Guide | Skillshare Blog","66","571","Master the art of acrylics with guidance on color mixing, texture techniques, and essential supplies—perfect for beginners looking to bring their canvas to life.","161","971","","0","How to Paint with Acrylics: A Step-by-Step Guide","48","","0","How to Paint with Acrylics: A Step-by-Step Guide","48","What Are Acrylic Paints?","24","index, follow, max-snippet:-1, max-image-preview:large, max-video-preview:-1","","","","https://www.skillshare.com/en/blog/how-to-paint-with-acrylics-a-step-by-step-guide/","","","","","","187968","31554","2901","381","7.614","80.153","Easy","8.930","0","3","","8","1","0","1.150","36","26","0","16","12","0","","","","","af521dd57d9fcccb21310049217652f","0.780","","","","","1.1","https://www.skillshare.com/en/blog/how-to-paint-with-acrylics-a-step-by-step-guide/","2024-11-30 14:48:17"
"https://www.dollartree.com/arts-crafts-supplies/painting","https://www.dollartree.com/arts-crafts-supplies/painting","","0","Connection Timeout","Non-Indexable","No Response","","0","0","","0","0","","0","","0","","0","","0","","0","","","","","","","","","","","0","0","0","","","","","0.000","0","1","","0","0","0","0.000","0","0","0","0","0","0","","","","","","","","","","","","https://www.dollartree.com/arts-crafts-supplies/painting","2024-11-30 14:48:41"
"https://themarshallgallery.com/post/4966-is-oil-or-acrylic-paint-better-for-canvas","https://themarshallgallery.com/post/4966-is-oil-or-acrylic-paint-better-for-canvas","text/html; charset=utf-8","200","OK","Indexable","","Is Oil Or Acrylic Paint Better For Canvas? | The Marshall Gallery","65","550","Choosing which paint to use on a canvas can be difficult. Acrylics dry faster, but they are water-soluble and may not last as long. Oil paints take longer to dry, but once they do, they are very durable. This article will help you decide whether oil or acrylic is the best option for your canvas.","296","1757","","0","Is Oil Or Acrylic Paint Better For Canvas?","42","","0","Getting To Know Your Oil And Acrylic Paints","43","What Are Oil And Acrylic Paints Used For?","41","","","","","https://themarshallgallery.com/post/4966-is-oil-or-acrylic-paint-better-for-canvas","","","","","","228975","42331","1114","164","6.793","70.610","Fairly Easy","2.940","0","1","","7","1","0","1.150","43","19","0","11","9","0","","","","","a6bc347218cb7d155042b9c34785b777","1.359","","","","","1.1","https://themarshallgallery.com/post/4966-is-oil-or-acrylic-paint-better-for-canvas","2024-11-30 14:48:13"
"https://visualartspassage.com/blog/best-acrylic-paints/","https://visualartspassage.com/blog/best-acrylic-paints/","text/html; charset=UTF-8","200","OK","Indexable","","Finding The Best Acrylic Paints With Cassandra Kim","50","459","Cassandra Kim rounded up some of the most popular acrylic paint sets to put them to the test and determine the best buy for most artists.","137","857","","0","A Roundup to Find the Best Acrylic Paints","41","","0","The paint sets I purchased:","27","1. Winsor & Newton Galeria Acrylic (set of 10 x.7fl oz) $13.05","62","index, follow, max-image-preview:large, max-snippet:-1, max-video-preview:-1","","","","https://visualartspassage.com/blog/best-acrylic-paints/","","","","","","211274","47486","2281","340","6.709","81.007","Easy","6.487","0","2","","3","1","0","1.150","35","26","0","4","4","0","","","","","34015b6cd88418b4be709c40f9a31b6e","2.535","","","","","1.1","https://visualartspassage.com/blog/best-acrylic-paints/","2024-11-30 14:48:34"
"https://www.ettavee.com/blog/how-to-mix-purple-with-acrylic-paint","https://www.ettavee.com/blog/how-to-mix-purple-with-acrylic-paint","text/html;charset=utf-8","200","OK","Indexable","","How to Mix Vibrant Purple With Acrylic Paint — EttaVee","54","485","Mixing purple is one of the trickiest acrylic paint mixing colors to get 
right. Oftentimes when you mix purple from red and blue, it can turn out 
looking quite dull. But with a few small tweaks, you can stop mixing muddy 
purple and start creating a vibrant masterpiece!","275","1628","","0","How to Mix Vibrant Purple With Acrylic Paint","44","Turquoise Blue","14","Mixing Purple - The Basics","26","My favorite colors for mixing vibrant purple","44","","","","","https://www.ettavee.com/blog/how-to-mix-purple-with-acrylic-paint","","","","","","130230","23059","1006","132","7.621","82.459","Easy","5.138","0","1","","2","1","0","1.150","38","26","0","24","18","0","","","","","af89c818c3f99604f03a38a879d686b4","0.921","","","","","1.1","https://www.ettavee.com/blog/how-to-mix-purple-with-acrylic-paint","2024-11-30 14:48:12"
"https://www.artbeatbox.com/blog/acrylic-paint-on-fabric-and-clothing","https://www.artbeatbox.com/blog/acrylic-paint-on-fabric-and-clothing","text/html;charset=utf-8","200","OK","Indexable","","Can you Use Acrylic Paint on Fabric and Clothing? — Studio Art Beat","67","598","Learn how to use acrylic paint on fabric and clothing, plus tips and tricks 
for achieving vibrant, long-lasting designs and unique fashion statements.","152","909","","0","Can You Use Acrylic Paint On Fabric And Clothing?","49","","0","Can You Use Acrylic Paint On Fabric And Clothing?","49","Acrylic Paint On Fabric And Clothing","36","","","","","https://www.artbeatbox.com/blog/acrylic-paint-on-fabric-and-clothing","","","","","","164702","29650","1532","234","6.547","81.960","Easy","6.173","0","1","","1","1","0","1.150","63","23","0","21","6","0","","","","","86d18afdbce8bbcbec25cb11c7a82f8","0.918","","","","","1.1","https://www.artbeatbox.com/blog/acrylic-paint-on-fabric-and-clothing","2024-11-30 14:48:37"
"https://www.faa.gov/hazmat/packsafe/paints-solvents","https://www.faa.gov/hazmat/packsafe/paints-solvents","text/html; charset=UTF-8","200","OK","Indexable","","PackSafe - Paints and Solvents | Federal Aviation Administration","64","567","Flammable Thinners, turpentine, MEK, denatured alcohol, acetone, resins, lacquers, varnishes, stains Most paints and paint-related solvents are regulated as flammable liquids and are forbidden in carry-on or checked baggage.","224","1391","","0","USA Banner","10","In This Section","15","Secondary navigation","20","Ultimenu: Main navigation","25","","","","","https://www.faa.gov/hazmat/packsafe/paints-solvents","","","","","","76695","14855","375","58","6.466","68.071","Normal","9.228","0","2","","1","1","0","1.150","169","157","0","15","15","0","","","","","2bf4954aa40792b6f2cb0574d9d343c5","1.720","Fri, 29 Nov 2024 20:26:14 GMT","","","","1.1","https://www.faa.gov/hazmat/packsafe/paints-solvents","2024-11-30 14:48:20"
"https://www.daler-rowney.com/system3-acrylic-paint/","https://www.daler-rowney.com/system3-acrylic-paint/","text/html","200","","Indexable","","System3 Acrylic Paint | Acrylics | Daler-Rowney","47","412","Daler-Rowney System3 Acrylics are versatile water-based colours made from high quality pigments. System3 Acrylic colours are lightfast, permanent, opaque, flexible and quick drying, making them suitable for applications on multiple surfaces both indoor and outdoor.","265","1656","Daler-Rowney, System3, Acrylic, Colour, Paint, Versatile, Quality","65","System3 Acrylic Paint","21","Related Products","16","Products","8","","0","","","","","https://www.daler-rowney.com/system3-acrylic-paint/","","","","","","115571","16640","1179","339","3.478","81.248","Easy","16.580","0","1","","14","1","0","1.150","361","221","0","8","8","0","","","","","6e0e82258174f82aeb286ddcea0e5b88","1.783","Tue, 22 Oct 2024 09:54:54 GMT","","","","1.1","https://www.daler-rowney.com/system3-acrylic-paint/","2024-11-30 14:48:24"
"https://irenedumateachesart.com/acrylic-vs-oil-paints/","https://irenedumateachesart.com/acrylic-vs-oil-paints/","text/html; charset=UTF-8","200","OK","Indexable","","Acrylic vs oil paints: Which is better for beginners? - Irene Duma Teaches Art","78","671","Acrylic vs oil paints. If you're a beginner artist, read this article to learn about the differences between the two and which is best for ...","142","822","","0","Acrylic vs oil paints: Which is better for beginners?","53","","0","Acrylic vs oil paint SIMILARITIES","33","Acrylic vs oil paint DIFFERENCES","32","index, follow, max-image-preview:large, max-snippet:-1, max-video-preview:-1","","","","https://irenedumateachesart.com/acrylic-vs-oil-paints/","","","","","","156253","38876","3348","478","7.004","81.923","Easy","13.565","0","1","","27","1","0","1.150","65","28","0","11","11","0","","","","","17de47e9cc19608085a9e79fd4ae0d9c","6.654","","","","","1.1","https://irenedumateachesart.com/acrylic-vs-oil-paints/","2024-11-30 14:48:29"
"https://food52.com/blog/25561-diy-terracotta-effect-paint","https://food52.com/blog/25561-diy-terracotta-effect-paint","text/html; charset=utf-8","200","OK","Indexable","","DIY Terracotta Paint Hack - How to Upcycle Old Vases","52","475","A nifty little trick, via TikTok, to turn mismatched glass, plastic, and ceramic vessels into textural “terracotta” pieces, using just baking soda and paint.","157","922","","0","The DIY Terracotta Paint Hack That We Can’t Stop, Won’t Stop","60","","0","","0","","0","","","","","https://food52.com/blog/25561-diy-terracotta-effect-paint","","","","","","221337","49060","1090","184","5.924","85.720","Easy","3.022","0","1","","0","0","0","0.000","76","45","0","18","11","0","","","","","7145669b46cccf1e761b659a69378107","2.179","","","","","1.1","https://food52.com/blog/25561-diy-terracotta-effect-paint","2024-11-30 14:48:28"
"https://mindfulartstudio.com/why-im-obsessed-with-high-flow-acrylic-paint/","https://mindfulartstudio.com/why-im-obsessed-with-high-flow-acrylic-paint/","text/html; charset=UTF-8","200","OK","Indexable","","Why I'm Obsessed with High Flow Acrylic Paint | Mindful Art Studio®","67","604","","0","0","","0","Why I’m Obsessed with High Flow Acrylic Paint","45","11 Comments","11","Success!","8","","0","index, follow, max-image-preview:large, max-snippet:-1, max-video-preview:-1","","","","https://mindfulartstudio.com/why-im-obsessed-with-high-flow-acrylic-paint/","","","","","","368539","78248","1339","239","5.603","93.929","Very Easy","2.077","0","1","","16","1","0","1.150","54","28","0","23","22","0","","","","","3f926fa7884dd873634bc8c59f5fda7","1.723","","","","","1.1","https://mindfulartstudio.com/why-im-obsessed-with-high-flow-acrylic-paint/","2024-11-30 14:48:44"
"https://pmc.ncbi.nlm.nih.gov/articles/PMC8488938/","https://pmc.ncbi.nlm.nih.gov/articles/PMC8488938/","text/html; charset=utf-8","200","OK","Indexable","","Acrylic Paints: An Atomistic View of Polymer Structure and Effects of Environmental Pollutants - PMC","100","893","Most of the artwork and cultural heritage objects are stored in museums under conditions that are difficult to monitor. While advanced technologies aim to control and prevent the degradation of cultural heritage objects in line with preventive ...","247","1505","","0","Acrylic Paints: An Atomistic View of Polymer Structure and Effects of Environmental Pollutants","94","","0","PERMALINK","9","Abstract","8","INDEX,NOFOLLOW,NOARCHIVE","","","","https://pmc.ncbi.nlm.nih.gov/articles/PMC8488938/","","","","","","240403","55092","10901","2480","4.396","67.833","Normal","34.073","0","2","","148","1","0","1.150","223","65","0","194","160","0","","","","","75885943bdbaec87c2c7fbd2e2e2b885","0.618","","","","","1.1","https://pmc.ncbi.nlm.nih.gov/articles/PMC8488938/","2024-11-30 14:48:32"
