"Original Url","Address","Content Type","Status Code","Status","Indexability","Indexability Status","Title 1","Title 1 Length","Title 1 Pixel Width","Title 2","Title 2 Length","Title 2 Pixel Width","Meta Description 1","Meta Description 1 Length","Meta Description 1 Pixel Width","Meta Keywords 1","Meta Keywords 1 Length","H1-1","H1-1 Length","H1-2","H1-2 Length","H2-1","H2-1 Length","H2-2","H2-2 Length","Meta Robots 1","Meta Robots 2","X-Robots-Tag 1","Meta Refresh 1","Canonical Link Element 1","Canonical Link Element 2","rel=""next"" 1","rel=""prev"" 1","HTTP rel=""next"" 1","HTTP rel=""prev"" 1","amphtml Link Element","Size (bytes)","Transferred (bytes)","Word Count","Sentence Count","Average Words Per Sentence","Flesch Reading Ease Score","Readability","Text Ratio","Crawl Depth","Folder Depth","Link Score","Inlinks","Unique Inlinks","Unique JS Inlinks","% of Total","Outlinks","Unique Outlinks","Unique JS Outlinks","External Outlinks","Unique External Outlinks","Unique External JS Outlinks","Closest Similarity Match","No. Near Duplicates","Spelling Errors","Grammar Errors","Hash","Response Time","Last Modified","Redirect URL","Redirect Type","Cookies","HTTP Version","URL Encoded Address","Crawl Timestamp"
"https://catalog.twu.edu/undergraduate/arts-sciences/mathematics/mathematics-bs/","https://catalog.twu.edu/undergraduate/arts-sciences/mathematics/mathematics-bs/","text/html; charset=UTF-8","200","OK","Indexable","","Bachelor of Science in Mathematics | Texas Woman's University Catalog","69","637","","0","0","","0","0","","0","Bachelor of Science in Mathematics","34","","0","Texas Woman's University","24","Marketable Skills","17","","","","","","","","","","","","43582","43582","989","228","4.338","78.654","Fairly Easy","18.738","0","4","","10","1","0","1.090","151","116","0","8","8","0","","","","","682b602eed9d67191699e9698c729a21","2.033","Tue, 13 Aug 2024 16:12:02 GMT","","","","1.1","https://catalog.twu.edu/undergraduate/arts-sciences/mathematics/mathematics-bs/","2024-11-30 14:39:16"
"https://olemiss.edu/programs/libarts/bachelor-science-mathematics/","https://olemiss.edu/programs/libarts/bachelor-science-mathematics/","text/html; charset=UTF-8","200","OK","Indexable","","Bachelor of Science in Mathematics | Ole Miss","45","409","","0","0","Discover the Bachelor of Science in Mathematics program at the University of Mississippi. Master mathematical theories and problem-solving skills.","146","914","Ole Miss, University of Mississippi, Bachelor of Science, BS, Mathematics, Math","79","Bachelor of Science in Mathematics","34","","0","About this Program","18","Program Information","19","","","","","","","","","","","","117418","14238","1613","369","4.371","65.664","Normal","10.148","0","3","","2","1","0","1.090","120","90","0","11","9","0","","","","","bf5d09cfe65a9e52215abeb4df7bd7f","1.391","","","","","1.1","https://olemiss.edu/programs/libarts/bachelor-science-mathematics/","2024-11-30 14:41:35"
"https://online.iu.edu/degrees/mathematics-bs-undergraduate.html","https://online.iu.edu/degrees/mathematics-bs-undergraduate.html","text/html; charset=UTF-8","200","OK","Indexable","","Mathematics, BS: Degrees: Indiana University","44","399","","0","0","Discover the power of math with Indiana University's online mathematics bachelor’s degree ranked in the top 10 by U.S. News and World Report.","141","892","","0","Mathematics, B.S.","17","Give Feedback","13","Get your degree in mathematics","30","B.S. in Mathematics","19","max-snippet:-1, max-image-preview:large, max-video-preview:-1","","","","https://online.iu.edu/degrees/mathematics-bs-undergraduate.html","","","","","","","72575","10259","854","180","4.744","63.727","Normal","8.941","0","1","","1","1","0","1.090","37","30","0","5","5","0","","","","","193dbe23ab99a251d76988c152599987","2.083","","","","","1.1","https://online.iu.edu/degrees/mathematics-bs-undergraduate.html","2024-11-30 14:39:19"
"https://mycatalog.txstate.edu/undergraduate/science-engineering/mathematics/mathematics-bs/","https://mycatalog.txstate.edu/undergraduate/science-engineering/mathematics/mathematics-bs/","text/html; charset=UTF-8","200","OK","Indexable","","Bachelor of Science (B.S.) Major in Mathematics | Texas State University","72","637","","0","0","","0","0","","0","Bachelor of Science (B.S.) Major in Mathematics","47","","0","Minimum required: 120 semester credit hours","43","General Requirements","20","","","","","","","","","","","","34626","34626","1055","233","4.528","77.945","Fairly Easy","19.164","0","4","","10","1","0","1.090","153","108","0","10","6","0","","","","","e265940eb71533bf2fd71a65142537e9","0.945","Wed, 27 Nov 2024 19:37:50 GMT","","","","1.1","https://mycatalog.txstate.edu/undergraduate/science-engineering/mathematics/mathematics-bs/","2024-11-30 14:41:22"
"https://admissions.carleton.ca/programs/mathematics/","https://admissions.carleton.ca/programs/mathematics/","text/html; charset=UTF-8","200","OK","Indexable","","Mathematics (BMath) - Undergraduate Admissions - Carleton University","68","630","","0","0","","0","0","","0","Undergraduate Admissions","24","Mathematics (BMath)","19","Program Details","15","Areas of Study","14","index, follow, max-image-preview:large, max-snippet:-1, max-video-preview:-1","","","","https://admissions.carleton.ca/programs/mathematics/","","","","","","","132808","28728","791","165","4.794","49.989","Hard","7.073","0","2","","18","1","0","1.090","156","87","0","10","6","0","","","","","42935a99fba381c1356d58f53654bf03","9.898","","","","","1.1","https://admissions.carleton.ca/programs/mathematics/","2024-11-30 14:39:21"
"https://www.snhu.edu/online-degrees/bachelors/ba-in-mathematics","https://www.snhu.edu/online-degrees/bachelors/ba-in-mathematics","text/html; charset=utf-8","200","OK","Indexable","","Online Math Degree | Bachelor's in Mathematics | SNHU","53","490","","0","0","Dive into real-world problems using math with SNHU's online Math BA degree.","75","483","online math degree, online mathematics degree","45","Online Math Degree Bachelor’s in Mathematics","44","","0","Apply Now","9","Online Students","15","index,follow","","","","https://www.snhu.edu/online-degrees/bachelors/ba-in-mathematics","","","","","","","180315","37428","4897","807","6.068","56.146","Fairly Hard","19.950","0","2","","13","1","0","1.090","121","85","0","10","10","0","","","","","6d91ffac7ed39ba476291a583308a726","3.660","","","","","1.1","https://www.snhu.edu/online-degrees/bachelors/ba-in-mathematics","2024-11-30 14:40:32"
"https://www.uml.edu/sciences/mathematics/programs/mathematics-major.aspx","https://www.uml.edu/sciences/mathematics/programs/mathematics-major.aspx","text/html; charset=utf-8","200","OK","Indexable","","Mathematics Major | Mathematics & Statistics | Kennedy College of Sciences | UMass Lowell","89","815","","0","0","Major in Math at UMass Lowell in Massachusetts. Our Bachelor of Science in Mathematics will prepare you for careers in diverse fields, including education, engineering, finance, actuarial positions, programming, social sciences and statistics.","243","1493","","0","Mathematics Major","17","","0","Menu","4","Mathematics & Statistics","24","","","","","https://www.uml.edu/sciences/mathematics/programs/mathematics-major.aspx","","","","","","","81963","15218","2901","712","4.074","72.285","Fairly Easy","24.075","0","3","","2","1","0","1.090","223","126","0","14","12","0","","","","","cf1512f91df26f046f66638dd1a2b7f5","1.854","","","","","1.1","https://www.uml.edu/sciences/mathematics/programs/mathematics-major.aspx","2024-11-30 14:39:16"
"https://drexel.edu/coas/academics/undergraduate-programs/mathematics/","https://drexel.edu/coas/academics/undergraduate-programs/mathematics/","text/html; charset=utf-8","200","OK","Indexable","","Bachelor of Mathematics (BA & BS) | CoAS | Drexel University","60","539","","0","0","Math majors gain the abstract and computational skills to target their ambitions. Learn how to earn a Bachelor’s of Mathematics at Drexel University now.","153","948","bachelor of mathematics, ba in math, bs mathematics, bs in math, ba mathematics, bachelor of science in mathematics, bachelor of arts in mathematics, bachelor of math, bachelors degree in math, define degree in math, mathematics placement test, bachelors degree in mathematics, what is degree in mathematics, bachelor degree in mathematics requirements, what is bs mathematics, undergraduate degree in math","406","College of Arts and Sciences","28","Bachelor's Degrees in Mathematics","33","BA in Mathematics","17","BS in Mathematics","17","","","","","https://drexel.edu/coas/academics/undergraduate-programs/mathematics/","","","","","","","56408","56408","853","158","5.399","54.967","Fairly Hard","13.507","0","4","","7","1","0","1.090","128","91","0","5","5","0","","","","","c5ed215b64d9d790c6c9b19695d2f8c","2.356","","","","","1.1","https://drexel.edu/coas/academics/undergraduate-programs/mathematics/","2024-11-30 14:41:23"
"https://www.untdallas.edu/las/undergrad-programs/mathematics-bachelor-degree-program.php","https://www.untdallas.edu/las/undergrad-programs/mathematics-bachelor-degree-program.php","text/html; charset=UTF-8","200","OK","Indexable","","Mathematics Bachelors Degree Programs | Dallas, Texas","53","499","","0","0","The Mathematics bachelor degree program at UNT Dallas is affordable, and is also available with a certificate to teach in middle school and high school.","152","939","","0","Mathematics Bachelor's Degree Program","37","","0","Program Coordinator","19","Quick Links","11","","","","","https://www.untdallas.edu/las/undergrad-programs/mathematics-bachelor-degree-program.php","","","","","","","52116","52116","499","102","4.892","48.267","Hard","9.300","0","2","","7","1","0","1.090","88","73","0","30","30","0","","","","","b94e44432eba8f54dddf80db8eada71a","5.507","","","","","1.1","https://www.untdallas.edu/las/undergrad-programs/mathematics-bachelor-degree-program.php","2024-11-30 14:39:35"
"https://vu.nl/en/education/bachelor/mathematics","https://vu.nl/en/education/bachelor/mathematics","text/html; charset=utf-8","200","OK","Indexable","","Bachelor's Mathematics - Vrije Universiteit Amsterdam","53","480","","0","0","Using a model to prevent a virus infection from spreading? Prime numbers that provide encryption for instant messages? Choose the Bachelor of Mathematics!","154","984","","0","Mathematics","11","","0","Discover your Mathematics study programme","41","Change your world, study Mathematics","36","","","","","https://vu.nl/en/education/bachelor/mathematics","","","","","","","56711","56711","788","132","5.970","55.947","Fairly Hard","8.987","0","3","","4","1","0","1.090","22","15","0","0","0","0","","","","","89fe05fce751a3f8cae88e8612f8e0ea","1.190","","","","","1.1","https://vu.nl/en/education/bachelor/mathematics","2024-11-30 14:39:11"
"https://uh.edu/nsm/math/undergraduate/major-minor-programs/","https://uh.edu/nsm/math/undergraduate/major-minor-programs/","text/html; charset=UTF-8","200","OK","Indexable","","Degree Programs - University of Houston","39","359","","0","0","Degree Programs","15","108","","0","Department of Mathematics","25","Degree Programs","15","Undergraduate Studies","21","NSM Helpful Links","17","","","","","","","","","","","","43308","13639","619","154","4.019","61.436","Normal","22.488","0","4","","3","1","0","1.090","112","95","0","16","15","0","","","","","781cb074f0677fc1c066ba94b8bde091","3.864","","","","","1.1","https://uh.edu/nsm/math/undergraduate/major-minor-programs/","2024-11-30 14:40:13"
"https://csm.fresnostate.edu/math/degrees/bs/index.html","https://csm.fresnostate.edu/math/degrees/bs/index.html","text/html; charset=UTF-8","200","OK","Indexable","","BS in Mathematics - Department of Mathematics","45","431","","0","0","Requirements and notes regarding the Bachelor of Science Degree in Mathematics","78","511","Math, BS, Bachelor of Science, Mathematics","42","Bachelor of Science in Mathematics","34","","0","Quick Links","11","Quick Links","11","index,follow","index,follow","","","https://csm.fresnostate.edu/math/degrees/bs/index.html","","","","","","","33325","33325","771","111","6.946","52.091","Fairly Hard","19.127","0","3","","9","1","0","1.090","81","62","0","14","11","0","","","","","1a7a79576976eff0e286f1a9619ea145","10.815","","","","","1.1","https://csm.fresnostate.edu/math/degrees/bs/index.html","2024-11-30 14:40:16"
"https://www.metrostate.edu/academics/programs/mathematics-ba","https://www.metrostate.edu/academics/programs/mathematics-ba","","0","DNS lookup failed","Non-Indexable","No Response","","0","0","","0","0","","0","0","","0","","0","","0","","0","","0","","","","","","","","","","","","0","0","0","","","","","0.000","0","2","","0","0","0","0.000","0","0","0","0","0","0","","","","","","","","","","","","https://www.metrostate.edu/academics/programs/mathematics-ba","2024-11-30 14:39:32"
"https://bulletin.temple.edu/undergraduate/science-technology/mathematics-bs/","https://bulletin.temple.edu/undergraduate/science-technology/mathematics-bs/","text/html; charset=UTF-8","200","OK","Indexable","","Mathematics BS < Temple University","34","323","","0","0","","0","0","","0","Bulletin 2024-2025","18","Mathematics BS","14","2024-2025 Edition","17","Overview","8","","","","","","","","","","","","77123","77123","1464","340","4.306","77.125","Fairly Easy","17.992","0","3","","9","1","0","1.090","282","202","0","0","0","0","","","","","7859415d1048967ced170d34ea6f62c4","7.158","Fri, 01 Nov 2024 20:21:57 GMT","","","","1.1","https://bulletin.temple.edu/undergraduate/science-technology/mathematics-bs/","2024-11-30 14:41:29"
"https://und.edu/programs/mathematics-bs/requirements.html","https://und.edu/programs/mathematics-bs/requirements.html","text/html; charset=UTF-8","200","OK","Indexable","","Mathematics Degree Requirements | University of North Dakota","60","558","","0","0","Complete these mathematics degree requirements to earn your bachelor’s degree in mathematics from the UND College of Arts & Sciences.","133","863","","0","Mathematics Degree Requirements","31","","0","General Education Courses","25","Mathematics Degree Requirements Disclaimer","42","","","","","https://und.edu/programs/mathematics-bs/requirements.html","","","","","","","47715","9257","875","183","4.781","61.788","Normal","14.762","0","2","","3","1","0","1.090","55","32","0","17","15","0","","","","","624f01802856da7db7a50549db6d7705","4.268","","","","","1.1","https://und.edu/programs/mathematics-bs/requirements.html","2024-11-30 14:40:06"
"https://study.uq.edu.au/study-options/programs/bachelor-mathematics-2460","https://study.uq.edu.au/study-options/programs/bachelor-mathematics-2460","text/html; charset=UTF-8","200","OK","Indexable","","Bachelor of Mathematics - Study - The University of Queensland","62","561","","0","0","Learn how to solve theoretical and applied mathematics problems across science, engineering, information technology, economics and business, and gain the foundation for a successful career.","189","1199","","0","Bachelor of Mathematics","23","","0","Overview","8","Events","6","","","","","https://study.uq.edu.au/study-options/programs/bachelor-mathematics-2460","","","","","","","250981","45414","5328","867","6.145","46.625","Hard","18.583","0","2","","27","1","0","1.090","403","268","0","12","10","0","","","","","e7f72169ebc742b4718cdabf07c33d8e","1.820","Sat, 30 Nov 2024 08:00:22 GMT","","","","1.1","https://study.uq.edu.au/study-options/programs/bachelor-mathematics-2460","2024-11-30 14:39:13"
"https://www.stedwards.edu/academics/majors-programs/mathematics","https://www.stedwards.edu/academics/majors-programs/mathematics","text/html; charset=UTF-8","200","OK","Indexable","","Mathematics (BA, BS and Minor) | St. Edwards University in Austin, TX","69","615","","0","0","Pursue a Mathematics degree at St. Edward’s to solve real-world problems and open career doors.","95","606","","0","Mathematics","11","","0","Pursue Your Passion for Problem-Solving","39","Why earn your Mathematics degree at St. Edward’s?","49","","","","","https://www.stedwards.edu/academics/majors-programs/mathematics","","","","","","","189014","51867","2153","432","4.984","52.066","Fairly Hard","15.729","0","2","","3","1","0","1.090","116","91","0","17","14","0","","","","","670a922da131c1ba8ea657cac4f23376","2.336","Fri, 29 Nov 2024 21:52:15 GMT","","","","1.1","https://www.stedwards.edu/academics/majors-programs/mathematics","2024-11-30 14:40:17"
"https://www.clarkson.edu/academics/majors-minors/mathematics","https://www.clarkson.edu/academics/majors-minors/mathematics","text/html; charset=UTF-8","200","OK","Indexable","","BS in Mathematics | Clarkson University","39","350","","0","0","Learn to solve problems in fields from astronomy and biology to social networks, zoology and everything in between with a bachelor's in mathematics from Clarkson University.","173","1084","bachelor of mathematics, BS mathematics, mathematics major, math major","70","Bachelor of Science in Mathematics","34","","0","Unlock the Possibilities of Mathematics","39","Why Study Mathematics at Clarkson?","34","","","","","https://www.clarkson.edu/academics/majors-minors/mathematics","","","","","","","54026","15803","1776","319","5.567","64.614","Normal","24.213","0","2","","1","1","0","1.090","91","67","0","11","11","0","","","","","c60db8a8a40bcfa03ec8cb3d5b31843e","1.962","Fri, 29 Nov 2024 21:11:44 GMT","","","","1.1","https://www.clarkson.edu/academics/majors-minors/mathematics","2024-11-30 14:39:05"
"https://www.unr.edu/degrees/majors/math","https://www.unr.edu/degrees/majors/math","text/html; charset=utf-8","200","OK","Indexable","","Bachelor's Degree in Mathematics | Degrees & Programs | University of Nevada, Reno","82","747","","0","0","Learn more about majoring in math at the University of Nevada, Reno, and find out about careers you can pursue with a degree in mathematics.","140","883","","0","Bachelor's degree in math","25","","0","Quicklinks","10","Search","6","","","","","https://www.unr.edu/degrees/majors/math","","","","","","","79091","19375","834","121","6.893","51.535","Fairly Hard","9.827","0","2","","4","1","0","1.090","75","54","0","8","8","0","","","","","63b4167851b130f621ac82cef40fbb7a","3.532","","","","","1.1","https://www.unr.edu/degrees/majors/math","2024-11-30 14:41:26"
"https://www.gcu.edu/degree-programs/bachelor-science-mathematics-secondary-education","https://www.gcu.edu/degree-programs/bachelor-science-mathematics-secondary-education","text/html; charset=UTF-8","200","OK","Indexable","","Bachelor’s Degree in Math for Secondary Education | GCU","55","507","","0","0","This bachelor’s degree in math for secondary education can provide the knowledge and skills to pursue a career in teaching secondary mathematics. Learn more here.","162","1029","math teacher degree, BS in math","31","Bachelor’s Degree in Math for Secondary Education","49","","0","Study to Become a Secondary Math Teacher","40","Benefits of a Bachelor’s Degree in Math for Secondary Education From GCU","72","","","","","https://www.gcu.edu/degree-programs/bachelor-science-mathematics-secondary-education","","","","","","","202215","32601","4372","776","5.634","43.546","Hard","19.586","0","1","","7","1","0","1.090","138","102","0","16","16","0","","","","","276ecd85f0e8770d9db4e737ec5059d4","1.973","Sat, 30 Nov 2024 09:40:36 GMT","","","","1.1","https://www.gcu.edu/degree-programs/bachelor-science-mathematics-secondary-education","2024-11-30 14:40:36"
"https://www.utpb.edu/academics/programs/mathematics/bs-mathematics","https://www.utpb.edu/academics/programs/mathematics/bs-mathematics","text/html","200","OK","Indexable","","Mathematics Bachelor's Degree Program in Texas | BS in Mathematics - The University of Texas Permian Basin | UTPB","113","1039","","0","0","","0","0","","0","Mathematics Bachelor's Degree","29","","0","Bachelor of Science (BS) in Mathematics","39","Careers for Math Majors","23","","","","","https://www.utpb.edu/academics/programs/mathematics/bs-mathematics","","","","","","","80426","80426","650","138","4.710","62.269","Normal","8.965","0","3","","4","1","0","1.090","147","97","0","30","20","0","","","","","69051f4e65fc21b146078475298ea9cd","11.950","","","","","1.1","https://www.utpb.edu/academics/programs/mathematics/bs-mathematics","2024-11-30 14:40:39"
"https://cnasstudent.ucr.edu/mathematics","https://cnasstudent.ucr.edu/mathematics","text/html; charset=UTF-8","200","OK","Indexable","","Mathematics | CNAS Undergraduate Academic Advising Center","57","559","","0","0","Overview The Department of Mathematics offers a B.A. and B.S. degree in programs that share a common, solid mathematical foundation but differ in their specializations in the pure and applied areas of mathematics. These programs can provide the basis for careers in mathematics itself or within the many scientific and business fields, which, in today’s technological society, depend on a basic knowledge of mathematical methods.","429","2686","","0","CNAS Undergraduate Academic Advising Center","43","Mathematics","11","Overview","8","Mathematics Advising","20","","","","","https://cnasstudent.ucr.edu/mathematics","","","","","","","84140","18019","1057","242","4.368","57.133","Fairly Hard","10.849","0","0","","9","1","0","1.090","113","74","0","10","9","0","","","","","dc194b018fdf9e5476afd316c0788b9e","3.701","Sat, 23 Nov 2024 01:07:29 GMT","","","","1.1","https://cnasstudent.ucr.edu/mathematics","2024-11-30 14:38:53"
"http://www-math.mit.edu/undergraduate","http://www-math.mit.edu/undergraduate","text/html; charset=iso-8859-1","302","Found","Non-Indexable","Redirected","","0","0","","0","0","","0","0","","0","","0","","0","","0","","0","","","","","","","","","","","","218","218","0","","","","","0.000","0","0","","0","0","0","0.000","0","0","0","0","0","0","","","","","","1.130","","https://math.mit.edu/undergraduate","HTTP Redirect","","1.1","http://www-math.mit.edu/undergraduate","2024-11-30 14:40:17"
"https://www.ohio.edu/cas/math/undergraduate","https://www.ohio.edu/cas/math/undergraduate","text/html; charset=UTF-8","200","OK","Indexable","","Mathematics Degree | Bachelor’s Degree (BS & BA) | Ohio University","66","597","","0","0","See what you can learn with a mathematics degree from Ohio University, part of our bachelor's program. This is the kind of degree you can take anywhere!","152","950","","0","Earn a Mathematics Degree & Study the Universal Language of Math","64","","0","Info for:","9","Log In","6","","","","","https://www.ohio.edu/cas/math/undergraduate","","","","","","","98049","18615","1954","368","5.310","54.976","Fairly Hard","13.855","0","2","","5","1","0","1.090","181","131","0","26","14","0","","","","","d14c4a6e8d1db46d95795bd69bcf8acc","1.462","Fri, 29 Nov 2024 12:29:20 GMT","","","","1.1","https://www.ohio.edu/cas/math/undergraduate","2024-11-30 14:39:33"
"https://www.ocf.berkeley.edu/~abhishek/chicmath.htm","https://www.ocf.berkeley.edu/~abhishek/chicmath.htm","text/html","200","OK","Indexable","","Chicago undergraduate mathematics bibliography","46","443","","0","0","","0","0","","0","Chicago undergraduate mathematics bibliography","46","ELEMENTARY","10","Algebra","7","Geometry","8","","","","","","","","","","","","102965","36599","14786","1982","7.460","63.163","Normal","87.227","0","1","","40","1","0","1.090","41","2","0","0","0","0","","","","","7f86f95360ba7a1aa1d08032225c1b19","3.231","Thu, 04 Mar 2004 07:38:46 GMT","","","","1.1","https://www.ocf.berkeley.edu/~abhishek/chicmath.htm","2024-11-30 14:39:07"
"https://catalog.ku.edu/liberal-arts-sciences/math/bs/","https://catalog.ku.edu/liberal-arts-sciences/math/bs/","text/html; charset=UTF-8","200","OK","Indexable","","Bachelor of Science in Mathematics | The University of Kansas Academic Catalog","78","718","","0","0","","0","0","","0","2024-25 Academic Catalog","24","Bachelor of Science in Mathematics","34","Why study mathematics?","22","Undergraduate Admission","23","","","","","","","","","","","","103785","103785","3058","579","5.282","70.812","Fairly Easy","20.105","0","3","","9","1","0","1.090","330","228","0","4","4","0","","","","","64f737cff86d9229accfc8ffb6e8219c","1.554","Tue, 06 Aug 2024 15:53:16 GMT","","","","1.1","https://catalog.ku.edu/liberal-arts-sciences/math/bs/","2024-11-30 14:40:19"
"https://www.augusta.edu/programs/math-bs.php","https://www.augusta.edu/programs/math-bs.php","text/html; charset=UTF-8","200","OK","Indexable","","BS in Mathematics | Degree Program","34","325","","0","0","Are you a numbers person? An analytical thinker who understands the function and power of mathematics? If so, then the Mathematics program is for you.","150","959","","0","Mathematics, BS","15","","0","Program Information","19","Coursework","10","","","","","","","","","","","","43245","43245","855","151","5.662","54.349","Fairly Hard","13.930","0","1","","5","1","0","1.090","61","48","0","11","11","0","","","","","be81b409c72280d511b048c2fd9125bd","1.924","","","","","1.1","https://www.augusta.edu/programs/math-bs.php","2024-11-30 14:39:32"
"https://www.liberty.edu/arts-sciences/bachelors/mathematics/","https://www.liberty.edu/arts-sciences/bachelors/mathematics/","text/html; charset=UTF-8","200","OK","Indexable","","B.S. in Mathematics | College of Arts & Sciences | Liberty University","69","590","","0","0","Explore the beauty of math with a BS in Mathematics. A BS in Math can lead to your career as a mathematician, teacher, or statistician in business or government.","161","997","","0","B.S. in Mathematics","19","","0","Independent Research","20","Transfer Credits","16","max-snippet:-1, max-image-preview:large, max-video-preview:-1","","","","https://www.liberty.edu/arts-sciences/bachelors/mathematics/","https://www.liberty.edu/arts-sciences/bachelors/mathematics/","","","","","","212634","57440","970","284","3.415","71.235","Fairly Easy","6.929","0","3","","4","1","0","1.090","311","147","0","20","14","0","","","","","1cba29c81c38a5a96e6ab6b1f3d3a8ef","2.487","","","","","1.1","https://www.liberty.edu/arts-sciences/bachelors/mathematics/","2024-11-30 14:39:14"
"https://catalog.colorado.edu/undergraduate/colleges-schools/arts-sciences/programs-study/mathematics/mathematics-bachelor-arts-ba/","https://catalog.colorado.edu/undergraduate/colleges-schools/arts-sciences/programs-study/mathematics/mathematics-bachelor-arts-ba/","text/html; charset=UTF-8","200","OK","Indexable","","Mathematics - Bachelor of Arts (BA) < University of Colorado Boulder","68","605","","0","0","","0","0","","0","Mathematics - Bachelor of Arts (BA)","35","","0","Program Tracks","14","Requirements","12","","","","","","","","","","","","249198","249198","2471","428","5.773","66.457","Normal","19.258","0","6","","19","1","0","1.090","882","791","0","7","7","0","","","","","6f2f6cd90b90d09b47d1ea1c3d236b8a","1.616","Thu, 24 Oct 2024 20:25:14 GMT","","","","1.1","https://catalog.colorado.edu/undergraduate/colleges-schools/arts-sciences/programs-study/mathematics/mathematics-bachelor-arts-ba/","2024-11-30 14:38:49"
"https://www.utrgv.edu/programs/bs-mathematics.htm","https://www.utrgv.edu/programs/bs-mathematics.htm","text/html","200","OK","Indexable","","Bachelor of Science in Mathematics | UTRGV","42","395","","0","0","The Bachelor’s degree in Mathematics provides the skills for students to become proficient in mathematics, from calculus to differential equations. Program graduates are prepared for careers as mathematicians, scientists, engineers, and educators. 

The program has five concentrations that you can choose from Applied Mathematics, Pure Mathematics, Statistics, Science and Engineering, and Economics. Students can also expect to take a wide array of courses such as calculus, applied discrete mathematics, and actuarial financial math.

Concentrations/Certifications:

Applied Math
Economics
Pure Math
Science and Engineering
Statistics
 ","650","3981","Bachelor of science in mathematics, utrgv mathematics, mathematics, mathematics major, STEM major, STEM program, mathematics program, mathematics research, mathematics degree, best mathematics program in texas, stem texas rgv Bachelor of Science in Mathematics , Bachelor of Science in Mathematics , utrgv mathematics","317","Bachelor of Science in Mathematics","34","","0","Program Overview","16","Possible Career Options","23","","","","","","","","","","","","72887","72887","393","86","4.570","56.891","Fairly Hard","4.267","0","1","","3","1","0","1.090","60","38","0","13","13","0","","","","","918ffe890373ed29f6e7bcb5caffbbbc","2.223","Wed, 02 Oct 2024 14:34:36 GMT","","","","1.1","https://www.utrgv.edu/programs/bs-mathematics.htm","2024-11-30 14:38:55"
"https://www.reddit.com/r/math/comments/y2gtaj/what_can_i_do_with_a_bachelors_in_math/","https://www.reddit.com/r/math/comments/y2gtaj/what_can_i_do_with_a_bachelors_in_math/","text/html; charset=utf-8","302","Found","Non-Indexable","Redirected","","0","0","","0","0","","0","0","","0","","0","","0","","0","","0","","","","","","","","","","","","405","405","0","","","","","0.000","0","5","","0","0","0","0.000","0","0","0","0","0","0","","","","","","0.731","","https://www.reddit.com/r/math/comments/y2gtaj/what_can_i_do_with_a_bachelors_in_math/?rdt=57357","HTTP Redirect","","1.1","https://www.reddit.com/r/math/comments/y2gtaj/what_can_i_do_with_a_bachelors_in_math/","2024-11-30 14:38:49"
"https://catalog.nau.edu/Catalog/details?plan=MATBS&catalogYear=","https://catalog.nau.edu/Catalog/details?plan=MATBS&catalogYear=","text/html;charset=UTF-8","200","OK","Indexable","","Mathematics, Bachelor of Science | Academic Catalog | Northern Arizona University","81","735","","0","0","","0","0","","0","Mathematics, Bachelor of Science","32","","0","University Requirements","23","Overview","8","all","","","","","","","","","","","28084","28084","1019","142","7.176","51.854","Fairly Hard","23.649","0","1","","0","0","0","0.000","24","23","0","0","0","0","","","","","6ceac39a7ea2249a8a6463bc14c776a8","3.902","","","","","1.1","https://catalog.nau.edu/Catalog/details?plan=MATBS&catalogYear=","2024-11-30 14:39:45"
"https://catalog.gatech.edu/programs/mathematics-bs/","https://catalog.gatech.edu/programs/mathematics-bs/","text/html; charset=UTF-8","200","OK","Indexable","","Bachelor of Science in Mathematics | Georgia Tech Catalog","57","524","","0","0","","0","0","bs in math, bachelor of science in mathematics","46","Catalog","7","Bachelor of Science in Mathematics","34","2024-2025 Edition","17","Business and Research Options","29","index, follow","","","","","","","","","","","81681","81681","927","198","4.682","64.095","Normal","25.212","0","2","","8","1","0","1.090","420","397","0","14","14","0","","","","","944ea9518d424eb237f7360831eb604f","2.343","Thu, 01 Aug 2024 15:05:41 GMT","","","","1.1","https://catalog.gatech.edu/programs/mathematics-bs/","2024-11-30 14:39:54"
"https://nau.edu/math/bachelors-degrees/","https://nau.edu/math/bachelors-degrees/","text/html","200","OK","Indexable","","Bachelor’s degrees | Mathematics and Statistics","47","425","","0","0","Explore your math bachelor’s degree options at Northern Arizona University. Read about program details, campus availability, and apply today!","141","875","","0","Bachelor’s degrees in math","26","","0","Explore your math degree options at NAU","39","","0","max-image-preview:large","","","","https://nau.edu/math/bachelors-degrees/","https://nau.edu/math/bachelors-degrees/","","","","","","35301","8591","104","33","3.152","48.265","Hard","3.294","0","2","","3","1","0","1.090","34","30","0","2","2","0","","","","","51fea9e5e4a901f35e74de041b9060f3","2.944","Sat, 30 Nov 2024 06:05:33 GMT","","","","1.1","https://nau.edu/math/bachelors-degrees/","2024-11-30 14:39:11"
"https://www.montclair.edu/academics/mathematics/","https://www.montclair.edu/academics/mathematics/","text/html; charset=UTF-8","200","OK","Indexable","","Mathematics – Academics - Montclair State University","52","480","","0","0","","0","0","","0","Mathematics","11","","0","Career Opportunities","20","Contact Information","19","max-image-preview:large","","","","https://www.montclair.edu/academics/mathematics/","","","","","","","81163","28064","801","120","6.675","38.042","Hard","14.478","0","2","","2","1","0","1.090","104","69","0","14","9","0","","","","","88b43f9c206b065e0ce6096825723476","3.006","","","","","1.1","https://www.montclair.edu/academics/mathematics/","2024-11-30 14:39:12"
"https://www.ox.ac.uk/admissions/undergraduate/courses/course-listing/mathematics","https://www.ox.ac.uk/admissions/undergraduate/courses/course-listing/mathematics","text/html; charset=utf-8","200","OK","Indexable","","Mathematics | University of Oxford","34","305","","0","0","In applied mathematics we use mathematics to explain phenomena that occur in the real world.","92","591","","0","Mathematics","11","","0","Undergraduate","13","Share This","10","","","","","https://www.ox.ac.uk/admissions/undergraduate/courses/course-listing/mathematics","","","","","","","86459","44993","3198","492","6.500","60.931","Normal","25.941","0","4","","10","1","0","1.090","177","136","0","33","25","0","","","","","85c868a6c3e20bbc7c9a97d82bc531ec","1.951","Sat, 30 Nov 2024 09:14:47 GMT","","","","1.1","https://www.ox.ac.uk/admissions/undergraduate/courses/course-listing/mathematics","2024-11-30 14:39:25"
"https://www.enmu.edu/academics/degrees-programs/undergraduate-degree/bachelor/mathematics","https://www.enmu.edu/academics/degrees-programs/undergraduate-degree/bachelor/mathematics","text/html; charset=UTF-8","403","Forbidden","Non-Indexable","Client Error","","0","0","","0","0","","0","0","","0","","0","","0","","0","","0","","","","","","","","","","","","0","0","0","","","","","0.000","0","4","","0","0","0","0.000","0","0","0","0","0","0","","","","","","1.250","","","","","1.1","https://www.enmu.edu/academics/degrees-programs/undergraduate-degree/bachelor/mathematics","2024-11-30 14:39:07"
"https://catalog.ufl.edu/UGRD/colleges-schools/UGLAS/MAT_BA_BS/","https://catalog.ufl.edu/UGRD/colleges-schools/UGLAS/MAT_BA_BS/","text/html; charset=UTF-8","200","OK","Indexable","","Mathematics < University of Florida","35","311","","0","0","The University of Florida’s Bachelor of Science in Mathematics program develops critical thinking, problem-solving, and communication skills by offering a broad base in mathematics. Students can focus on a BA, which prepares them for a career in a mathematical field or to teach mathematics at the secondary-school level, or a BS, which is intended for students who wish to pursue graduate study in mathematics. UF graduates of the program can expect to find themselves in demand by employers for careers in a wide spectrum of fields, including actuarial science, data analysis, and teaching.","592","3683","UF Mathematics, University of Florida Mathematics, Bachelor of Arts in Mathematics, Bachelor of Science in Mathematics, Mathematics major, Math major, UF math program, UF math courses, Math careers, Math teaching jobs, High school math teacher shortage, How to become a math major at UF, What can I do with a math degree from UF?, UF math program requirements, Is a math major right for me?, Best colleges for math majors, How to get a job teaching math in high school, How to address the math teacher shortage, What are the benefits of studying math?, What skills do math majors develop?, What are the career opportunities for math majors?","640","University of Florida","21","Mathematics","11","Catalog","7","About this Program","18","","","","","","","","","","","","27675","27675","952","160","5.950","55.234","Fairly Hard","26.063","0","4","","9","1","0","1.090","82","56","0","4","4","0","","","","","a6b00754e1fcadf55cd399ddd68862c9","2.004","Fri, 20 Sep 2024 21:09:36 GMT","","","","1.1","https://catalog.ufl.edu/UGRD/colleges-schools/UGLAS/MAT_BA_BS/","2024-11-30 14:40:04"
"https://math.ufl.edu/mathematics-major/ba-and-the-bs-degrees/","https://math.ufl.edu/mathematics-major/ba-and-the-bs-degrees/","text/html; charset=UTF-8","200","OK","Indexable","","BA and the BS Degrees - Department of Mathematics","49","469","","0","0","","0","0","","0","Department of Mathematics","25","","0","BA and the BS Degrees","21","In This Section","15","index, follow, max-image-preview:large, max-snippet:-1, max-video-preview:-1","","","","https://math.ufl.edu/mathematics-major/ba-and-the-bs-degrees/","","","","","","","207947","207947","360","49","7.347","67.308","Normal","5.836","0","2","","5","1","0","1.090","65","44","0","5","5","0","","","","","92f64e415f6f071c7ae32d687cc475b5","3.177","","","","","1.1","https://math.ufl.edu/mathematics-major/ba-and-the-bs-degrees/","2024-11-30 14:41:26"
"https://siebelschool.illinois.edu/academics/undergraduate/degree-program-options/bs-mathematics-computer-science","https://siebelschool.illinois.edu/academics/undergraduate/degree-program-options/bs-mathematics-computer-science","text/html","200","OK","Indexable","","B.S. in Mathematics & Computer Science | Siebel School of Computing and Data Science | Illinois","95","853","","0","0","Explore a Mathematics & Computer Science, Bachelor of Science in Liberal Arts and Sciences (BSLAS) degree at the nation's #5 best computer science program at the University of Illinois Urbana-Champaign.","202","1277","","0","B.S. in Mathematics & Computer Science","38","","0","About","5","Admissions","10","","","","","https://siebelschool.illinois.edu/academics/undergraduate/degree-program-options/bs-mathematics-computer-science","","","","","","","91985","91985","693","124","5.589","59.308","Fairly Hard","12.033","0","3","","10","1","0","1.090","277","239","0","9","9","0","","","","","53261c2cb79625f0453884147f8b4a38","6.690","","","","","1.1","https://siebelschool.illinois.edu/academics/undergraduate/degree-program-options/bs-mathematics-computer-science","2024-11-30 14:40:57"
"https://bulletins.psu.edu/undergraduate/colleges/eberly-science/mathematics-bs/","https://bulletins.psu.edu/undergraduate/colleges/eberly-science/mathematics-bs/","text/html; charset=UTF-8","200","OK","Indexable","","Mathematics, B.S. (Science) | Penn State","40","361","","0","0","","0","0","MTHBS_BS, MTHBS","15","Mathematics, B.S. (Science)","27","","0","Program Description","19","What is Mathematics?","20","","","","","","","","","","","","450970","450970","13500","2213","6.100","75.391","Fairly Easy","18.471","0","4","","17","1","0","1.090","1234","175","0","6","6","0","","","","","f54ad6a8fb19164ef99f70858b01a9c6","1.829","Thu, 12 Sep 2024 14:40:34 GMT","","","","1.1","https://bulletins.psu.edu/undergraduate/colleges/eberly-science/mathematics-bs/","2024-11-30 14:41:35"
"https://www.uaa.alaska.edu/admissions/academic-programs/mathematics-ba-bs.cshtml","https://www.uaa.alaska.edu/admissions/academic-programs/mathematics-ba-bs.cshtml","text/html; charset=utf-8","200","OK","Indexable","","Mathematics - Bachelor's Degree | Admissions | University of Alaska Anchorage","77","699","","0","0","The Mathematics bachelor degree program at UAA in Alaska prepares you for a variety of careers, including education.","116","732","","0","University of Alaska Anchorage","30","Mathematics B.A. or B.S.","24","About UAA","9","About UAA","9","","","","","https://www.uaa.alaska.edu/admissions/academic-programs/mathematics-ba-bs.cshtml","","","","","","","90247","27047","1287","228","5.645","53.861","Fairly Hard","19.840","0","2","","2","1","0","1.090","313","166","0","39","30","0","","","","","3ed2273e4ec2aeff54f652961fcce38f","2.287","","","","","1.1","https://www.uaa.alaska.edu/admissions/academic-programs/mathematics-ba-bs.cshtml","2024-11-30 14:39:33"
"https://www.qut.edu.au/courses/bachelor-of-mathematics","https://www.qut.edu.au/courses/bachelor-of-mathematics","text/html","410","Gone","Non-Indexable","Client Error","","0","0","","0","0","","0","0","","0","","0","","0","","0","","0","","","","","","","","","","","","0","0","0","","","","","0.000","0","1","","1","1","0","1.090","0","0","0","0","0","0","","","","","","2.803","","","","","1.1","https://www.qut.edu.au/courses/bachelor-of-mathematics","2024-11-30 14:40:19"
"https://www.quora.com/Are-there-such-people-who-completed-their-bachelors-degree-in-mathematics-not-in-the-standard-4-years-but-in-2-years-for-example","https://www.quora.com/Are-there-such-people-who-completed-their-bachelors-degree-in-mathematics-not-in-the-standard-4-years-but-in-2-years-for-example","text/html; charset=utf-8","200","OK","Indexable","","Are there such people who completed their bachelor's degree in mathematics not in the standard 4 years, but in 2 years, for example? - Quora","140","1241","","0","0","Completed? Yes, all the time. Earned? Probably not, because of GE classes. At UCSD (and I’m sure at many math proficient universities), all (if not most) of the prospective PhD math students finish the required math series within two years — algeb...","250","1534","","0","","0","","0","","0","","0","noarchive","","","","https://www.quora.com/Are-there-such-people-who-completed-their-bachelors-degree-in-mathematics-not-in-the-standard-4-years-but-in-2-years-for-example","","","","","","","535705","79344","11","3","3.667","80.059","Easy","0.022","0","0","","0","0","0","0.000","0","0","0","0","0","0","","","","","e7ae1778f1ec068244311cb6d2f30483","0.417","","","","","1.1","https://www.quora.com/Are-there-such-people-who-completed-their-bachelors-degree-in-mathematics-not-in-the-standard-4-years-but-in-2-years-for-example","2024-11-30 14:39:58"
"https://www.csuchico.edu/math/degrees/bs-mathematics.shtml","https://www.csuchico.edu/math/degrees/bs-mathematics.shtml","text/html; charset=UTF-8","200","OK","Indexable","","The Bachelor of Science in Mathematics – Department of Mathematics and Statistics – Chico State","95","880","","0","0","","0","0","","0","The Bachelor of Science in Mathematics","38","","0","","0","","0","","","","","","","","","","","","25915","7142","194","52","3.731","51.292","Fairly Hard","15.179","0","2","","6","1","0","1.090","86","56","0","8","8","0","","","","","18746e4c8b42c9b1d8affa605316ef16","12.003","","","","","1.1","https://www.csuchico.edu/math/degrees/bs-mathematics.shtml","2024-11-30 14:40:39"
"https://degrees.apps.asu.edu/bachelors/major/ASU00/LAMATBS","https://degrees.apps.asu.edu/bachelors/major/ASU00/LAMATBS","","302","","Non-Indexable","Redirected","","0","0","","0","0","","0","0","","0","","0","","0","","0","","0","","","","","","","","","","","","0","0","0","","","","","0.000","0","3","","0","0","0","0.000","0","0","0","0","0","0","","","","","","7.940","","https://weblogin.asu.edu/cgi-bin/login?callapp=https%3A%2F%2Fdegrees.apps.asu.edu%2Fbachelors%2Fmajor%2FASU00%2FLAMATBS%3Finit%3Dfalse&onLoginURL=https%3A%2F%2Fdegrees.apps.asu.edu%2Fbachelors%2Fmajor%2FASU00%2FLAMATBS%3Finit%3Dfalse%26nopassive%3Dtrue","HTTP Redirect","","1.1","https://degrees.apps.asu.edu/bachelors/major/ASU00/LAMATBS","2024-11-30 14:40:30"
"https://catalog.csus.edu/colleges/natural-sciences-mathematics/mathematics-statistics/ba-in-mathematics/","https://catalog.csus.edu/colleges/natural-sciences-mathematics/mathematics-statistics/ba-in-mathematics/","text/html; charset=UTF-8","200","OK","Indexable","","BA in Mathematics < Sacramento State","36","347","","0","0","","0","0","","0","Sacramento State","16","BA in Mathematics","17","Program Description","19","Program Requirements","20","","","","","","","","","","","","155497","155497","1301","293","4.440","63.951","Normal","20.324","0","4","","6","1","0","1.090","755","710","0","6","6","0","","","","","1a7ab8f290fd0b861ab36d8cdeda9db1","2.664","Wed, 27 Nov 2024 19:44:31 GMT","","","","1.1","https://catalog.csus.edu/colleges/natural-sciences-mathematics/mathematics-statistics/ba-in-mathematics/","2024-11-30 14:38:49"
"https://www.albany.edu/math/programs/bs-mathematics","https://www.albany.edu/math/programs/bs-mathematics","text/html; charset=UTF-8","200","OK","Indexable","","BS Mathematics | University at Albany","37","334","","0","0","Develop analytical skills that can help you gain a career in a problem-solving environment in fields like economics, physics, marketing, engineering, management, education or finance. Whether you enjoy solving math problems or want to explore the world of computer science, a Bachelor of Science in Mathematics from the University at Albany provides you with the essential elements you need to break down complicated challenges that lead to accurate solutions.","460","2872","","0","Bachelor of Science in Mathematics","34","","0","What Makes The University at Albany Great","41","Explore Minors","14","","","","","https://www.albany.edu/math/programs/bs-mathematics","","","","","","","61389","13793","1283","267","4.805","41.462","Hard","16.473","0","2","","12","1","0","1.090","122","62","0","14","10","0","","","","","ddd2cde62cea080b174c016055ec8bd3","2.689","Fri, 29 Nov 2024 08:03:37 GMT","","","","1.1","https://www.albany.edu/math/programs/bs-mathematics","2024-11-30 14:39:49"
"https://www.webster.edu/science-health/natural-sciences-mathematics/math.php","https://www.webster.edu/science-health/natural-sciences-mathematics/math.php","text/html; charset=UTF-8","200","OK","Indexable","","Mathematics (BS) | Webster University STEM Program","50","477","","0","0","A BS degree in Mathematics opens the door to a variety of career possibilities, from natural and social sciences to careers in government, business, industry, education or further study in graduate or professional school.","221","1350","math major, bachelor’s in mathematics, mathematics major, bachelor of science in mathematics, STEM","98","Mathematics (BS)","16","","0","Academics","9","Attend Webster","14","","","","","https://www.webster.edu/science-health/natural-sciences-mathematics/math.php","","","","","","","105995","15808","1496","273","5.480","38.463","Hard","13.656","0","2","","10","1","0","1.090","266","139","0","28","25","0","","","","","9cf65362b3cbc9bd9c516cfed5e068f","7.138","","","","","1.1","https://www.webster.edu/science-health/natural-sciences-mathematics/math.php","2024-11-30 14:41:27"
"https://www.bachelorstudies.com/bachelor/mathematics","https://www.bachelorstudies.com/bachelor/mathematics","text/html; charset=utf-8","200","OK","Non-Indexable","noindex","Get a Bachelor's in Mathematics 2025","36","335","","0","0","Pursue a Bachelor's in Mathematics - compare programs and connect with top universities worldwide.","98","631","","0","Bachelor's in Mathematics: Explore 405 Degrees","46","Bachelor's in Mathematics: Explore 405 Degrees","46","Filters","7","Bachelor Programs in Natural Sciences Mathematics","49","noindex,nofollow","","","","https://www.bachelorstudies.com/bachelor/mathematics","","https://www.bachelorstudies.com/bachelor/mathematics?page=2","","","","","205129","38258","471","111","4.243","65.300","Normal","1.934","0","1","","1","1","0","1.090","72","70","0","11","11","0","","","","","668f8f443d67694b4e5c071bd94e8d86","2.269","","","","","1.1","https://www.bachelorstudies.com/bachelor/mathematics","2024-11-30 14:39:42"
"https://catalog.ysu.edu/undergraduate/colleges-programs/college-science-technology-engineering-mathematics/department-mathematics-statistics/bs-mathematics-traditional-mathematics-track/","https://catalog.ysu.edu/undergraduate/colleges-programs/college-science-technology-engineering-mathematics/department-mathematics-statistics/bs-mathematics-traditional-mathematics-track/","text/html; charset=UTF-8","200","OK","Indexable","","Bachelor of Science in Mathematics < Youngstown State University Academic Catalog","81","760","","0","0","","0","0","","0","Bachelor of Science in Mathematics","34","","0","2024-2025 Edition","17","Learning Outcomes","17","","","","","","","","","","","","171136","171136","829","194","4.273","68.097","Normal","18.350","0","5","","9","1","0","1.090","678","641","0","6","6","0","","","","","86bf2408a8e74f950ddbc2ad9688d8c5","2.027","Tue, 26 Nov 2024 16:42:17 GMT","","","","1.1","https://catalog.ysu.edu/undergraduate/colleges-programs/college-science-technology-engineering-mathematics/department-mathematics-statistics/bs-mathematics-traditional-mathematics-track/","2024-11-30 14:40:21"
"https://www.careervillage.org/questions/766452/what-are-some-entry-level-jobs-for-a-math-bachelors-degree","https://www.careervillage.org/questions/766452/what-are-some-entry-level-jobs-for-a-math-bachelors-degree","text/html; charset=utf-8","200","OK","Indexable","","Entry Level Jobs for Math Bachelors Degree Graduates
CareerVillage","66","605","","0","0","Here are some entry-level jobs suitable for individuals with a math bachelor's degree: Data Analyst: Data analysts collect, clean, and analyze data to provide i","160","961","career,chaos,computer-programming,computer-science,fractals,java,job-search,jobs,math,math-major,mathematician,programming,python,uw-madison,wisconsin","150","What are some entry-level jobs for a math bachelor's degree?","60","","0","Soumya’s Answer","15","Matt’s Answer","13","","","","","https://www.careervillage.org/questions/766452/what-are-some-entry-level-jobs-for-a-math-bachelors-degree","","","","","","","804293","192612","2868","551","5.205","60.021","Normal","6.638","0","2","","1","1","0","1.090","70","58","0","54","30","0","","","","","eefccf2b3e9102a5d1a296813dd37b67","2.355","","","","","1.1","https://www.careervillage.org/questions/766452/what-are-some-entry-level-jobs-for-a-math-bachelors-degree","2024-11-30 14:40:19"
"https://www.fullerton.edu/math/programs/bachelorsmath.php","https://www.fullerton.edu/math/programs/bachelorsmath.php","text/html; charset=UTF-8","200","OK","Indexable","","Bachelor of Arts Degree in Mathematics - Department of Mathematics | CSUF","73","680","","0","0","","0","0","","0","Bachelor of Arts Degree in Mathematics","38","","0","Learning Goals","14","Core Courses (25 units)","23","index, follow","","","","","","","","","","","43053","9314","787","169","4.657","53.333","Fairly Hard","13.268","0","2","","3","1","0","1.090","35","33","0","3","3","0","","","","","c99036a903fd86ee7bbaacdafc85eefd","6.139","","","","","1.1","https://www.fullerton.edu/math/programs/bachelorsmath.php","2024-11-30 14:39:05"
"https://www.stvincent.edu/academics/undergraduate-programs/programs/mathematics.html","https://www.stvincent.edu/academics/undergraduate-programs/programs/mathematics.html","text/html","200","OK","Indexable","","Bachelors in Mathematics | Latrobe, PA | Saint Vincent College","62","551","","0","0","Our best-in-class Bachelors in Mathematics degree program teaches you to comprehend current problems in mathematical terms using theories in chaos and fractals, cryptography, data compression algorithms, tomography, topology and turbulence.","240","1543","","0","Mathematics","11","","0","Curriculum Requirements","23","Program Highlights","18","index, follow","","","","https://www.stvincent.edu/academics/undergraduate-programs/programs/mathematics.html","","","","","","","276253","276253","1032","168","6.143","66.896","Normal","2.495","0","3","","2","1","0","1.090","57","37","0","6","6","0","","","","","2d82c39b71f72a2f28458e748206c3b7","2.433","Fri, 08 Nov 2024 13:49:15 GMT","","","","1.1","https://www.stvincent.edu/academics/undergraduate-programs/programs/mathematics.html","2024-11-30 14:38:59"
"https://www.uoguelph.ca/programs/bachelor-of-mathematics/","https://www.uoguelph.ca/programs/bachelor-of-mathematics/","text/html; charset=UTF-8","200","OK","Indexable","","Bachelor of Mathematics | University of Guelph","46","413","","0","0","Learn more about how the Bachelor of Mathematics degree at the University of Guelph empowers you to contribute to a number of fields, including business, technology and computing sectors.","187","1193","","0","Bachelor of Mathematics","23","","0","Why choose a Bachelor's degree in Mathematics?","46","What can you do with a bachelor's degree in Mathematics?","56","","","","","","","","","","","","362853","231862","588","90","6.533","49.132","Hard","1.087","0","2","","1","1","0","1.090","11","11","0","0","0","0","","","","","5ef5434028857489b7b8a7ab694de6ac","3.167","","","","","1.1","https://www.uoguelph.ca/programs/bachelor-of-mathematics/","2024-11-30 14:41:25"
"https://www.lamar.edu/academics/degrees/mathematics/mathematics-bachelors-degree.html","https://www.lamar.edu/academics/degrees/mathematics/mathematics-bachelors-degree.html","text/html; charset=UTF-8","200","OK","Indexable","","Bachelor's Degree in Mathematics - Lamar University","51","464","","0","0","The undergraduate programs in mathematics have multiple concentrations, including teacher certification, depending on what you wish to do upon graduation.","154","985","Bachelor of arts, Bachelor of science, mathematics  The Department of Mathematics offers both a Bachelor of Science and a Bachelor of Arts degree at the undergraduate level. Each of the B.S. and B.A. degrees have multiple concentration depending on what you wish to do upon graduation.","285","Bachelor's Degree in Mathematics","32","","0","Delivery Options:","17","Degree Descriptions","19","","","","","https://www.lamar.edu/academics/degrees/mathematics/mathematics-bachelors-degree.html","","","","","","","34439","34439","660","166","3.976","49.622","Hard","13.102","0","3","","4","1","0","1.090","65","43","0","7","7","0","","","","","5af9e18b51704efb8e240bdf382f21f6","2.171","Tue, 26 Nov 2024 16:20:38 GMT","","","","1.1","https://www.lamar.edu/academics/degrees/mathematics/mathematics-bachelors-degree.html","2024-11-30 14:39:54"
"https://www.atu.edu/degrees/bachelors/mathematics-education.php","https://www.atu.edu/degrees/bachelors/mathematics-education.php","text/html; charset=UTF-8","200","OK","Indexable","","Mathematics Education Bachelor's Degree","39","375","","0","0","The curriculum provides students with a background in mathematics and pedagogy that prepares them to teach secondary level mathematics.","135","882","mathematics, education, major, bachelor's, math degree, arkansas, arkansas tech, ATU, college of education","106","Mathematics Education Bachelor's Degree","39","LEARNING, NETWORKING, AND CAREER OPPORTUNITIES","46","Mathematics Education Bachelor's Degree","39","HANDS-ON LEARNING opportunities","31","","","","","https://www.atu.edu/degrees/bachelors/mathematics-education.php","","","","","","","63046","63046","854","153","5.582","32.366","Hard","15.445","0","2","","9","1","0","1.090","190","143","0","33","21","0","","","","","75b8abae18612371e231d05ac6989418","0.978","","","","","1.1","https://www.atu.edu/degrees/bachelors/mathematics-education.php","2024-11-30 14:40:38"
"https://www.ucf.edu/degree/mathematics-bs/","https://www.ucf.edu/degree/mathematics-bs/","text/html; charset=UTF-8","200","OK","Indexable","","Mathematics (BS) Degree | University of Central Florida","55","485","","0","0","As a mathetmatics major, you'll learn to use reasoning, logic and analysis to solve complex real-world problems from renowned faculty in Orlando, Florida.","154","949","","0","Bachelor of Science in Mathematics, BS","38","","0","Program at a Glance","19","Develop a Strong Mathematical Foundation","40","index, follow, max-image-preview:large, max-snippet:-1, max-video-preview:-1","","","","https://www.ucf.edu/degree/mathematics-bs/","","","","","","","112067","33169","2002","422","4.744","56.695","Fairly Hard","12.173","0","2","","7","1","0","1.090","64","56","0","4","4","0","","","","","c05b40561507dcd4b2c9c16fb913704a","3.086","","","","","1.1","https://www.ucf.edu/degree/mathematics-bs/","2024-11-30 14:40:51"
"http://catalog.illinois.edu/undergraduate/las/mathematics-bslas/","http://catalog.illinois.edu/undergraduate/las/mathematics-bslas/","text/html; charset=UTF-8","200","OK","Indexable","","Mathematics, BSLAS | University of Illinois Urbana-Champaign","60","546","","0","0","","0","0","","0","Course Catalog","14","Mathematics, BSLAS","18","University Resources","20","Print Options","13","","","","","","","","","","","","51235","51235","1194","223","5.354","64.581","Normal","20.363","0","3","","12","1","0","1.090","112","62","0","1","1","0","","","","","934933e0adc3a1462f3f800c749e8d02","3.161","Mon, 25 Nov 2024 19:37:00 GMT","","","","1.1","http://catalog.illinois.edu/undergraduate/las/mathematics-bslas/","2024-11-30 14:40:07"
"https://www.una.edu/math/bachelor-mathematics.html","https://www.una.edu/math/bachelor-mathematics.html","text/html; charset=UTF-8","200","OK","Indexable","","Bachelor of Arts/Bachelor of Science in Mathematics","51","469","","0","0","Become immersed in the foundational knowledge of mathematics with a Bachelor of Arts or a Bachelor of Science in Mathematics at the University of North Alabama.  Through this academic program, students will cover all aspects of applied and theoretical mathematics from world-class experts in the field and be challenged through a curriculum that seeks to enhance critical thinking and problem-solving.","401","2513","bachelor of science, bachelor of arts, mathematics,Bachelor,of,Arts/Bachelor,of,Science,in,Mathematics","102","University of North Alabama","27","Bachelor of Arts or Bachelor of Science in Mathematics","54","Why North Alabama?","18","Bachelor of Arts and Bachelor of Science in Mathematics Curriculum","66","","","","","https://www.una.edu/math/bachelor-mathematics.html","","","","","","","54481","13541","641","154","4.162","51.888","Fairly Hard","10.381","0","1","","9","1","0","1.090","137","101","0","26","21","0","","","","","d9bf312047317d26e80245741b508662","2.694","","","","","1.1","https://www.una.edu/math/bachelor-mathematics.html","2024-11-30 14:40:15"
"https://catalog.utexas.edu/undergraduate/natural-sciences/degrees-and-programs/bs-mathematics/","https://catalog.utexas.edu/undergraduate/natural-sciences/degrees-and-programs/bs-mathematics/","text/html; charset=UTF-8","200","OK","Indexable","","Bachelor of Science in Mathematics < The University of Texas at Austin","70","628","","0","0","","0","0","bachelor of science, bs math, mathematics, math","47","University Catalogs","19","Bachelor of Science in Mathematics","34","2024-25 Edition","15","Prescribed Work Common to All Options","37","","","","","","","","","","","","271530","271530","2076","418","4.967","72.449","Fairly Easy","19.741","0","4","","11","1","0","1.090","1666","1514","0","1","1","0","","","","","3879b05336335f1ae36b8b24cdded1d3","8.181","Wed, 21 Aug 2024 14:39:44 GMT","","","","1.1","https://catalog.utexas.edu/undergraduate/natural-sciences/degrees-and-programs/bs-mathematics/","2024-11-30 14:39:36"
"https://future.utsa.edu/programs/undergraduate/mathematics/","https://future.utsa.edu/programs/undergraduate/mathematics/","text/html; charset=UTF-8","200","OK","Indexable","","Bachelor's Degree in Mathematics | UTSA","39","366","","0","0","Our Math degree program will equip you to solve complex real world problems. Learn how The University of Texas at San Antonio can prepare you for the future.","157","988","","0","Mathematics Bachelor's Degree","29","","0","Start Your Bold Future","22","Why Pursue a Bachelor's Degree in Mathematics","45","index, follow, max-image-preview:large, max-snippet:-1, max-video-preview:-1","","","","https://future.utsa.edu/programs/undergraduate/mathematics/","","","","","","","109704","28622","1170","183","6.393","49.150","Hard","7.749","0","3","","4","1","0","1.090","60","49","0","13","13","0","","","","","5c65fd5f533e7a2e4cb2875d0893079","4.450","","","","","1.1","https://future.utsa.edu/programs/undergraduate/mathematics/","2024-11-30 14:41:37"
"https://catalog.gmu.edu/colleges-schools/science/mathematical-sciences/mathematics-bs/","https://catalog.gmu.edu/colleges-schools/science/mathematical-sciences/mathematics-bs/","text/html; charset=UTF-8","200","OK","Indexable","","Mathematics, BS < George Mason University","41","390","","0","0","","0","0","SC-BS-MATH, MATH, ACTM, Actuarial Mathematics, AMT, Applied Mathematics, MTHS, Mathematical Statistics, IND, Individualized Concentration, PURM, Pure Mathematics","161","Mathematics, BS","15","","0","Contact Information","19","Admissions","10","","","","","","","","","","","","122996","122996","4622","902","5.124","55.478","Fairly Hard","25.959","0","4","","21","1","0","1.090","401","190","0","6","6","0","","","","","6d4ff7285c6df71272653ef39da70cb4","3.992","Tue, 02 Jul 2024 22:02:29 GMT","","","","1.1","https://catalog.gmu.edu/colleges-schools/science/mathematical-sciences/mathematics-bs/","2024-11-30 14:40:56"
"https://guide.wisc.edu/undergraduate/letters-science/mathematics/mathematics-bs/","https://guide.wisc.edu/undergraduate/letters-science/mathematics/mathematics-bs/","text/html; charset=UTF-8","200","OK","Indexable","","Mathematics, BS < University of Wisconsin-Madison","49","457","","0","0","","0","0","Math","4","Guide","5","Mathematics, BS","15","How to Get in","13","University General Education Requirements","41","","","","","","","","","","","","167501","167501","4435","892","4.972","57.635","Fairly Hard","24.740","0","4","","24","1","0","1.090","334","201","0","8","8","0","","","","","c42140f98cc4b0dfc6bdd636e7e8e26c","6.483","Tue, 19 Nov 2024 16:17:33 GMT","","","","1.1","https://guide.wisc.edu/undergraduate/letters-science/mathematics/mathematics-bs/","2024-11-30 14:40:21"
"https://catalog.utep.edu/undergrad/college-of-science/mathematical-sciences/mathematics-bs/","https://catalog.utep.edu/undergrad/college-of-science/mathematical-sciences/mathematics-bs/","text/html; charset=UTF-8","200","OK","Indexable","","BS in Mathematics < UTEP","24","235","","0","0","","0","0","","0","Academic Catalog Toggle navigation Menu","39","Academic Catalog","16","2024-2025 Edition","17","THE UNIVERSITY OF TEXAS AT EL PASO","34","","","","","","","","","","","","296511","296511","7193","1799","3.998","78.611","Fairly Easy","15.029","0","4","","11","1","0","1.090","883","274","0","4","4","0","","","","","9331ae50a42ed585b469e0caf7bbe668","2.644","Tue, 26 Nov 2024 16:34:26 GMT","","","","1.1","https://catalog.utep.edu/undergrad/college-of-science/mathematical-sciences/mathematics-bs/","2024-11-30 14:38:49"
"https://www.bridgew.edu/academics/majors-minors-undergraduate/mathematics","https://www.bridgew.edu/academics/majors-minors-undergraduate/mathematics","text/html; charset=UTF-8","200","OK","Indexable","","Bachelor’s Degree in Mathematics | Bridgewater State University","63","567","","0","0","A bachelor's degree in mathematics sets a foundation of flexible analytical skills that launch careers in education or industry. Learn about our curriculum.","156","947","bachelor’s degree in mathematics, jobs in mathematics, best math undergraduate programs, careers with a math degree","115","Bachelor’s Degree in Mathematics","32","","0","BSU Works Menu Header","21","Count on Success: Pursue Rewarding Careers With a Math Degree","61","index, follow","","","","https://www.bridgew.edu/academics/majors-minors-undergraduate/mathematics","","","","","","","118649","21414","1208","185","6.530","52.648","Fairly Hard","8.901","0","2","","0","0","0","0.000","132","103","0","10","10","0","","","","","18f177d59ccecda69ec99765f88c24e4","7.277","Sat, 30 Nov 2024 09:39:27 GMT","","","","1.1","https://www.bridgew.edu/academics/majors-minors-undergraduate/mathematics","2024-11-30 14:39:24"
"https://www.fhsu.edu/macs/academic-programs/","https://www.fhsu.edu/macs/academic-programs/","text/html","200","OK","Indexable","","Mathematics Degrees -  Fort Hays State University (FHSU)","56","505","","0","0","When you major in mathematics at Fort Hays State University, you gain the analytical problem solving skills you need to make a difference in industry and academic settings.","172","1067","academic programs,mathematics,math","34","Academic Programs","17","","0","Choose the Field With Countless Career Applications","51","","0","","","","","https://www.fhsu.edu/macs/academic-programs/","","","","","","","26248","6009","308","41","7.512","44.843","Hard","10.924","0","2","","3","1","0","1.090","58","45","0","10","9","0","","","","","ce81a62975f7284ad3e475538c4bfecf","1.261","Sat, 30 Nov 2024 07:10:43 GMT","","","","1.1","https://www.fhsu.edu/macs/academic-programs/","2024-11-30 14:39:35"
"https://catalog.northeastern.edu/undergraduate/science/mathematics/mathematics-bs/","https://catalog.northeastern.edu/undergraduate/science/mathematics/mathematics-bs/","text/html; charset=UTF-8","200","OK","Indexable","","Mathematics, BS < Northeastern University Academic Catalog","58","545","","0","0","","0","0","BS-MATH","7","Mathematics, BS","15","","0","Academic Catalog 2024-2025","26","2024-2025 Edition","17","","","","","","","","","","","","62780","62780","938","202","4.644","94.884","Very Easy","12.636","0","4","","8","1","0","1.090","143","97","0","8","8","0","","","","","c8d05ad3cb0eddae3e2e8325db748406","3.521","Tue, 13 Aug 2024 18:35:54 GMT","","","","1.1","https://catalog.northeastern.edu/undergraduate/science/mathematics/mathematics-bs/","2024-11-30 14:39:27"
"https://mathematics.jhu.edu/undergraduate/requirements/","https://mathematics.jhu.edu/undergraduate/requirements/","text/html; charset=UTF-8","200","OK","Indexable","","Major and Minor Requirements | Mathematics | Johns Hopkins University","69","641","","0","0","Students who entered Johns Hopkins in the current academic year should refer to the current Academic Catalog for a current list of major and minor requirements. Students who entered Johns Hopkins University in a previous academic year should refer to the catalog of that academic year. This page includes more detailed major requirements and minor requirements. Major Requirements...","383","2422","","0","Department of Mathematics","25","Major and Minor Requirements","28","Major Requirements","18","Minor Requirements","18","max-image-preview:large","","","","","","","","","","","124784","30461","1093","254","4.303","58.191","Fairly Hard","13.370","0","2","","6","1","0","1.090","111","51","0","8","8","0","","","","","1c023ec39d88c4de235e21d070a86f33","2.146","Fri, 29 Nov 2024 15:38:33 GMT","","","","1.1","https://mathematics.jhu.edu/undergraduate/requirements/","2024-11-30 14:38:49"
"https://catalog.utdallas.edu/2022/undergraduate/programs/nsm/mathematics","https://catalog.utdallas.edu/2022/undergraduate/programs/nsm/mathematics","text/html; charset=UTF-8","200","OK","Indexable","","Mathematics (BA, BS) - UT Dallas 2022 Undergraduate Catalog - The University of Texas at Dallas","95","853","","0","0","UT Dallas 2022 Undergraduate Catalog","36","242","UT Dallas 2022 Undergraduate Catalog University of Texas at Dallas UT Dallas","76","School of Natural Sciences and Mathematics","42","","0","Mathematics (BA, BS)","20","Bachelor of Arts in Mathematics","31","","","","","","","","","","","","221114","29293","2921","502","5.819","54.233","Fairly Hard","12.958","0","4","","108","1","0","1.090","528","229","0","1","1","0","","","","","680d7540e472600141224dabdee80e1f","5.683","","","","","1.1","https://catalog.utdallas.edu/2022/undergraduate/programs/nsm/mathematics","2024-11-30 14:39:09"
"https://www.boisestate.edu/coas-advising/degree-plans/math/bs-math/","https://www.boisestate.edu/coas-advising/degree-plans/math/bs-math/","text/html; charset=UTF-8","200","OK","Indexable","","Bachelor of Science in Mathematics, BS - COAS Academic Advising and Student Services","84","787","","0","0","","0","0","","0","Bachelor of Science in Mathematics, BS","38","","0","Boise Global Navigation","23","COAS Academic Advising and Student Services","43","index, follow, max-image-preview:large, max-snippet:-1, max-video-preview:-1","","","","https://www.boisestate.edu/coas-advising/degree-plans/math/bs-math/","","","","","","","175557","42641","581","138","4.210","68.308","Normal","2.568","0","4","","2","1","0","1.090","35","30","0","10","10","0","","","","","9f62a44daf70effced4581478e98d036","2.044","","","","","1.1","https://www.boisestate.edu/coas-advising/degree-plans/math/bs-math/","2024-11-30 14:39:22"
"https://www.wgu.edu/online-teaching-degrees/mathematics-teacher-certification-secondary-bachelors-program.html","https://www.wgu.edu/online-teaching-degrees/mathematics-teacher-certification-secondary-bachelors-program.html","text/html;charset=utf-8","200","OK","Indexable","","High/Middle School Math Teacher Certification Bachelor's Degree | WGU","69","639","","0","0","Earn your math teacher certification at home with WGU’s accredited online Bachelor of Science in Mathematics Education (Secondary) with teaching licensure.","155","981","B.S. Math Education (Secondary)","31","Mathematics Education Degree (Secondary)","40","","0","The Online Math Degree You Need to Make a Difference for Students","65","Secondary Mathematics Education Courses","39","","","","","https://www.wgu.edu/online-teaching-degrees/mathematics-teacher-certification-secondary-bachelors-program.html","","","","","","","511808","511808","10693","1993","5.365","47.237","Hard","14.330","0","1","","16","1","0","1.090","490","198","0","7","7","0","","","","","d07d6f0db490d99b6814f2cdadbdafe5","1.109","Wed, 24 Apr 2024 15:58:53 GMT","","","","1.1","https://www.wgu.edu/online-teaching-degrees/mathematics-teacher-certification-secondary-bachelors-program.html","2024-11-30 14:41:23"
"https://reg.msu.edu/academicprograms/ProgramDetail.aspx?Program=MATHEM_BS1","https://reg.msu.edu/academicprograms/ProgramDetail.aspx?Program=MATHEM_BS1","text/html; charset=utf-8","200","OK","Indexable","","MSU RO:
    Academic Programs:Mathematics - Bachelor of Science","64","575","","0","0","","0","0","","0","Undergraduate Degree","20","","0","Mathematics - Bachelor of Science","33","Other Links","11","","","","","","","","","","","","97549","37026","1098","187","5.872","72.974","Fairly Easy","9.206","0","1","","2","1","0","1.090","99","87","0","0","0","0","","","","","41d121f991597c6b272c7b231e2bbff1","3.219","","","","","1.1","https://reg.msu.edu/academicprograms/ProgramDetail.aspx?Program=MATHEM_BS1","2024-11-30 14:39:47"
"https://www.umsl.edu/degrees/bachelors/mathematics.html","https://www.umsl.edu/degrees/bachelors/mathematics.html","text/html","200","OK","Indexable","","Mathematics Degree | UMSL","25","251","","0","0","Think analytically to solve problems in many industries with UMSL's BA or BS in Mathematics. Gain a broad academic understanding to pursue graduate studies.","156","993","mathematics, bachelors, bs, degree, majors, umsl, stl, st. louis, education, college, math","90","Mathematics","11","$113,990","8","Gain sought-after skills for diverse careers with a mathematics degree","70","Why earn your bachelor’s in math at UMSL?","41","","","","","","","","","","","","61970","16704","1598","263","6.076","49.044","Hard","18.482","0","2","","11","1","0","1.090","101","49","0","11","10","0","","","","","cc491d139b5be0f9a3ad58d079a4993","3.455","Wed, 11 Sep 2024 18:07:01 GMT","","","","1.1","https://www.umsl.edu/degrees/bachelors/mathematics.html","2024-11-30 14:40:09"
"https://www.kennesaw.edu/degrees-programs/bachelor-degrees/mathematics.php","https://www.kennesaw.edu/degrees-programs/bachelor-degrees/mathematics.php","text/html; charset=UTF-8","200","OK","Indexable","","Bachelor of Science in Mathematics - Kennesaw State University","62","569","","0","0","A Math Degree at Kennesaw State provides the training you need for a career in fields such as technology, engineering, science, and other industries.","149","919","","0","Bachelor of Science in Mathematics","34","","0","Bachelor of Science in Mathematics","34","","0","","","","","https://www.kennesaw.edu/degrees-programs/bachelor-degrees/mathematics.php","","","","","","","49998","49998","957","221","4.330","53.395","Fairly Hard","12.861","0","2","","8","1","0","1.090","84","59","0","13","13","0","","","","","8294d73ef9b088eba11afe404aa5f638","1.789","","","","","1.1","https://www.kennesaw.edu/degrees-programs/bachelor-degrees/mathematics.php","2024-11-30 14:39:08"
"https://catalog.csusb.edu/colleges-schools-departments/natural-sciences/mathematics/mathematics-bs/","https://catalog.csusb.edu/colleges-schools-departments/natural-sciences/mathematics/mathematics-bs/","text/html; charset=UTF-8","200","OK","Indexable","","Bachelor of Science in Mathematics | CSUSB","42","395","","0","0","","0","0","","0","2024-25 Catalog","15","Bachelor of Science in Mathematics","34","Requirements for the B.S. in Mathematics","40","Concentrations (26-36 Units)","28","","","","","","","","","","","","74454","74454","1216","274","4.438","71.256","Fairly Easy","17.310","0","4","","3","1","0","1.090","243","176","0","10","10","0","","","","","c6b90a358cf1e7780e103b7b742912ed","2.471","Thu, 09 May 2024 21:10:59 GMT","","","","1.1","https://catalog.csusb.edu/colleges-schools-departments/natural-sciences/mathematics/mathematics-bs/","2024-11-30 14:41:05"
"https://www.csusm.edu/math/bsdegree/index.html","https://www.csusm.edu/math/bsdegree/index.html","text/html; charset=UTF-8","200","OK","Indexable","","Bachelor of Science in Mathematics | Mathematics | CSUSM","56","531","","0","0","","0","0","","0","Bachelor of Science in Mathematics","34","","0","","0","","0","","","","","https://www.csusm.edu/math/bsdegree/index.html","","","","","","","26693","26693","618","100","6.180","67.776","Normal","18.724","0","2","","12","1","0","1.090","85","40","0","4","2","0","","","","","46b79e2f10f402fab95bf4654d539c7d","2.340","","","","","1.1","https://www.csusm.edu/math/bsdegree/index.html","2024-11-30 14:39:19"
"https://catalog.slu.edu/colleges-schools/arts-sciences/mathematics-statistics/mathematics-bs/","https://catalog.slu.edu/colleges-schools/arts-sciences/mathematics-statistics/mathematics-bs/","text/html; charset=UTF-8","200","OK","Indexable","","Mathematics, B.S. < Saint Louis University","42","369","","0","0","","0","0","","0","Mathematics, B.S.","17","","0","Why Saint Louis University","26","Program Highlights","18","","","","","","","","","","","","240836","240836","2708","491","5.515","52.625","Fairly Hard","25.788","0","4","","14","1","0","1.090","1268","1203","0","7","7","0","","","","","9f2cdfcb00c9c8a94fa5493790a3d9bd","1.968","Wed, 20 Nov 2024 16:38:33 GMT","","","","1.1","https://catalog.slu.edu/colleges-schools/arts-sciences/mathematics-statistics/mathematics-bs/","2024-11-30 14:39:43"
"https://www.nsu.edu/Academics/Faculty-and-Academic-Divisions/Schools-and-Colleges/College-of-Science-Engineering-and-Technology/Departments/Mathematics/Programs/Bachelor-of-Science-in-Mathematics","https://www.nsu.edu/Academics/Faculty-and-Academic-Divisions/Schools-and-Colleges/College-of-Science-Engineering-and-Technology/Departments/Mathematics/Programs/Bachelor-of-Science-in-Mathematics","text/html; charset=utf-8","200","OK","Indexable","","Bachelor of Science in Mathematics | NSU - Norfolk State University","67","593","","0","0","Earn your Bachelor of Science in Mathematics at Norfolk State University and learn the quantitative skills necessary for success in various disciplines.","152","925","mathematics degree, mathematics major, bachelor of science in mathematics, bachelor’s in mathematics, what jobs can you get with a mathematics degree","149","B.S. Mathematics","16","","0","Menu","4","A mathematics degree designed with you in mind","46","","","","","","","","","","","","613055","613055","881","152","5.796","50.861","Fairly Hard","5.594","0","7","","2","1","0","1.090","1651","1594","0","10","10","0","","","","","2de15e7aca2cbdeec5858b8519a5f418","8.503","","","","","1.1","https://www.nsu.edu/Academics/Faculty-and-Academic-Divisions/Schools-and-Colleges/College-of-Science-Engineering-and-Technology/Departments/Mathematics/Programs/Bachelor-of-Science-in-Mathematics","2024-11-30 14:40:56"
"https://seas.harvard.edu/applied-mathematics/bachelors-applied-mathematics","https://seas.harvard.edu/applied-mathematics/bachelors-applied-mathematics","text/html; charset=UTF-8","200","OK","Indexable","","Bachelor's in Applied Mathematics | Harvard SEAS","48","443","","0","0","Bachelor's in Applied Math @ Harvard SEAS. Math for real-world challenges! Combine math with any field. A.B. degree.","116","732","applied mathematics, statistics, computation, numerical analysis, fluid mechanics, economics, control theory, computational neuroscience, artificial and natural intelligence, applied algebra and geometry. data science,","218","Bachelor's in Applied Mathematics","33","","0","Main navigation","15","Information For","15","","","","","https://seas.harvard.edu/applied-mathematics/bachelors-applied-mathematics","","","","","","","139223","51914","863","144","5.993","44.786","Hard","14.813","0","1","","5","1","0","1.090","72","57","0","6","6","0","","","","","29fae468442bb06c083a9ff637f795a3","3.038","Sat, 30 Nov 2024 04:07:42 GMT","","","","1.1","https://seas.harvard.edu/applied-mathematics/bachelors-applied-mathematics","2024-11-30 14:39:40"
"https://www.georgiasouthern.edu/cosm/math/undergraduate-degrees/","https://www.georgiasouthern.edu/cosm/math/undergraduate-degrees/","text/html; charset=UTF-8","403","Forbidden","Non-Indexable","Client Error","","0","0","","0","0","","0","0","","0","","0","","0","","0","","0","","","","","","","","","","","","309","309","0","","","","","0.000","0","3","","0","0","0","0.000","0","0","0","0","0","0","","","","","","1.386","","","","","1.1","https://www.georgiasouthern.edu/cosm/math/undergraduate-degrees/","2024-11-30 14:39:32"
"https://catalog.tamiu.edu/undergraduate-information/arts-sciences/mathematics-physics/bachelor-arts-major-mathematics-grades-7-12-certification-ba/","https://catalog.tamiu.edu/undergraduate-information/arts-sciences/mathematics-physics/bachelor-arts-major-mathematics-grades-7-12-certification-ba/","text/html; charset=UTF-8","200","OK","Indexable","","Bachelor of Arts with a Major in Mathematics with Grades 7-12 Certification (BA) | Texas A&M International University Academic Catalog","134","1200","","0","0","","0","0","","0","Academic Catalog 2024-2025","26","Bachelor of Arts with a Major in Mathematics with Grades 7-12 Certification (BA)","80","Hours Required","14","Requirements","12","","","","","","","","","","","","98237","98237","845","157","5.382","79.929","Fairly Easy","16.498","0","4","","8","1","0","1.090","344","287","0","19","18","0","","","","","2a33afc8c95885bb10fd0135ad3e1437","2.458","Wed, 13 Nov 2024 15:58:18 GMT","","","","1.1","https://catalog.tamiu.edu/undergraduate-information/arts-sciences/mathematics-physics/bachelor-arts-major-mathematics-grades-7-12-certification-ba/","2024-11-30 14:39:19"
"https://engineering.nyu.edu/academics/programs/mathematics-bs","https://engineering.nyu.edu/academics/programs/mathematics-bs","text/html; charset=UTF-8","200","OK","Indexable","","Mathematics, B.S. | NYU Tandon School of Engineering","52","485","","0","0","","0","0","","0","Mathematics, B.S.","17","","0","Departments","11","Degrees & Programs","18","","","","","https://engineering.nyu.edu/academics/programs/mathematics-bs","","","","","","","111287","111287","1958","342","5.725","64.143","Normal","13.559","0","2","","7","1","0","1.090","237","83","0","7","7","0","","","","","cf14d31dfae45f36dd1f83a465283b00","12.015","Sat, 30 Nov 2024 09:16:40 GMT","","","","1.1","https://engineering.nyu.edu/academics/programs/mathematics-bs","2024-11-30 14:40:38"
"https://cse.umn.edu/math/bs-mathematics","https://cse.umn.edu/math/bs-mathematics","text/html; charset=UTF-8","200","OK","Indexable","","BS in Mathematics | School of Mathematics | College of Science and Engineering","78","713","","0","0","","0","0","","0","BS in Mathematics","17","","0","Breadcrumb","10","Prerequisites for applying to the major","39","","","","","https://cse.umn.edu/math/bs-mathematics","","","","","","","109078","23734","1884","428","4.402","67.160","Normal","12.795","0","1","","46","1","0","1.090","302","216","0","6","6","0","","","","","e87c0e6b5e48be8fe95ae13299f05932","2.012","Mon, 25 Nov 2024 21:54:49 GMT","","","","1.1","https://cse.umn.edu/math/bs-mathematics","2024-11-30 14:40:07"
"https://www.lunduniversity.lu.se/lubas/i-uoh-lu-NGNAT-ENMA","https://www.lunduniversity.lu.se/lubas/i-uoh-lu-NGNAT-ENMA","text/html; charset=UTF-8","200","OK","Indexable","","Sciences, Mathematics | Lund University","39","356","","0","0","","0","0","","0","Sciences, Mathematics","21","Faculties","9","Description","11","Necessary elements for a student to undertake the programme","59","","","","","https://www.lunduniversity.lu.se/lubas/i-uoh-lu-NGNAT-ENMA","","","","","","","327730","34397","1773","286","6.199","44.465","Hard","8.390","0","1","","8","1","0","1.090","429","359","0","23","21","0","","","","","402b76858b007c9f70e0ea3cc529b656","1.652","Sat, 30 Nov 2024 07:27:21 GMT","","","","1.1","https://www.lunduniversity.lu.se/lubas/i-uoh-lu-NGNAT-ENMA","2024-11-30 14:41:37"
"https://www.gatech.edu/academics/degrees/bachelors/mathematics-bs","https://www.gatech.edu/academics/degrees/bachelors/mathematics-bs","text/html; charset=UTF-8","200","OK","Indexable","","Mathematics (BS)","16","159","","0","0","Undergraduate Math Degree Overview A degree in Math at Georgia Tech includes technology-focused curriculum and state-of-the-art laboratories. The Bachelor's in Mathematics program offers these key advantages as well: ","217","1380","","0","Mathematics (BS)","16","","0","Main navigation","15","User account menu","17","index","","","","https://www.gatech.edu/academics/degrees/bachelors/mathematics-bs","","","","","","","77472","77472","770","152","5.066","49.193","Hard","10.703","0","3","","19","1","0","1.090","164","130","0","17","17","0","","","","","11a4668a41b971485337c7ee3ac59c50","1.407","Fri, 29 Nov 2024 23:07:59 GMT","","","","1.1","https://www.gatech.edu/academics/degrees/bachelors/mathematics-bs","2024-11-30 14:41:06"
"https://math.yale.edu/undergraduate/mathematics-major","https://math.yale.edu/undergraduate/mathematics-major","text/html; charset=utf-8","200","OK","Indexable","","The Mathematics Major
 | Department of Mathematics","50","474","","0","0","","0","0","","0","The Mathematics Major","21","","0","Department of Mathematics","25","Categories","10","","","","","https://math.yale.edu/undergraduate/mathematics-major","","","","","","","40174","12803","1049","161","6.516","61.265","Normal","19.077","0","1","","3","1","0","1.090","69","50","0","10","10","0","","","","","f44d10c7053b20d09231e6acf8b556c2","2.922","Sat, 30 Nov 2024 09:39:46 GMT","","","","1.1","https://math.yale.edu/undergraduate/mathematics-major","2024-11-30 14:39:44"
"https://www.utdallas.edu/fact-sheets/nsm/ba-bs-mathematics/","https://www.utdallas.edu/fact-sheets/nsm/ba-bs-mathematics/","text/html; charset=UTF-8","200","OK","Indexable","","BA/BS in Mathematics | UT Dallas","32","298","","0","0","Students seeking a degree in mathematics may choose from three specializations. This flexibility allows students to better adapt their educational experience.","158","978","","0","Bachelor of Arts / Bachelor of Science in Mathematics","53","Thank You","9","","0","","0","max-image-preview:large","","","","https://www.utdallas.edu/fact-sheets/nsm/ba-bs-mathematics/","","","","","","","249573","68179","1077","204","5.279","46.730","Hard","8.908","0","3","","3","1","0","1.090","126","84","0","9","8","0","","","","","2fcbbb00560d4ac3fa3016e820a914c8","3.140","Sat, 30 Nov 2024 08:56:29 GMT","","","","1.1","https://www.utdallas.edu/fact-sheets/nsm/ba-bs-mathematics/","2024-11-30 14:38:50"
"https://www.american.edu/cas/mathstat/bs-math.cfm","https://www.american.edu/cas/mathstat/bs-math.cfm","text/html;charset=UTF-8","200","OK","Indexable","","BS in Mathematics | American University, Washington, DC","55","508","","0","0","Admissions and degree requirements for the BS in  Mathematics at American University in Washington, DC.","103","661","","0","American University Homepage","28","You are here: American University College of Arts & Sciences Mathematics & Statistics BS Mathematics","100","BS in Mathematics","17","","0","","","","","https://www.american.edu/cas/mathstat/bs-math.cfm","","","","","","","42197","12002","144","31","4.645","58.183","Fairly Hard","6.900","0","2","","12","1","0","1.090","104","90","0","10","10","0","","","","","d262b1e04e0a06d38e3c699f334d1dd6","2.477","","","","","1.1","https://www.american.edu/cas/mathstat/bs-math.cfm","2024-11-30 14:41:03"
"https://en.wikipedia.org/wiki/Bachelor_of_Mathematics","https://en.wikipedia.org/wiki/Bachelor_of_Mathematics","text/html; charset=UTF-8","200","OK","Indexable","","Bachelor of Mathematics - Wikipedia","35","323","","0","0","","0","0","","0","Bachelor of Mathematics","23","","0","Contents","8","List of institutions awarding Bachelor of Mathematics degrees","61","max-image-preview:standard","","","","https://en.wikipedia.org/wiki/Bachelor_of_Mathematics","","","","","","","85803","17916","852","239","3.565","29.648","Very Hard","8.545","0","1","","26","1","0","1.090","219","169","0","29","25","0","","","","","d131ea657c5e288034f88201a3d2e626","3.723","Wed, 27 Nov 2024 01:30:48 GMT","","","","1.1","https://en.wikipedia.org/wiki/Bachelor_of_Mathematics","2024-11-30 14:40:11"
"https://catalog.uic.edu/ucat/colleges-depts/liberal-arts-sciences/mscs/bs-math/","https://catalog.uic.edu/ucat/colleges-depts/liberal-arts-sciences/mscs/bs-math/","text/html; charset=UTF-8","200","OK","Indexable","","BS with a Major in Mathematics < University of Illinois Chicago","63","548","","0","0","","0","0","","0","Academic Catalog","16","BS with a Major in Mathematics","30","2024-2025 Undergraduate Catalog","31","Degree Requirements","19","","","","","","","","","","","","38974","38974","1073","239","4.490","66.350","Normal","17.175","0","5","","7","1","0","1.090","130","96","0","1","1","0","","","","","1fcb5b023887d5869d38f040658bcbf8","6.572","Mon, 25 Nov 2024 15:56:33 GMT","","","","1.1","https://catalog.uic.edu/ucat/colleges-depts/liberal-arts-sciences/mscs/bs-math/","2024-11-30 14:40:11"
"https://catalogue.uci.edu/schoolofphysicalsciences/departmentofmathematics/mathematics_bs/","https://catalogue.uci.edu/schoolofphysicalsciences/departmentofmathematics/mathematics_bs/","text/html; charset=UTF-8","200","OK","Indexable","","Mathematics, B.S. < University of California Irvine","51","432","","0","0","","0","0","","0","2024-25 Edition","15","Mathematics, B.S.","17","University Registrar","20","Print Options","13","","","","","","","","","","","","181630","181630","2228","428","5.206","45.755","Hard","19.661","0","3","","11","1","0","1.090","283","99","0","0","0","0","","","","","e6326ddb3b2a43f16d605d26e9d62328","2.656","Sun, 08 Sep 2024 14:17:41 GMT","","","","1.1","https://catalogue.uci.edu/schoolofphysicalsciences/departmentofmathematics/mathematics_bs/","2024-11-30 14:41:09"
"https://catalog.ncsu.edu/undergraduate/sciences/mathematics/mathematics-bs/","https://catalog.ncsu.edu/undergraduate/sciences/mathematics/mathematics-bs/","text/html; charset=UTF-8","200","OK","Indexable","","Mathematics (BS) < North Carolina State University","50","449","","0","0","","0","0","","0","University Catalog 2024-2025","28","Mathematics (BS)","16","Contact","7","Plan Requirements","17","","","","","","","","","","","","163404","163404","2968","572","5.189","63.438","Normal","11.703","0","4","","20","1","0","1.090","322","179","0","5","5","0","","","","","86690dcf81f542235ec093a2bb969b33","15.456","Wed, 23 Oct 2024 20:18:09 GMT","","","","1.1","https://catalog.ncsu.edu/undergraduate/sciences/mathematics/mathematics-bs/","2024-11-30 14:40:39"
"https://www.shsu.edu/programs/bachelor-degree-in-mathematics/index.html","https://www.shsu.edu/programs/bachelor-degree-in-mathematics/index.html","text/html;charset=UTF-8","200","","Indexable","","Bachelor's Degree in Mathematics at Sam Houston State University","64","592","","0","0","The Department of Mathematics and Statistics provides an environment that is conducive to and promotes the understanding of mathematics and statistics by all students, encourages community and institutional service, and encourages and supports continued faculty development and scholarship.","290","1859","Accounting and Finance,Computer Programming","43","Mathematics, Bachelor of Arts, Bachelor of Science","50","","0","More Degree Information","23","Admissions Information","22","NOODP","","","","","","","","","","","153196","20377","1093","275","3.975","60.614","Normal","8.744","0","2","","7","1","0","1.090","480","227","0","52","32","0","","","","","c008a37a46e435456c7839950de7639b","10.177","","","","","1.1","https://www.shsu.edu/programs/bachelor-degree-in-mathematics/index.html","2024-11-30 14:40:38"
"https://www.ccis.edu/degrees/math-bachelor","https://www.ccis.edu/degrees/math-bachelor","text/html","200","OK","Indexable","","Bachelor's in Mathematics | Columbia College","44","404","","0","0","Learn to think analytically, reason logically, and communicate precisely while solving real world problems with a Bachelor's in Mathematics degree, with online or in-seat studies.","179","1089","bachelor of science in mathematics, mathematics bachelors degree, bachelors degree in mathematics, online mathematics bachelor degree, bachelor of mathematics online, bs mathematics online","188","Bachelor's in Mathematics","25","","0","School of Arts and Sciences","27","Program Details","15","","","","","https://www.ccis.edu/degrees/math-bachelor","","","","","","","184156","184156","788","156","5.051","44.103","Hard","8.933","0","1","","2","1","0","1.090","88","70","0","14","10","0","","","","","c6bae0649494717498658c55457c39fb","3.531","","","","","1.1","https://www.ccis.edu/degrees/math-bachelor","2024-11-30 14:39:15"
"https://www.tesu.edu/degrees-programs/bachelors/ba-mathematics.php","https://www.tesu.edu/degrees-programs/bachelors/ba-mathematics.php","text/html; charset=UTF-8","200","OK","Indexable","","Bachelor of Arts (B.A.) in Mathematics | Thomas Edison State University","71","633","","0","0","Pursue your BA in Mathematics online at TESU. Develop advanced skills in algebra, calculus, and applied math to prepare for careers in education, research, or further academic study.","182","1127","","0","Bachelor of Arts (B.A.) in Mathematics","38","","0","Learning Outcomes","17","Program Details","15","","","","","","","","","","","","112681","112681","296","61","4.852","49.287","Hard","5.270","0","2","","8","1","0","1.090","94","65","0","11","8","0","","","","","4cd1bb547cf30f1a5a804691d4a75262","2.323","","","","","1.1","https://www.tesu.edu/degrees-programs/bachelors/ba-mathematics.php","2024-11-30 14:41:08"
"https://catalog.tamu.edu/undergraduate/arts-and-sciences/mathematics/bs/","https://catalog.tamu.edu/undergraduate/arts-and-sciences/mathematics/bs/","text/html; charset=UTF-8","200","OK","Indexable","","Mathematics - BS < Texas A&M Catalogs < Texas A&M University, College Station, TX","81","749","","0","0","","0","0","","0","Texas A&M University Catalogs","29","Mathematics - BS","16","2024-2025 Edition","17","Print Options","13","","","","","","","","","","","","289496","289496","1070","182","5.879","94.920","Very Easy","18.503","0","4","","6","1","0","1.090","1447","1360","0","0","0","0","","","","","e9bf941a5db8b5aa40aca20a1d8f73dc","2.198","Sun, 13 Oct 2024 15:04:47 GMT","","","","1.1","https://catalog.tamu.edu/undergraduate/arts-and-sciences/mathematics/bs/","2024-11-30 14:41:12"
"https://www.roosevelt.edu/programs/bachelors-mathematics-ba-or-bs","https://www.roosevelt.edu/programs/bachelors-mathematics-ba-or-bs","text/html; charset=UTF-8","200","OK","Indexable","","Bachelor's in Mathematics, BA or BS | Roosevelt University","58","513","","0","0","Mathematics is a beautiful and interesting subject that will help you gain analytical and problem-solving skills.","113","679","Math, Math Teacher, Mathematics, Mathematics BA, Mathematics BS, Roosevelt University, Chicago","94","Bachelor's in Mathematics, BA or BS","35","","0","WHY ROOSEVELT FOR YOUR BACHELOR’S","33","Meet Your Faculty","17","","","","","https://www.roosevelt.edu/programs/bachelors-mathematics-ba-or-bs","","","","","","","81519","19176","1217","300","4.057","66.051","Normal","10.527","0","1","","6","1","0","1.090","195","158","0","26","25","0","","","","","27bd04b63e24269a985de7bda537babc","4.285","Fri, 29 Nov 2024 02:29:29 GMT","","","","1.1","https://www.roosevelt.edu/programs/bachelors-mathematics-ba-or-bs","2024-11-30 14:40:07"
"https://www.unlv.edu/degree/bs-mathematics","https://www.unlv.edu/degree/bs-mathematics","text/html; charset=UTF-8","200","OK","Indexable","","Bachelor of Science in Mathematical Sciences | Academics | University of Nevada, Las Vegas","90","818","","0","0","The Bachelor of Sciences in Mathematical Sciences is designed to include a large level of flexibility to serve students in a variety of areas in Mathematical Sciences and statistics: pure math, computational math, applied math, and statistics.","243","1474","","0","University of Nevada, Las Vegas","31","Academics Academics","19","Academics","9","Find","4","index, follow","","","","https://www.unlv.edu/degree/bs-mathematics","","","","","","","121535","38019","981","238","4.122","50.958","Fairly Hard","5.962","0","1","","16","1","0","1.090","97","61","0","13","13","0","","","","","a87237850e59a1df86a5b4857b2e097f","5.644","Sat, 30 Nov 2024 09:39:03 GMT","","","","1.1","https://www.unlv.edu/degree/bs-mathematics","2024-11-30 14:39:01"
