"Original Url","Address","Content Type","Status Code","Status","Indexability","Indexability Status","Title 1","Title 1 Length","Title 1 Pixel Width","Title 2","Title 2 Length","Title 2 Pixel Width","Meta Description 1","Meta Description 1 Length","Meta Description 1 Pixel Width","Meta Description 2","Meta Description 2 Length","Meta Description 2 Pixel Width","Meta Keywords 1","Meta Keywords 1 Length","H1-1","H1-1 Length","H1-2","H1-2 Length","H2-1","H2-1 Length","H2-2","H2-2 Length","Meta Robots 1","Meta Robots 2","X-Robots-Tag 1","Meta Refresh 1","Canonical Link Element 1","Canonical Link Element 2","rel=""next"" 1","rel=""prev"" 1","HTTP rel=""next"" 1","HTTP rel=""prev"" 1","amphtml Link Element","Size (bytes)","Transferred (bytes)","Word Count","Sentence Count","Average Words Per Sentence","Flesch Reading Ease Score","Readability","Text Ratio","Crawl Depth","Folder Depth","Link Score","Inlinks","Unique Inlinks","Unique JS Inlinks","% of Total","Outlinks","Unique Outlinks","Unique JS Outlinks","External Outlinks","Unique External Outlinks","Unique External JS Outlinks","Closest Similarity Match","No. Near Duplicates","Spelling Errors","Grammar Errors","Hash","Response Time","Last Modified","Redirect URL","Redirect Type","Cookies","HTTP Version","URL Encoded Address","Crawl Timestamp"
"https://www.marshalls.com/us/m/shop/shoes-shoes-men-s-shoes/_/N-3716159530","https://www.marshalls.com/us/m/shop/shoes-shoes-men-s-shoes/_/N-3716159530","","301","Moved Permanently","Non-Indexable","Redirected","","0","0","","0","0","","0","0","","0","0","","0","","0","","0","","0","","0","","","","","","","","","","","","0","0","0","","","","","0.000","0","5","","0","0","0","0.000","0","0","0","0","0","0","","","","","","0.907","","https://m.marshalls.com/us/m/shop/shoes-shoes-men-s-shoes/_/N-3716159530","HTTP Redirect","","1.1","https://www.marshalls.com/us/m/shop/shoes-shoes-men-s-shoes/_/N-3716159530","2024-11-30 15:01:43"
"https://www.ugg.com/men/","https://www.ugg.com/men/","text/plain; charset=utf-8","406","Not Acceptable","Non-Indexable","Client Error","","0","0","","0","0","","0","0","","0","0","","0","","0","","0","","0","","0","","","","","","","","","","","","20","20","0","","","","","0.000","0","1","","0","0","0","0.000","0","0","0","0","0","0","","","","","","0.706","","","","","1.1","https://www.ugg.com/men/","2024-11-30 15:01:30"
"https://bahe.co/collections/recharge-mens-daily-runner","https://bahe.co/collections/recharge-mens-daily-runner","text/html; charset=utf-8","200","OK","Indexable","","Recharge - Men's Regular Fit Grounded Running Shoe Range
 – Bahé","64","599","","0","0","A cushioned and versatile daily running shoe, ready for every run","65","398","","0","0","","0","Recharge - Men's Regular Fit Grounded Running Shoe Range","56","","0","Rediscover - Men's Barefoot-style Grounded Hiking Boot","54","Revive - Men's Barefoot-style Grounded Running Shoe","51","","","","","https://bahe.co/collections/recharge-mens-daily-runner","","","","","","","235093","44104","575","323","1.780","67.314","Normal","2.148","0","1","","4","1","0","1.320","95","50","0","4","4","0","","","","","e3fa18f0bf0e69654bcb9ef33b30e605","0.825","","","","","1.1","https://bahe.co/collections/recharge-mens-daily-runner","2024-11-30 15:01:33"
"https://www.macys.com/shop/mens-clothing/shop-all-mens-shoes?id=55822","https://www.macys.com/shop/mens-clothing/shop-all-mens-shoes?id=55822","","302","Moved Temporarily","Non-Indexable","Redirected","","0","0","","0","0","","0","0","","0","0","","0","","0","","0","","0","","0","","","","","","","","","","","","0","0","0","","","","","0.000","0","2","","0","0","0","0.000","0","0","0","0","0","0","","","","","","1.550","","https://www.macys.com/shop/mens-clothing/shop-all-mens-shoes?id=55822","HTTP Redirect","","1.1","https://www.macys.com/shop/mens-clothing/shop-all-mens-shoes?id=55822","2024-11-30 15:01:35"
"https://www.asics.com/us/en-us/mens-shoes/c/aa10200000/","https://www.asics.com/us/en-us/mens-shoes/c/aa10200000/","text/html;charset=UTF-8","200","OK","Indexable","","Men's Shoes | ASICS","19","183","","0","0","Official Site: Shop Men's Shoes from ASICS®. FREE RETURNS AND STANDARD SHIPPING on orders over $50 for OneASICS™ Members.","121","838","","0","0","ASICS","5","Men's Shoes","11","","0","Get the latest news from ASICS","30","","0","","","","","https://www.asics.com/us/en-us/mens-shoes/c/aa10200000/","","https://www.asics.com/us/en-us/mens-shoes/c/aa10200000/?start=24&sz=24","","","","","1070731","90803","2423","923","2.625","91.045","Very Easy","1.720","0","5","","251","1","0","1.320","639","292","0","7","6","0","","","","","9cb0e0330bb5a03b220df5d854c24525","1.798","","","","","1.1","https://www.asics.com/us/en-us/mens-shoes/c/aa10200000/","2024-11-30 15:01:46"
"https://www.newbalance.com/men/shoes/all-shoes/","https://www.newbalance.com/men/shoes/all-shoes/","text/html","403","Forbidden","Non-Indexable","Client Error","","0","0","","0","0","","0","0","","0","0","","0","","0","","0","","0","","0","","","","","","","","","","","","633","633","0","","","","","0.000","0","3","","0","0","0","0.000","0","0","0","0","0","0","","","","","","0.987","","","","","1.1","https://www.newbalance.com/men/shoes/all-shoes/","2024-11-30 15:01:43"
"https://www.birkenstock.com/us/men/shoes/","https://www.birkenstock.com/us/men/shoes/","text/html;charset=UTF-8","200","OK","Indexable","","Comfortable men's shoes | buy online at BIRKENSTOCK","51","489","","0","0","BIRKENSTOCK comfortable shoes for men in all colors and sizes ✓Buy directly from the manufacturer online✓ all fashion trends from Birkenstock","141","892","","0","0","","0","MEN'S SHOES","11","","0","Comfortable shoes for men","25","BIRKENSTOCK NEWSLETTER","22","index, follow","","","","https://www.birkenstock.com/us/men/shoes/","","","","","","","567131","71678","1644","474","3.468","100.000","Very Easy","2.231","0","3","","7","1","0","1.320","394","262","0","14","8","0","","","","","28a40510726d1c958d6c271e22f71c4","1.381","","","","","1.1","https://www.birkenstock.com/us/men/shoes/","2024-11-30 15:01:44"
"https://www.johnstonmurphy.com/c/men/mens-shoes","https://www.johnstonmurphy.com/c/men/mens-shoes","text/html;charset=UTF-8","200","OK","Indexable","","Men's Shoes | Johnston & Murphy","31","301","","0","0","Shop Johnston & Murphy for a wide selection of shoes for any occasion.","70","449","","0","0","Johnston & Murphy","17","","0","","0","","0","","0","","","","","","","","","","","","364559","40994","794","302","2.629","100.000","Very Easy","2.833","0","2","","23","2","0","2.630","358","146","0","20","9","0","","","","","1b38483dc0299cf3b9d94bb8cdadbb7","0.948","","","","","1.1","https://www.johnstonmurphy.com/c/men/mens-shoes","2024-11-30 15:01:25"
"https://www.brunomarc.com/collections/mens-shoes","https://www.brunomarc.com/collections/mens-shoes","text/html; charset=UTF-8","200","OK","Indexable","","Men's Shoes | Oxfords, Sneakers & Boots-Bruno Marc","50","470","","0","0","Shop the huge selection of men's shoes from Bruno Marc store including men’s boots, oxfords shoes, sneakers, casual shoes and more.","131","843","","0","0","","0","Men's Shoes","11","","0","CATEGORY","8","COLORS","6","","","","","https://www.brunomarc.com/collections/mens-shoes","","","","","","","874764","60111","2128","580","3.669","93.147","Very Easy","2.110","0","1","","3","1","0","1.320","303","144","0","5","5","0","","","","","20026c1cb608e56328420e8f10c6caff","2.062","Sat, 30 Nov 2024 10:01:27 GMT","","","","1.1","https://www.brunomarc.com/collections/mens-shoes","2024-11-30 15:01:27"
"https://thursdayboots.com/collections/mens-shoes","https://thursdayboots.com/collections/mens-shoes","text/html; charset=utf-8","200","OK","Indexable","","Men’s Shoes - Casual Shoes & Dress Shoes | Thursday","51","478","","0","0","Shop Comfortable, Durable, and Versatile Men's Shoes at Thursday. Handcrafted Leather Sneakers, Dress Shoes, and More Available Now, All Made With the Highest Quality Materials. Shop Now For Free Shipping & Returns!","215","1374","","0","0","","0","","0","","0","Your Cart","9","Thursday Boot Company","21","","","","","https://thursdayboots.com/collections/mens-shoes","","","","","","","595889","88496","157","55","2.855","53.059","Fairly Hard","0.846","0","1","","5","1","0","1.320","40","27","0","5","5","0","","","","","c5382f93575a654bf2acb7a5196e07d8","1.059","","","","","1.1","https://thursdayboots.com/collections/mens-shoes","2024-11-30 15:01:33"
"https://www.saguaro.com/collections/all-men-shoes","https://www.saguaro.com/collections/all-men-shoes","text/html; charset=utf-8","200","OK","Indexable","","Saguaro® Men's Barefoot Shoes: Versatile Comfort for Every Adventure  – Saguaro Barefoot Shoes","94","870","","0","0","From training to business casual, watersports, or mountain climbing, Saguaro® Men's Barefoot Shoes are your ultimate companion. With a wide toe box, lightweight feel, flat, thin soles, and ultimate flexibility, experience the freedom of nature on every adventure. Step into sustainable comfort with our globally available footwear.","331","2023","","0","0","","0","Men's Shoes","11","","0","Refined by Clear all","20","Color","5","","","","","https://www.saguaro.com/collections/all-men-shoes","","https://www.saguaro.com/collections/all-men-shoes?page=2","","","","","3717784","320532","3508","1613","2.175","100.000","Very Easy","1.606","0","1","","86","1","0","1.320","323","86","0","8","6","0","","","","","8308091a764ece6ba530f1763c3dd854","0.864","","","","","1.1","https://www.saguaro.com/collections/all-men-shoes","2024-11-30 15:01:23"
"https://www.walmart.com/browse/clothing/mens-shoes/5438_1045804_1045807_426207","https://www.walmart.com/browse/clothing/mens-shoes/5438_1045804_1045807_426207","text/plain; charset=utf-8","307","Temporary Redirect","Non-Indexable","Redirected","","0","0","","0","0","","0","0","","0","0","","0","","0","","0","","0","","0","","","","","","","","","","","","21","21","0","","","","","0.000","0","3","","0","0","0","0.000","0","0","0","0","0","0","","","","","","1.004","","https://www.walmart.com/blocked?url=L2Jyb3dzZS9jbG90aGluZy9tZW5zLXNob2VzLzU0MzhfMTA0NTgwNF8xMDQ1ODA3XzQyNjIwNw==&uuid=1c3574f3-af02-11ef-9ed2-d9d3a05c53c2&vid=&g=b","HTTP Redirect","","1.1","https://www.walmart.com/browse/clothing/mens-shoes/5438_1045804_1045807_426207","2024-11-30 15:01:47"
"https://www.rainbowsandals.com/mens/shoes","https://www.rainbowsandals.com/mens/shoes","text/html; charset=utf-8","200","OK","Indexable","","Men's Shoes - Rainbow Sandals","29","279","","0","0","Discover our shoes for men from Rainbow Sandals. Our high quality shoes are designed for comfort and sit on a single layer arch just like our sandals.","150","927","","0","0","","0","","0","","0","","0","","0","","","","","https://www.rainbowsandals.com/mens/shoes","","","","","","","82178","15837","458","180","2.544","78.830","Fairly Easy","3.755","0","1","","1","1","0","1.320","129","77","0","4","4","0","","","","","649a5cc589d1ca7548c6929176130b4","1.498","","","","","1.1","https://www.rainbowsandals.com/mens/shoes","2024-11-30 15:01:21"
"https://www.roadrunnersports.com/category/mens/shoes","https://www.roadrunnersports.com/category/mens/shoes","text/html; charset=utf-8","200","OK","Indexable","","Men's Athletic Shoes - Road Runner Sports","41","377","","0","0","Shop the wide selection of men's athletic shoes today at Road Runner Sports. VIP members get a 90 day trial, exclusive savings & free shipping.","143","887","","0","0","","0","men's shoes (864 ITEMS)","23","","0","USA Sizes","9","EURO Sizes","10","index, follow","","","","https://www.roadrunnersports.com/category/mens/shoes","","https://www.roadrunnersports.com/category/mens/shoes&page=2","","","","","518757","62958","1163","331","3.514","100.000","Very Easy","1.885","0","2","","5","1","0","1.320","503","228","0","14","10","0","","","","","1e06f29a536cc2840c1f925b402456d1","3.090","","","","","1.1","https://www.roadrunnersports.com/category/mens/shoes","2024-11-30 15:01:16"
"https://eastlandshoe.com/pages/mens-shoes","https://eastlandshoe.com/pages/mens-shoes","text/html; charset=utf-8","200","OK","Indexable","","Men's Shoes
 – Eastland","23","212","","0","0","","0","0","","0","0","","0","Eastland","8","","0","Not a member?","13","Need Help?","10","","","","","https://eastlandshoe.com/pages/mens-shoes","","","","","","","1129918","108132","895","209","4.282","80.646","Easy","0.531","0","1","","15","1","0","1.320","71","37","0","4","4","0","","","","","60a8adc71f359e6bd74d0bea042cbb95","1.239","","","","","1.1","https://eastlandshoe.com/pages/mens-shoes","2024-11-30 15:01:36"
"https://www.kennethcole.com/collections/men-shoes","https://www.kennethcole.com/collections/men-shoes","text/html; charset=utf-8","200","OK","Indexable","","Men's Shoes | Kenneth Cole","26","246","","0","0","Browse men's shoes for this season's sneakers, oxfords, loafers, sandals, and boots. Shop online for effortless shopping, fast delivery, and easy returns.","154","940","","0","0","","0","Men Shoes - View All","20","","0","","0","","0","","","","","https://www.kennethcole.com/collections/men-shoes","","https://www.kennethcole.com/collections/men-shoes?page=2","","","","","2159266","170992","1297","801","1.619","97.305","Very Easy","0.829","0","1","","39","1","0","1.320","1170","183","0","8","6","0","","","","","9403734a4f293b1e67a6116a51a32633","1.016","","","","","1.1","https://www.kennethcole.com/collections/men-shoes","2024-11-30 15:01:30"
"https://us.dockers.com/collections/mens-shoes","https://us.dockers.com/collections/mens-shoes","text/html; charset=utf-8","200","OK","Indexable","","Men's Shoes: Boots, Slippers, & Sneakers | Dockers® US","54","494","","0","0","Between slippers, chelsea boots, oxfords, moccasins, and sandals, find a comfortable pair of men's shoes for any occasion at Dockers®.","134","844","","0","0","","0","Men's Casual Shoes, Dress Shoes & More","38","Men's Shoes","11","","0","","0","","","","","https://us.dockers.com/collections/mens-shoes","","https://us.dockers.com/collections/mens-shoes?page=2","","","","","556437","69980","1660","536","3.097","90.807","Very Easy","2.610","0","1","","3","1","0","1.320","330","133","0","19","12","0","","","","","b986d564e9d2c58cf06c773b6aebf213","0.345","","","","","1.1","https://us.dockers.com/collections/mens-shoes","2024-11-30 15:01:12"
"https://bananarepublic.gap.com/browse/men/shoes?cid=1032801","https://bananarepublic.gap.com/browse/men/shoes?cid=1032801","text/html; charset=utf-8","200","OK","Indexable","","Men's Shoes - Shop All | Banana Republic","40","363","","0","0","Exhibit urbane sophistication wearing sleek men's dress shoes, boots, & loafers from Banana Republic. Shop all shoe styles for men for every fit and occasion.","158","977","","0","0","","0","Shoes","5","","0","Related Items","13","","0","","","","","https://bananarepublic.gap.com/browse/men/shoes?cid=1032801","","","","","","","643168","104688","140","27","5.185","94.009","Very Easy","0.111","0","2","","8","1","0","1.320","33","26","0","2","2","0","","","","","5b3d8e8b5d596aa27a574ec3857d6f85","2.413","","","","","1.1","https://bananarepublic.gap.com/browse/men/shoes?cid=1032801","2024-11-30 15:01:33"
"https://www.dickssportinggoods.com/f/on-cloud-mens-shoes","https://www.dickssportinggoods.com/f/on-cloud-mens-shoes","text/html","418","I'm a teapot","Non-Indexable","Client Error","","0","0","","0","0","","0","0","","0","0","","0","","0","","0","","0","","0","","","","","","","","","","","","1337","1337","0","","","","","0.000","0","1","","0","0","0","0.000","0","0","0","0","0","0","","","","","","2.467","","","","","1.1","https://www.dickssportinggoods.com/f/on-cloud-mens-shoes","2024-11-30 15:01:14"
"https://www.footlocker.com/category/mens/shoes.html","https://www.footlocker.com/category/mens/shoes.html","text/html;charset=utf-8","403","Forbidden","Non-Indexable","Client Error","","0","0","","0","0","","0","0","","0","0","","0","","0","","0","","0","","0","","","","","","","","","","","","927","927","0","","","","","0.000","0","2","","0","0","0","0.000","0","0","0","0","0","0","","","","","","0.441","","","","","1.1","https://www.footlocker.com/category/mens/shoes.html","2024-11-30 15:01:15"
"https://www.nnormal.com/en_US/men/shoes","https://www.nnormal.com/en_US/men/shoes","text/html","403","Forbidden","Non-Indexable","Client Error","","0","0","","0","0","","0","0","","0","0","","0","","0","","0","","0","","0","","","","","","","","","","","","162","162","0","","","","","0.000","0","2","","0","0","0","0.000","0","0","0","0","0","0","","","","","","0.778","","","","","1.1","https://www.nnormal.com/en_US/men/shoes","2024-11-30 15:01:35"
"https://www.cabelas.com/b/mens-shoes-boots","https://www.cabelas.com/b/mens-shoes-boots","text/html;charset=UTF-8","403","Forbidden","Non-Indexable","Client Error","","0","0","","0","0","","0","0","","0","0","","0","","0","","0","","0","","0","","","","","","","","","","","","632","632","0","","","","","0.000","0","1","","0","0","0","0.000","0","0","0","0","0","0","","","","","","0.867","","","","","1.1","https://www.cabelas.com/b/mens-shoes-boots","2024-11-30 15:01:38"
"https://www.asos.com/us/men/shoes-boots-sneakers/cat/?cid=4209","https://www.asos.com/us/men/shoes-boots-sneakers/cat/?cid=4209","text/html; charset=utf-8","200","OK","Indexable","","Shop Men's Shoes & Footwear Online Here | ASOS","46","443","","0","0","Discover men's shoes online at ASOS. Our range of men's footwear includes trendy loafers, casual sneakers, designer picks & smart styles. Order today.","150","937","","0","0","","0","Men's Shoes & Footwear","22","","0","Browse by","9","Shop by price","13","","","","","https://www.asos.com/us/men/shoes-boots-sneakers/cat/?cid=4209","","https://www.asos.com/us/men/shoes-boots-sneakers/cat/?cid=4209&page=2","","","","","549351","71273","1315","418","3.146","100.000","Very Easy","3.276","0","4","","2","1","0","1.320","706","630","0","5","5","0","","","","","a2ae44335ea5dcd0be5a7068e5996030","2.257","","","","","1.1","https://www.asos.com/us/men/shoes-boots-sneakers/cat/?cid=4209","2024-11-30 15:01:36"
"https://www.giuseppezanotti.com/us/man/sneakers","https://www.giuseppezanotti.com/us/man/sneakers","text/html","403","Forbidden","Non-Indexable","Client Error","","0","0","","0","0","","0","0","","0","0","","0","","0","","0","","0","","0","","","","","","","","","","","","919","919","0","","","","","0.000","0","2","","0","0","0","0.000","0","0","0","0","0","0","","","","","","0.373","","","","","1.1","https://www.giuseppezanotti.com/us/man/sneakers","2024-11-30 15:01:39"
"https://www.dickssportinggoods.com/c/mens-footwear","https://www.dickssportinggoods.com/c/mens-footwear","text/html","418","I'm a teapot","Non-Indexable","Client Error","","0","0","","0","0","","0","0","","0","0","","0","","0","","0","","0","","0","","","","","","","","","","","","1337","1337","0","","","","","0.000","0","1","","0","0","0","0.000","0","0","0","0","0","0","","","","","","1.565","","","","","1.1","https://www.dickssportinggoods.com/c/mens-footwear","2024-11-30 15:01:39"
"https://www.moncler.com/en-us/men/shoes","https://www.moncler.com/en-us/men/shoes","text/html;charset=UTF-8","200","OK","Indexable","","Moncler Online Shop","19","185","","0","0","Moncler Online Store","20","129","","0","0","Moncler Online Store","20","","0","","0","Latest","6","Gifts","5","","","","","https://www.moncler.com/en-us/men/shoes","","","","","","","132588","19771","88","12","7.333","84.028","Easy","3.952","0","2","","20","1","0","1.320","260","165","0","0","0","0","","","","","b0a0f2f1ff1122b489f2204aedc68835","1.859","","","","","1.1","https://www.moncler.com/en-us/men/shoes","2024-11-30 15:01:17"
"https://www.bergdorfgoodman.com/c/men-shoes-cat501911","https://www.bergdorfgoodman.com/c/men-shoes-cat501911","text/html; charset=utf-8","200","OK","Indexable","","Designer Shoes for Men | Bergdorf Goodman","41","395","","0","0","Shop men’s shoes at Bergdorf Goodman. Step into something new with these glamorous sneakers, sandals, and boots.","112","738","Shop men&rsquo;s shoes at Bergdorf Goodman. Step into something new with these glamorous sneakers, sandals, and boots.","118","738","","0","Shoes","5","","0","Stuart Weitzman","15","Men's Adam Leather and Neoprene Combat Boots","44","max-image-preview:large","","","","https://www.bergdorfgoodman.com/c/men-shoes-cat501911","","https://www.bergdorfgoodman.com/c/men-shoes-cat501911?page=2","","","","","760747","93070","1690","547","3.090","77.400","Fairly Easy","2.057","0","1","","1","1","0","1.320","676","541","0","13","9","0","","","","","df4054e5b09af11ffca9a90e35e00683","2.951","","","","","1.1","https://www.bergdorfgoodman.com/c/men-shoes-cat501911","2024-11-30 15:01:31"
"https://www.shoecarnival.com/mens","https://www.shoecarnival.com/mens","text/html; charset=utf-8","200","OK","Indexable","","Men's Shoes | Shop Sneakers & Boots | Shoe Carnival","51","469","","0","0","Shop Shoe Carnival's expansive collection of men's shoes, boots, and footwear from your favorite brands. Browse our men's shoe selection today!","143","901","","0","0","","0","Men's Shoes & Boots","19","","0","Shop Men's Shoes & Boots","24","Best Types of Men’s Shoes","25","","","","","https://www.shoecarnival.com/mens","","","","","","","1022564","137324","959","331","2.897","96.887","Very Easy","0.641","0","0","","5","1","0","1.320","121","71","0","1","1","0","","","","","fb57c9f6fe8230a415724471d35403c8","3.260","","","","","1.1","https://www.shoecarnival.com/mens","2024-11-30 15:01:21"
"https://xeroshoes.com/shop/product-category/gender/mens/","https://xeroshoes.com/shop/product-category/gender/mens/","text/html; charset=UTF-8","200","OK","Indexable","","Barefoot Shoes for Men - Xero Shoes","35","326","","0","0","Shop men's barefoot shoes for casual and performance footwear. Embrace the joy of natural movement and all-day comfort with a 5,000-mile sole warranty.","151","963","","0","0","","0","Men's Shoes","11","","0","Take the Shoe Finder Quiz and find the Xero Shoes for you","57","Join the Xero Circle","20","index, follow, max-image-preview:large, max-snippet:-1, max-video-preview:-1","","","","https://xeroshoes.com/shop/product-category/gender/mens/","","https://xeroshoes.com/shop/product-category/gender/mens/page/2/","","","","","4985442","160473","2948","927","3.180","100.000","Very Easy","0.396","0","4","","23","1","0","1.320","199","99","0","15","9","0","","","","","de930cdc77cb0b52ffe770a6894c4f67","0.777","Wed, 27 Nov 2024 21:05:00 GMT","","","","1.1","https://xeroshoes.com/shop/product-category/gender/mens/","2024-11-30 15:01:43"
"https://www.on.com/en-us/shop/classics/mens/shoes","https://www.on.com/en-us/shop/classics/mens/shoes","text/html;charset=utf-8","200","OK","Indexable","","","0","0","","0","0","","0","0","","0","0","","0","","0","","0","","0","","0","","","","","","","","","","","","96904","17588","0","","","","","0.000","0","4","","0","0","0","0.000","0","0","0","0","0","0","","","","","2687e68ee9ccebddde725ae67ad782f5","0.705","","","","","1.1","https://www.on.com/en-us/shop/classics/mens/shoes","2024-11-30 15:01:41"
"https://sebago-usa.com/collections/all-mens-shoes","https://sebago-usa.com/collections/all-mens-shoes","text/html; charset=utf-8","200","OK","Indexable","","All Men's Shoes
– Sebago-USA","28","273","","0","0","Tradition matters in Maine. Our passion for tradition and quality is in everything we do and runs to the core of the Sebago story—it’s why Sebago’s style is timeless. For over 75 years Sebago has been outfitting men in quality footwear and apparel to ensure they’re ready for anything—dockside, campside, cityside, or an","320","1959","","0","0","","0","All Men's Shoes","15","","0","All Men's Shoes","15","Currency","8","","","","","https://sebago-usa.com/collections/all-mens-shoes","","https://sebago-usa.com/collections/all-mens-shoes?page=2","","","","","962835","111574","1417","833","1.701","100.000","Very Easy","0.972","0","1","","13","1","0","1.320","362","297","0","7","4","0","","","","","2f5c01311277a51de08eb12ce7d79c2c","0.699","","","","","1.1","https://sebago-usa.com/collections/all-mens-shoes","2024-11-30 15:01:37"
"https://www.colehaan.com/mens-shoes","https://www.colehaan.com/mens-shoes","text/html;charset=UTF-8","200","OK","Indexable","","Men’s  Shoes, Boots, Sneakers & More: Free Shipping!","52","469","","0","0","Shop comfortable  shoes for men including comfortable oxfords, boots, sandals, loafers, sneakers, golf, dress shoes & more! Free Shipping & Returns!","148","920","","0","0","men’s shoes,sneakers,dress shoes,oxfords, shoes for men","55","Shoes For Men","13","","0","Category","8","Size","4","index,follow","","","","https://www.colehaan.com/mens-shoes","","","","","","","1190040","106269","788","249","3.165","100.000","Very Easy","1.141","0","0","","72","1","0","1.320","930","297","0","2","2","0","","","","","19f5c8bdfe269bdec6596ebc0b6b6c90","1.551","","","","","1.1","https://www.colehaan.com/mens-shoes","2024-11-30 15:01:40"
"https://bananarepublicfactory.gapfactory.com/browse/men/shoes?cid=1118436","https://bananarepublicfactory.gapfactory.com/browse/men/shoes?cid=1118436","text/html; charset=utf-8","200","OK","Indexable","","Men's Shoes | Banana Republic Factory","37","347","","0","0","Exhibit urbane sophistication wearing sleek men's dress shoes from Banana Republic Factory. Shop great deals in shoe styles for men for every fit and occasion.","159","994","","0","0","","0","Shoes","5","","0","Related Items","13","","0","","","","","https://bananarepublicfactory.gapfactory.com/browse/men/shoes?cid=1118436","","","","","","","583092","583092","118","24","4.917","88.567","Easy","0.105","0","2","","11","1","0","1.320","26","16","0","0","0","0","","","","","6018ae56ff9f22bbc90894b0eedd4a58","3.325","","","","","1.1","https://bananarepublicfactory.gapfactory.com/browse/men/shoes?cid=1118436","2024-11-30 15:01:26"
"https://us.lanvin.com/collections/men-shoes","https://us.lanvin.com/collections/men-shoes","text/html; charset=utf-8","200","OK","Indexable","","Men's designer and luxury shoes
– LANVIN","40","381","","0","0","Order your men&#39;s designer and luxury shoes on the official Lanvin website. An expertise since 1889 ✓ Secure payments ✓ Fast shipping ✓ Free return and exchange","163","1000","","0","0","","0","Shoes","5","","0","","0","","0","","","","","https://us.lanvin.com/collections/men-shoes","","https://us.lanvin.com/collections/men-shoes?page=2","","","","","731333","70329","864","329","2.626","100.000","Very Easy","0.874","0","1","","21","1","0","1.320","305","132","0","6","4","0","","","","","c165f7026165945868139faa25c10785","0.588","","","","","1.1","https://us.lanvin.com/collections/men-shoes","2024-11-30 15:01:17"
"https://www.hoka.com/en/us/men/","https://www.hoka.com/en/us/men/","","406","Not Acceptable","Non-Indexable","Client Error","","0","0","","0","0","","0","0","","0","0","","0","","0","","0","","0","","0","","","","","","","","","","","","0","0","0","","","","","0.000","0","3","","0","0","0","0.000","0","0","0","0","0","0","","","","","","1.071","","","","","1.1","https://www.hoka.com/en/us/men/","2024-11-30 15:01:42"
"https://www.ferragamo.com/shop/us/en/men/shoes-1","https://www.ferragamo.com/shop/us/en/men/shoes-1","text/html;charset=UTF-8","200","OK","Indexable","","Men's Shoes | Ferragamo US","26","253","","0","0","Shop Men's Shoes at the official Ferragamo online store. Enjoy free Shipping and Returns.","89","555","","0","0","","0","","0","","0","Navigation menu","15","MAY WE HELP?","12","","","","","https://www.ferragamo.com/shop/us/en/men/shoes-1","","","","","","","564237","153930","217","78","2.782","91.731","Very Easy","1.451","0","4","","5","1","0","1.320","217","143","0","10","5","0","","","","","7e511e2850f0cd51b47aa0e8054f9ba6","1.547","","","","","1.1","https://www.ferragamo.com/shop/us/en/men/shoes-1","2024-11-30 15:01:34"
"https://www.tallmenshoes.com/","https://www.tallmenshoes.com/","text/html; charset=utf-8","200","OK","Indexable","","Elevator Shoes - Height-Increasing Styles - TallMenShoes.com – Tallmenshoes.com","79","739","","0","0","Elevator shoes for men offer up to five inches in added height and extra confidence with discreet construction and head-turning style, from sneakers to Oxfords.","160","989","","0","0","","0","BLACK FRIDAY","12","BLACK FRIDAY","12","Get 2 to 5 inches taller","24","Effortless Height, Uncompromised Comfort","40","","","","","https://www.tallmenshoes.com/","","","","","","","875452","114917","1577","467","3.377","100.000","Very Easy","1.169","0","0","","8","1","0","1.320","266","132","0","7","7","0","","","","","806a6f3ecaed27f7ff8bac08f00b6a53","0.679","","","","","1.1","https://www.tallmenshoes.com/","2024-11-30 15:01:48"
"https://www.koolaburra.com/men/","https://www.koolaburra.com/men/","text/html;charset=utf-8","403","Forbidden","Non-Indexable","Client Error","","0","0","","0","0","","0","0","","0","0","","0","","0","","0","","0","","0","","","","","","","","","","","","0","0","0","","","","","0.000","0","1","","0","0","0","0.000","0","0","0","0","0","0","","","","","","1.300","","","","","1.1","https://www.koolaburra.com/men/","2024-11-30 15:01:38"
"https://ahinsashoes.com/collections/men","https://ahinsashoes.com/collections/men","text/html; charset=utf-8","200","OK","Indexable","","Truly comfortable and healthy men's shoes | Ahinsa shoes 👣 | Ahinsa shoes 👣","77","673","","0","0","At a meeting, in the city, or in the forest. No matter where you go, wear healthy and comfortable shoes. Walk millions of steps in Ahinsa shoes without any blisters or pinched toes.","181","1105","","0","0","","0","Comfortable and healthy men’s shoes","35","","0","BAREFOOT SHOES","14","COMFORT SHOES","13","index, follow","","","","https://ahinsashoes.com/collections/men","","https://ahinsashoes.com/collections/men?page=2","","","","","394538","56554","1194","427","2.796","92.756","Very Easy","2.099","0","1","","31","1","0","1.320","199","96","0","9","5","0","","","","","cc02b7ec90d688f5be30180c4093afb8","1.088","","","","","1.1","https://ahinsashoes.com/collections/men","2024-11-30 15:01:28"
"https://www.danner.com/men/all-footwear","https://www.danner.com/men/all-footwear","text/html","302","Found","Non-Indexable","Redirected","","0","0","","0","0","","0","0","","0","0","","0","","0","","0","","0","","0","","","","","","","","","","","","0","0","0","","","","","0.000","0","1","","0","0","0","0.000","0","0","0","0","0","0","","","","","","1.355","","https://global.danner.com/men/all-footwear","HTTP Redirect","","1.1","https://www.danner.com/men/all-footwear","2024-11-30 15:01:35"
"https://www.zappos.com/mens-shoes","https://www.zappos.com/mens-shoes","text/html; charset=utf-8","200","OK","Indexable","","Mens shoes + FREE SHIPPING | Zappos.com","39","393","","0","0","Free shipping BOTH ways on mens shoes from our vast selection of styles. Fast delivery, and 24/7/365 real-person service with a smile. Click or call 800-927-7671.","162","1011","","0","0","","0","mens shoes","10","","0","Search Results","14","Join Our List, Get 10% Off","26","noarchive","","noarchive","","https://www.zappos.com/mens-shoes","","https://www.zappos.com/mens-shoes/.zso?t=mens%20shoes&p=1","","","","","1857770","228423","7217","3117","2.315","100.000","Very Easy","2.058","0","0","","4","1","0","1.320","357","154","0","3","3","0","","","","","5bd842644338391318e5e2bd265f414d","1.484","","","","","1.1","https://www.zappos.com/mens-shoes","2024-11-30 15:01:31"
"https://www.fitflop.com/us/en/shop/mens-view-all-us","https://www.fitflop.com/us/en/shop/mens-view-all-us","text/html;charset=UTF-8","200","OK","Indexable","","Men's Shoes | Discover Comfortable Footwear | FitFlop US","56","513","","0","0","We think we’ve got some of the best men’s shoes out there, all biomechanically engineered for supreme, all-day comfort. Discover the range at FitFlop.","150","929","","0","0","","0","Men's Footwear","14","","0","","0","Perfection","10","","","","","https://www.fitflop.com/us/en/shop/mens-view-all-us","","","","","","","234354","43178","94","24","3.917","84.060","Easy","1.349","0","3","","17","1","0","1.320","142","91","0","6","5","0","","","","","cc817376480e9976e13b682d31eb57aa","3.509","","","","","1.1","https://www.fitflop.com/us/en/shop/mens-view-all-us","2024-11-30 15:01:31"
"https://www.shoeshowmega.com/shoe-show-mega/mens/shop-all-mens","https://www.shoeshowmega.com/shoe-show-mega/mens/shop-all-mens","text/html;charset=UTF-8","200","OK","Non-Indexable","Canonicalised","Men's Shoes | Shop Now at SHOE SHOW MEGA","40","419","","0","0","Shop our selection of men's dress shoes, casual shoes, athletic shoes, sandals and boots. Shop now and receive free ground shipping on orders of $49.95 or more pretax (exclusions apply).","186","1169","","0","0","","0","Shop All Men's","14","","0","Category Name Updating...","25","Category","8","","","","","https://www.shoeshowmega.com/shoe-show-mega/mens","","","","","","","491609","45364","5306","1113","4.767","80.852","Easy","7.118","0","2","","13","1","0","1.320","489","349","0","7","7","0","","","","","aa3eeda9ddff31ef0de893a2081cb02d","1.277","","","","","1.1","https://www.shoeshowmega.com/shoe-show-mega/mens/shop-all-mens","2024-11-30 15:01:14"
"https://www.jcpenney.com/g/shoes/mens-shoes?id=cat100300057","https://www.jcpenney.com/g/shoes/mens-shoes?id=cat100300057","text/html","403","Forbidden","Non-Indexable","Client Error","","0","0","","0","0","","0","0","","0","0","","0","","0","","0","","0","","0","","","","","","","","","","","","405","405","0","","","","","0.000","0","2","","0","0","0","0.000","0","0","0","0","0","0","","","","","","0.835","","","","","1.1","https://www.jcpenney.com/g/shoes/mens-shoes?id=cat100300057","2024-11-30 15:01:18"
"https://kswiss.com/collections/mens","https://kswiss.com/collections/mens","text/html; charset=utf-8","200","OK","Indexable","","Men's Shoes & Apparel | K-Swiss
 – K-Swiss US","45","409","","0","0","Shop the latest collection of men's footwear and apparel at K-Swiss. Casual shoes, performance tennis shoes, and pickleball shoes. Find your perfect fit and style.","163","1001","","0","0","","0","","0","","0","Save your list","14","MEN","3","","","","","https://kswiss.com/collections/mens","","","","","","","723462","123669","645","224","2.879","100.000","Very Easy","0.718","0","1","","4","1","0","1.320","162","119","0","6","6","0","","","","","d00f76a80c39c67992c02029f7d4d025","0.889","","","","","1.1","https://kswiss.com/collections/mens","2024-11-30 15:01:34"
"https://www.famousfootwear.com/browse/shoes/mens","https://www.famousfootwear.com/browse/shoes/mens","text/html; charset=utf-8","200","OK","Indexable","","Men's Shoes with Free Shipping*","31","291","","0","0","Shop Men's Shoes at Famous Footwear. Explore shoes for men from top brands like Nike, adidas, Converse & Vans! Buy Online & Pick Up. Sign in for Free Shipping","158","1004","","0","0","","0","Men's Shoes","11","","0","Shop Shoes for Men","18","","0","index","","","","https://www.famousfootwear.com/browse/shoes/mens","","","","","","","329581","70068","1157","148","7.818","76.570","Fairly Easy","2.300","0","2","","9","1","0","1.320","99","75","0","10","10","0","","","","","ba0315f30d0961876ac5ef0c9658a82e","2.182","","","","","1.1","https://www.famousfootwear.com/browse/shoes/mens","2024-11-30 15:01:19"
"https://www.stio.com/collections/mens-shoes-boots","https://www.stio.com/collections/mens-shoes-boots","text/html; charset=utf-8","200","OK","Indexable","","Men's Shoes & Boots","19","187","","0","0","","0","0","","0","0","","0","","0","","0","","0","","0","index","follow","","","https://www.stio.com/collections/mens-shoes-boots","","","","","","","817723","157455","492","139","3.540","75.139","Fairly Easy","0.849","0","1","","2","1","0","1.320","320","123","0","7","7","0","","","","","d5fd944881c3b00278a5b7bd45ff6305","0.875","","","","","1.1","https://www.stio.com/collections/mens-shoes-boots","2024-11-30 15:01:15"
"https://aurelien-online.com/collections/footwear-men","https://aurelien-online.com/collections/footwear-men","text/html; charset=utf-8","200","OK","Indexable","","Men's Shoes | Aurélien","22","200","Men's Shoes | Aurélien","22","200","The men’s shoes from Aurélien are synonymous with pure luxury and comfort. Did you know that Aurélien specializes in handmade Italian shoes?","140","900","The men’s shoes from Aurélien are synonymous with pure luxury and comfort. Did you know that Aurélien specializes in handmade Italian shoes?","140","900","","0","Men's Shoes","11","","0","Driving Shoes and Moccasins for Men","35","Sneakers for Men","16","index","follow","","","https://aurelien-online.com/collections/footwear-men","","https://aurelien-online.com/collections/footwear-men?page=2","","","","","1661240","146572","2288","677","3.380","100.000","Very Easy","1.530","0","1","","5","1","0","1.320","301","131","0","4","4","0","","","","","50928e632cc456253050c2ee122bbd6d","0.437","","","","","1.1","https://aurelien-online.com/collections/footwear-men","2024-11-30 15:01:18"
"https://www.stevemadden.com/collections/mens-all-products","https://www.stevemadden.com/collections/mens-all-products","text/html; charset=utf-8","200","OK","Indexable","","All Men's Shoes | Men's Sneakers, Dress Shoes, Boots, Loafers & More
      
 – Steve Madden","91","767","","0","0","Break out the latest fashion shoes for men to stay trendy all season long. Find your favorite Steve Madden styles, patterns and designs online now.","147","907","","0","0","","0","WOMEN | MEN","11","","0","Your cart is empty","18","Your cart","9","","","","","https://www.stevemadden.com/collections/mens-all-products","","","","","","","1206061","173653","466","73","6.384","85.075","Easy","0.786","0","1","","44","1","0","1.320","387","154","0","9","9","0","","","","","8cd68c5b6494b57a4d8b2adf70d11cc1","0.457","","","","","1.1","https://www.stevemadden.com/collections/mens-all-products","2024-11-30 15:01:37"
"https://www.berluti.com/en-us/shoes/","https://www.berluti.com/en-us/shoes/","text/html;charset=UTF-8","200","OK","Indexable","","Shoes for Men | Berluti US","26","229","","0","0","Explore Berluti Shoes collection. Creations that combine elegance and creativity, the bootmakers timeless craftsmanship and leather expertise","141","879","","0","0","Berluti","7","Shoes","5","Need help?","10","Colors","6","Size","4","index, follow","","","","https://www.berluti.com/en-us/shoes/","","https://www.berluti.com/en-us/shoes/?page=1","","","","","356375","56216","1085","328","3.308","71.626","Fairly Easy","4.929","0","2","","9","1","0","1.320","253","203","0","7","4","0","","","","","cfd943c07d33d354f08305c874b8bef2","1.445","","","","","1.1","https://www.berluti.com/en-us/shoes/","2024-11-30 15:01:41"
"https://www.merrell.com/US/en/mens-shoes/","https://www.merrell.com/US/en/mens-shoes/","text/html;charset=UTF-8","200","OK","Indexable","","Men's Shoes: Outdoor & Casual Shoes for Men | Merrell","53","486","","0","0","Official Merrell Site - Free Shipping & Easy Returns! Find mens shoes at Merrell .Shop our mens shoes online.","109","671","","0","0","mens shoes, mens casual shoes, mens outdoor shoes, mens footwear","64","Men's Shoes","11","Men's Shoes","11","Final Sale","10","black friday","12","index, follow","","","","https://www.merrell.com/US/en/mens-shoes/","","https://www.merrell.com/US/en/mens-shoes/?start=48&sz=48","","","","","1184884","111020","3677","1068","3.443","92.511","Very Easy","2.423","0","3","","59","1","0","1.320","1214","520","0","56","24","0","","","","","cb7d8e1338dafc6fa336463cc4c532f3","1.209","","","","","1.1","https://www.merrell.com/US/en/mens-shoes/","2024-11-30 15:01:30"
"https://www.beckettsimonon.com/","https://www.beckettsimonon.com/","text/html; charset=utf-8","200","OK","Indexable","","Welcome to the World of Beckett Simonon","39","375","Welcome to the World of Beckett Simonon","39","375","Handcrafted leather shoes that won’t break the bank.","52","329","Handcrafted leather shoes that won’t break the bank.","52","329","","0","Get 2 pairs of shoes for $299","29","","0","Shoes","5","Boots","5","","","","","https://www.beckettsimonon.com/","","","","","","","674799","87869","638","208","3.067","98.171","Very Easy","0.701","0","0","","2","1","0","1.320","152","82","0","4","4","0","","","","","ce4681ee269cc742e12f2df45e61049a","1.343","","","","","1.1","https://www.beckettsimonon.com/","2024-11-30 15:01:15"
"https://www.veja-store.com/en_us/men","https://www.veja-store.com/en_us/men","text/html","403","Forbidden","Non-Indexable","Client Error","","0","0","","0","0","","0","0","","0","0","","0","","0","","0","","0","","0","","","","","","","","","","","","0","0","0","","","","","0.000","0","1","","0","0","0","0.000","0","0","0","0","0","0","","","","","","0.957","","","","","1.1","https://www.veja-store.com/en_us/men","2024-11-30 15:01:47"
"https://www.nordstrom.com/browse/men/shoes","https://www.nordstrom.com/browse/men/shoes","text/html; charset=UTF-8","200","OK","Indexable","","","0","0","","0","0","","0","0","","0","0","","0","","0","","0","","0","","0","","","","","","","","","","","","207742","109901","0","","","","","0.000","0","2","","0","0","0","0.000","0","0","0","0","0","0","","","","","1724810e7a2641456fe94b38d7b77b6c","0.591","","","","","1.1","https://www.nordstrom.com/browse/men/shoes","2024-11-30 15:01:19"
"https://www.amazon.com/Mens-Shoes/b?ie=UTF8&node=679255011","https://www.amazon.com/Mens-Shoes/b?ie=UTF8&node=679255011","text/html;charset=UTF-8","200","OK","Indexable","","Amazon.com: Shoes - Men: Clothing, Shoes & Jewelry: Fashion Sneakers, Athletic, Sandals, Boots, Footwear & More","111","1021","","0","0","The best brands in men's dress and casual shoes, sandals, sneakers and boots at Amazon.com. Eligible for free shipping and returns.","131","827","","0","0","Shoes - Men, Fashion Sneakers, Athletic, Sandals, Boots, Footwear, Clothing, Shoes & Jewelry, Amazon.com","104","MEN'S SHOES","11","Department","10","Men's Shoes","11","","0","","","","","https://www.amazon.com/Mens-Shoes/b?ie=UTF8&node=679255011","","","","","","","1027409","151987","2106","739","2.850","100.000","Very Easy","1.126","0","1","","1","1","0","1.320","275","229","0","22","22","0","","","","","b4e3d5b3c3e646f77a3adf53efacd8bc","1.295","","","","","1.1","https://www.amazon.com/Mens-Shoes/b?ie=UTF8&node=679255011","2024-11-30 15:01:12"
"https://www.underarmour.com/en-us/c/mens/shoes/","https://www.underarmour.com/en-us/c/mens/shoes/","text/html; charset=utf-8","200","OK","Indexable","","Under Armour  Men's Shoes, Boots & Cleats","41","380","","0","0","Shop Men's Shoes, Boots & Cleats on the Under Armour official website. Find men's athletic and casual shoes built to make you better — FREE shipping available in the USA.","170","1066","","0","0","","0","Athletic Shoes For Men","22","","0","Shop by Category","16","Filter","6","","","","","https://www.underarmour.com/en-us/c/mens/shoes/","","","","","","","761669","68271","1135","308","3.685","90.394","Very Easy","2.325","0","4","","5","1","0","1.320","736","571","0","10","5","0","","","","","9666e56dd97f7930579f9591aa93c653","0.705","","","","","1.1","https://www.underarmour.com/en-us/c/mens/shoes/","2024-11-30 15:01:16"
"https://www.timberland.com/en-us/c/men/footwear-10039","https://www.timberland.com/en-us/c/men/footwear-10039","text/html","403","Forbidden","Non-Indexable","Client Error","","0","0","","0","0","","0","0","","0","0","","0","","0","","0","","0","","0","","","","","","","","","","","","416","416","0","","","","","0.000","0","3","","0","0","0","0.000","0","0","0","0","0","0","","","","","","1.767","","","","","1.1","https://www.timberland.com/en-us/c/men/footwear-10039","2024-11-30 15:01:26"
"https://www.scheels.com/c/shoes/men/","https://www.scheels.com/c/shoes/men/","text/html; charset=utf-8","200","OK","Non-Indexable","Canonicalised","Shoes","5","55","","0","0","Shop our extensive selection of shoes for men, women, and kids for the best brands like Nike, On, Crocs, and more!","114","709","","0","0","","0","","0","","0","","0","","0","","","","","https://www.scheels.com/c/shoes/","","","","","","","564875","99113","0","","","","","0.000","0","3","","0","0","0","0.000","0","0","0","0","0","0","","","","","d5c192fc662af4dc6315610cc5792ba9","1.294","","","","","1.1","https://www.scheels.com/c/shoes/men/","2024-11-30 15:01:20"
"https://www.target.com/c/men-s-shoes/-/N-5xu1w","https://www.target.com/c/men-s-shoes/-/N-5xu1w","text/html; charset=utf-8","200","OK","Indexable","","Men’s Shoes","11","113","","0","0","Shop Target for Men’s Shoes you will love at great low prices. Choose from Same Day Delivery, Drive Up or Order Pickup. Free standard shipping with $35 orders. Expect More. Pay Less.","182","1140","","0","0","Men’s Shoes, Shoes, Clothing, Shoes & Accessories","49","Men’s Shoes","11","","0","2,882 results","13","Related categories","18","index, follow","","","","https://www.target.com/c/men-s-shoes/-/N-5xu1w","","","","","","","732153","63054","3468","704","4.926","88.645","Easy","4.048","0","3","","4","1","0","1.320","981","880","0","8","8","0","","","","","86d164d3359d1cc18d456859832dd8eb","2.309","","","","","1.1","https://www.target.com/c/men-s-shoes/-/N-5xu1w","2024-11-30 15:01:23"
"https://www.tillys.com/men/shoes/","https://www.tillys.com/men/shoes/","text/html; charset=UTF-8","403","Forbidden","Non-Indexable","Client Error","","0","0","","0","0","","0","0","","0","0","","0","","0","","0","","0","","0","","","","","","","","","","","","0","0","0","","","","","0.000","0","2","","0","0","0","0.000","0","0","0","0","0","0","","","","","","0.675","","","","","1.1","https://www.tillys.com/men/shoes/","2024-11-30 15:01:46"
"https://rieker.us/collections/mens","https://rieker.us/collections/mens","text/html; charset=utf-8","200","OK","Indexable","","Men's – Rieker Shoe Corporation USA","35","333","","0","0","Rieker's Men's collection offers a wide range of stylish and comfortable footwear options, catering to various preferences and occasions. The collection includes boots, sandals, shoes, and sneakers, each designed with the unique combination of fashion and comfort that Rieker is known for. Ideal for the modern man, thes","320","1991","","0","0","","0","Men's","5","","0","Shopping Cart","13","","0","","","","","https://rieker.us/collections/mens","","https://rieker.us/collections/mens?page=2","","","","","257210","49087","98","18","5.444","64.050","Normal","0.562","0","1","","9","1","0","1.320","44","21","0","11","7","0","","","","","e4f84a6d856135a90c33e5ebf3b30956","0.735","","","","","1.1","https://rieker.us/collections/mens","2024-11-30 15:01:15"
"https://www.dcshoes.com/collections/mens-shoes","https://www.dcshoes.com/collections/mens-shoes","text/html; charset=utf-8","200","OK","Indexable","","Mens' Footwear- Shop Online
– DC Shoes","38","368","","0","0","Discover our Men's Shoes Collection. Shop Online at DC Official Store. Explore high-quality, durable men's shoes.","113","697","","0","0","","0","Men's Shoes","11","","0","BLACK FRIDAY","12","GIFT CARDS","10","","","","","https://www.dcshoes.com/collections/mens-shoes","","","","","","","632433","110170","1054","134","7.866","84.071","Easy","1.965","0","1","","28","1","0","1.320","302","83","0","5","5","0","","","","","ef1c6a1d93b48b09f5aaaef36afa350c","0.506","","","","","1.1","https://www.dcshoes.com/collections/mens-shoes","2024-11-30 15:01:37"
"https://www.golausa.com/mens-gola-classics-c16","https://www.golausa.com/mens-gola-classics-c16","text/html; charset=UTF-8","200","OK","Indexable","","Mens Gola Classics | Vintage Design | Effortles Style | Gola US","63","541","","0","0","Shop from our range of Gola Classics Men's Sneakers at the official Gola US website. Vintage Designs and Effortless Style. Amex accepted","136","855","","0","0","","0","Men's Gola Classics","19","","0","Classic Gola Men's Shoes","24","","0","","","","","https://www.golausa.com/mens-gola-classics-c16","","https://www.golausa.com/mens-gola-classics-c16?page=2","","","","","856380","106052","1570","507","3.097","100.000","Very Easy","1.176","0","0","","26","1","0","1.320","410","192","0","7","7","0","","","","","eafbfa7714ad231a24570846e1f35819","1.348","","","","","1.1","https://www.golausa.com/mens-gola-classics-c16","2024-11-30 15:01:45"
"https://www.hugoboss.com/us/sale-men-shoes/","https://www.hugoboss.com/us/sale-men-shoes/","text/html;charset=UTF-8","200","OK","Indexable","","HUGO BOSS | Sale Men Shoes","26","265","","0","0","Discover the Shoes by HUGO BOSS on sale now. Choose from elaborate designs and ingenious cuts. Shop now in the official HUGO BOSS online shop!","142","929","","0","0","","0","Sale: Men's Shoes","17","","0","Select filter","13","","0","index, follow","","","","https://www.hugoboss.com/us/sale-men-shoes/","","https://www.hugoboss.com/us/sale-men-shoes/?prefn1=onlineFlag&prefv1=Sale&srule=sort_by_discount&start=30&sz=30","","","","","430502","53010","511","188","2.718","100.000","Very Easy","1.131","0","2","","27","1","0","1.320","172","103","0","3","3","0","","","","","638f7296d6c2c95fb2f337d758d9d18a","1.914","","","","","1.1","https://www.hugoboss.com/us/sale-men-shoes/","2024-11-30 15:01:25"
"https://us.ecco.com/men/shoes/dress-shoes","https://us.ecco.com/men/shoes/dress-shoes","text/html; charset=utf-8","200","OK","Indexable","","ECCO® Men's Dress Shoes - Shop Online Now","41","408","","0","0","Suit up with dress shoes for men by ECCO®. We offer popular classics as well as new and trendy styles made of premium leather materials.","136","863","","0","0","","0","Men's Dress Shoes","17","","0","ECCO metropole oslo Men's Leather Chelsea Boot","46","ECCO st.1 hybridMen's Leather Wingtip Derby Shoe","48","index,follow","","","","https://us.ecco.com/men/shoes/dress-shoes","","","","","","","1479655","239566","729","253","2.881","92.851","Very Easy","0.570","0","2","","4","1","0","1.320","280","244","0","5","5","0","","","","","eb0daa891a4bfb0f5865af52fcfb04d7","0.828","","","","","1.1","https://us.ecco.com/men/shoes/dress-shoes","2024-11-30 15:01:29"
"https://www.jdsports.com/store/sale-mens-shoes","https://www.jdsports.com/store/sale-mens-shoes","text/html; charset=UTF-8","200","OK","Indexable","","Holiday Sale on Men's Shoes & Sneakers | JD Sports","50","459","","0","0","Shop online at JD for holiday sales on men's shoes and sneakers to elevate your look. Find the freshest discounted men's styles from your favorite brands.","154","957","","0","0","","0","","0","","0","RECENTLY VIEWED","15","","0","index, follow","","","","","","","","","","","163450","31015","98","37","2.649","100.000","Very Easy","4.088","0","1","","15","1","0","1.320","389","363","0","10","8","0","","","","","9e8e81a653bb9c2f4189ce0c9c5bf13","2.227","","","","","1.1","https://www.jdsports.com/store/sale-mens-shoes","2024-11-30 15:01:44"
"https://www.converse.com/shop/mens-shoes","https://www.converse.com/shop/mens-shoes","text/html;charset=UTF-8","200","OK","Indexable","","Men's Shoes - Low, High Top & Boot Styles. Converse.com","55","515","","0","0","Add classic styles to your sneaker rotation with a pair of men's Converse shoes. Choose from classic Converse silhouettes like the Chuck Taylor and the Chuck 70 in a variety of low, mid and high-top styles. Enjoy free shipping on your order.","241","1484","","0","0","","0","Men's Shoes","11","Filters","7","Sign in to access your Converse member perks.","45","Sign Up","7","","","","","https://www.converse.com/shop/mens-shoes","","","","","","","3105415","218378","1486","426","3.488","100.000","Very Easy","0.629","0","1","","13","1","0","1.320","1202","529","0","30","14","0","","","","","597d278ddc7a09b1f8c02b1945923f12","1.390","","","","","1.1","https://www.converse.com/shop/mens-shoes","2024-11-30 15:01:26"
"https://www.rag-bone.com/mens/shoes/","https://www.rag-bone.com/mens/shoes/","text/html;charset=UTF-8","302","","Non-Indexable","Redirected","","0","0","","0","0","","0","0","","0","0","","0","","0","","0","","0","","0","","","","","","","","","","","","0","0","0","","","","","0.000","0","2","","0","0","0","0.000","0","0","0","0","0","0","","","","","","0.926","","https://www.rag-bone.com/on/demandware.store/Sites-ragandbone-Site/en_US/Search-Show?cgid=mens-footwear&gc=PK","HTTP Redirect","","1.1","https://www.rag-bone.com/mens/shoes/","2024-11-30 15:01:29"
"https://www.sorel.com/mens/","https://www.sorel.com/mens/","text/html;charset=UTF-8","200","OK","Indexable","","Men's Footwear - Men's Shoes & Boots| SOREL","43","412","","0","0","Our men's line includes bold and stylish outdoor boots, indoor slippers, replacement liners. Stylish and comfortable boots and shoes you’ll love.","145","886","","0","0","","0","","0","","0","","0","","0","","","","","https://www.sorel.com/mens/","","","","","","","398123","69630","461","93","4.957","77.932","Fairly Easy","1.936","0","1","","6","1","0","1.320","159","129","0","4","4","0","","","","","a4ef0122598497b44ceacbb9a536bd35","1.040","","","","","1.1","https://www.sorel.com/mens/","2024-11-30 15:01:12"
"https://www.adidas.com/us/men-shoes","https://www.adidas.com/us/men-shoes","text/html; charset=utf-8","200","OK","Indexable","","Men's Shoes | adidas US","23","215","","0","0","Treat your feet with men's shoes at adidas. Sneakers, slides, flip-flops, cleats, boots and more for every sport, day and setting.","130","776","","0","0","","0","Men's Shoes","11","","0","BLACK FRIDAY SALE UP TO 70%","27","Our clothing and shoe categories","32","index,follow","","","","https://www.adidas.com/us/men-shoes","","","","","","","667856","88110","778","128","6.078","87.793","Easy","2.049","0","1","","2","1","0","1.320","426","331","0","12","12","0","","","","","bf72777648595f943ab8734b63e7dca3","2.111","","","","","1.1","https://www.adidas.com/us/men-shoes","2024-11-30 15:01:48"
"https://www.menswearhouse.com/c/mens-clothing-sale/clearance-shoe","https://www.menswearhouse.com/c/mens-clothing-sale/clearance-shoe","text/html; charset=utf-8","200","OK","Indexable","","Clearance Men's Shoes  | Men's Wearhouse","40","379","","0","0","Shop our men's collection of Clearance Men's Shoes  online at Men's Wearhouse for the latest Clearance Shoes styles & selections in Sale. FREE Shipping on orders $99+.","167","1049","","0","0","","0","Clearance Men's Shoes","21","","0","Filter by","9","","0","","","","","https://www.menswearhouse.com/c/mens-clothing-sale/clearance-shoe","","","","","","","1791832","139636","1690","525","3.219","100.000","Very Easy","0.543","0","2","","2","1","0","1.320","383","274","0","11","11","0","","","","","23e1560881b02ca13458f638b08ba5fc","3.086","","","","","1.1","https://www.menswearhouse.com/c/mens-clothing-sale/clearance-shoe","2024-11-30 15:01:38"
"https://shop.brunellocucinelli.com/en-bg/men/shoes/","https://shop.brunellocucinelli.com/en-bg/men/shoes/","text/html;charset=UTF-8","200","OK","Indexable","","Men's shoes - Designer footwear collection | Brunello Cucinelli","63","547","","0","0","Explore our section of men's footwear: casual sneakers, refined lace-ups and other designer shoes for your outfits. Shop them on Brunello Cucinelli online boutique.","164","1013","","0","0","Brunello Cucinelli - official boutique","38","Shoes","5","","0","IDEAS","5","IDEAS","5","","","","","","","","","","","","2043813","184282","4599","1652","2.784","100.000","Very Easy","1.410","0","3","","11","1","0","1.320","341","173","0","7","7","0","","","","","407195765b6f4cb776a5ab278070b777","4.145","","","","","1.1","https://shop.brunellocucinelli.com/en-bg/men/shoes/","2024-11-30 15:01:42"
"https://www.stacyadams.com/shop/styles/mensShoes/viewAll/page0.html","https://www.stacyadams.com/shop/styles/mensShoes/viewAll/page0.html","text/html;charset=UTF-8","200","OK","Indexable","","Men’s Dress Shoes & Men’s Casual Shoes | Stacy Adams","52","500","","0","0","Stacy Adams shoes for men offer the latest dress men’s shoes and casual men’s shoes that are guaranteed to turn heads and get you noticed. Shop now.","148","951","","0","0","","0","Shoes for Men","13","","0","","0","","0","","","","","https://www.stacyadams.com/shop/styles/mensShoes/viewAll/page0.html","","","","","","","129194","23701","972","353","2.754","100.000","Very Easy","5.448","0","4","","21","1","0","1.320","160","82","0","10","5","0","","","","","46d57e4d3de857142c404177f66c1a3","1.218","","","","","1.1","https://www.stacyadams.com/shop/styles/mensShoes/viewAll/page0.html","2024-11-30 15:01:41"
"https://www.carminashoemaker.com/en","https://www.carminashoemaker.com/en","text/html;charset=UTF-8","200","200","Indexable","","Loafers- Dress men's shoes - Oxfords shoes - Cordovan Shoes | CARMINA","69","649","","0","0","Handmade shoes for men and women. Specialists in oxford shoes, cordovan shoes and loafers. Leather style and quality for your shoes. New York, París, Madrid, Singapore, Barcelona and Palma de Mallorca.","201","1278","","0","0","Cordovan shoes, carmina, carminashoemaker, men's oxfords shoes, women's oxfords shoes, dress shoes, monk shoes, english shoes, carmina shoes, Albaladejo, luxury shoes","166","Carmina Shoemaker | Artisan shoes since 1866","44","","0","We are the fourth generation of shoemakers based in Mallorca. Our shoes combine the classic models such as oxford shoes, loafer shoes, monk strap shoes, and contemporary styles as chelsea boots and chukka boots. Specialists in genuine shell cordovan shoes and boots.","266","","0","index, follow","","","","https://www.carminashoemaker.com/en","","","","","","","330505","58773","459","119","3.857","75.928","Fairly Easy","3.314","0","0","","6","1","0","1.320","565","217","0","6","6","0","","","","","48577ea09b67c0a526ef470478ac8546","1.095","","","","","1.1","https://www.carminashoemaker.com/en","2024-11-30 15:01:24"
"https://www.cos.com/en_usd/men/shoes.html","https://www.cos.com/en_usd/men/shoes.html","text/html","403","Forbidden","Non-Indexable","Client Error","","0","0","","0","0","","0","0","","0","0","","0","","0","","0","","0","","0","","","","","","","","","","","","402","402","0","","","","","0.000","0","2","","0","0","0","0.000","0","0","0","0","0","0","","","","","","0.762","","","","","1.1","https://www.cos.com/en_usd/men/shoes.html","2024-11-30 15:01:32"
"https://www.rockport.com/collections/rockport-mens-shoes","https://www.rockport.com/collections/rockport-mens-shoes","text/html; charset=utf-8","200","OK","Indexable","","Rockport Men's Shoes","20","197","","0","0","Men’s Shoes by Rockport In 1971, father and son Saul and Bruce Katz drove to Boston with 3,000 pairs of moccasins in the back of their truck–and Rockport was born. We’ve been expertly engineering men’s shoes ever since, our legendary walking shoes for men. Today we keep creating men’s with sporty comfort, so dressing up feels as good as dressing down. Walking Shoes for Men A hallmark of Rockport comfort is how we craft shoes from the ground up. By doing so, we offer the best walking shoes for men—and we’re not about to slow down now. Whether it’s our iconic walking shoes, or casual dress shoes for commuting, we provide supportive, long-lasting shoes. You’ll feel the Rockport difference from the very first step of the day to the last. Men’s Summer Shoes When things heat up, you’ll want to turn to men’s summer shoes, no matter what the calendar says. Think  trekkers, loafers and even for the fairway. We expertly craft each style with all-day comfort that you can feel from the first step—no break-in period needed. You’ll find options of walking shoes for men, as well as leather sandals for men, in extended widths too. Men’s Wide Shoes We take fit seriously, because if a shoe the fits, wear it… and wear it comfortably all day long. Whether it’s sneakers, suede or leather shoes for men, or waterproof boots, we’re committed to offering narrow, wide, or extra-wide widths whenever possible. You deserve Rockport’s signature out-of-the-box comfort every day, no matter what size or style you choose.","1513","9400","","0","0","","0","All Men's","9","","0","New Arrivals","12","BE IN THE KNOW","14","","","","","https://www.rockport.com/collections/rockport-mens-shoes","","https://www.rockport.com/collections/rockport-mens-shoes?page=2","","","","","967214","108247","1719","638","2.694","100.000","Very Easy","1.172","0","1","","21","1","0","1.320","517","238","0","4","4","0","","","","","2162f76cdeb4786f78e62e54f6253425","0.349","","","","","1.1","https://www.rockport.com/collections/rockport-mens-shoes","2024-11-30 15:01:22"
"https://www.redwingshoes.com/heritage/mens/","https://www.redwingshoes.com/heritage/mens/","text/html;charset=UTF-8","200","OK","Indexable","","Men's | Heritage | Red Wing","27","240","","0","0","Our Men’s Boots and Shoes are built with traditional construction and timeless design. Premium leather, durable stitching, and resoleable welts create... | Red Wing","164","1008","","0","0","Red Wing Shoes","14","Men's Heritage Leather Boots","28","","0","Men","3","Women","5","index, follow","","","","https://www.redwingshoes.com/heritage/mens/","https://www.redwingshoes.com/heritage/mens/","","","","","","275087","28546","887","272","3.261","99.182","Very Easy","2.818","0","2","","4","1","0","1.320","189","111","0","14","13","0","","","","","2d704e853e778dda1430c4b7c3f5f464","1.761","","","","","1.1","https://www.redwingshoes.com/heritage/mens/","2024-11-30 15:01:17"
"https://professional.lowa.com/en/men","https://professional.lowa.com/en/men","text/html; charset=UTF-8","200","OK","Indexable","","LOWA Professional Shoes for Men","31","305","","0","0","Comfortable combat boots and shoes with first-class functionality and an impressive look. Innovative design for optimum performance and reliability in demanding military, police and security operations.","202","1255","","0","0","","0","Men","3","","0","","0","","0","INDEX,FOLLOW","","","","https://professional.lowa.com/en/men","","https://professional.lowa.com/men?p=1","","","","","2858123","142047","879","311","2.826","98.481","Very Easy","0.207","0","1","","52","1","0","1.320","144","58","0","3","3","0","","","","","967d21f15944c6035f20c70dcaa5b3b5","0.887","","","","","1.1","https://professional.lowa.com/en/men","2024-11-30 15:01:23"
"https://www.nike.com/w/mens-shoes-nik1zy7ok","https://www.nike.com/w/mens-shoes-nik1zy7ok","text/html; charset=UTF-8","200","OK","Indexable","","Men's Shoes & Sneakers. Nike.com","32","311","","0","0","Get laced up for training, sport and lifestyle with the latest designs of men's shoes and sneakers from Nike.com.","113","693","","0","0","Men's Shoes & Sneakers","22","Men's Shoes & Sneakers","22","","0","Resources","9","Help","4","index, follow","","","","https://www.nike.com/w/mens-shoes-nik1zy7ok","","","","","","","1204418","161380","628","287","2.188","100.000","Very Easy","0.765","0","1","","6","1","0","1.320","513","359","0","17","17","0","","","","","1fcb5cca71c17145bcd62da50d4599e1","0.786","","","","","1.1","https://www.nike.com/w/mens-shoes-nik1zy7ok","2024-11-30 15:01:24"
"https://www.kickers.com/en/s/507/men-shoes","https://www.kickers.com/en/s/507/men-shoes","text/html; charset=utf-8","200","OK","Indexable","","Men's shoes - Kickers shoes for man - Kickers officiel","54","467","","0","0","Find here all our Kickers shoes for man and enjoy free returns.","63","384","","0","0","shoes, man","10","Men's shoes","11","","0","","0","","0","","","","","https://www.kickers.com/en/s/507/men-shoes","","https://www.kickers.com/en/s/507/men-shoes?page=2","","","","","613587","46101","741","314","2.360","100.000","Very Easy","1.536","0","3","","43","1","0","1.320","323","144","0","9","8","0","","","","","353bb7749661f30ddc5db672528d51e7","1.400","","","","","1.1","https://www.kickers.com/en/s/507/men-shoes","2024-11-30 15:01:38"
"https://www.footjoy.com/men/golf-shoes/","https://www.footjoy.com/men/golf-shoes/","text/html;charset=UTF-8","200","OK","Indexable","","Men's Golf Shoes: Shop the #1 Shoe in Golf | FootJoy","52","468","Men's Golf Shoes: Shop the #1 Shoe in Golf | FootJoy","52","468","Step into the best golf shoes for men to deliver your best performance. FootJoy’s men’s golf shoes are built for comfort, style & durability. Shop today!","153","927","Step into the best golf shoes for men to deliver your best performance. FootJoy’s men’s golf shoes are built for comfort, style & durability. Shop today!","153","927","FootJoy","7","Men's Golf Shoes","16","","0","Men","3","Women","5","","","","","https://www.footjoy.com/men/golf-shoes/","","","","","","","826479","79026","2639","707","3.733","100.000","Very Easy","2.506","0","2","","10","1","0","1.320","654","329","0","22","22","0","","","","","347bae0ab2fc97d5acfe0ebc488c4604","11.775","","","","","1.1","https://www.footjoy.com/men/golf-shoes/","2024-11-30 15:01:12"
"https://www.lacoste.com/us/lacoste/sale/men-s-sale/shoes-2/","https://www.lacoste.com/us/lacoste/sale/men-s-sale/shoes-2/","text/html;charset=UTF-8","200","OK","Indexable","","Men's Shoes on Sale | LACOSTE","29","283","","0","0","Shop Lacoste shoes on sale including sneakers, boots, sandals, and more. Get free shipping on all orders over $75.","114","711","","0","0","","0","Men's Sale Shoes","16","","0","Men's Elite Active Sneakers","27","Men's Carnaby Set Leather Sneakers","34","","","","","https://www.lacoste.com/us/lacoste/sale/men-s-sale/shoes-2/","","https://www.lacoste.com/us/lacoste/sale/men-s-sale/shoes-2/?page=2","https://www.lacoste.com/us/lacoste/sale/men-s-sale/shoes-2/","","","","644186","40703","684","312","2.192","100.000","Very Easy","1.455","0","5","","6","1","0","1.320","478","257","0","0","0","0","","","","","bcaa608cab5d4e121180baf3e0f8b9b3","1.147","","","","","1.1","https://www.lacoste.com/us/lacoste/sale/men-s-sale/shoes-2/","2024-11-30 15:01:47"
"https://hi-tec.com/collections/mens-shoes","https://hi-tec.com/collections/mens-shoes","text/html; charset=utf-8","200","OK","Indexable","","Men's Outdoor Hiking Boots | Waterproof Trail Shoes for Men
      
      
       – Hi-Tec.com","93","663","","0","0","Shop the best selection of Hi-Tec waterproof hiking shoes and boots for men with FREE US SHIPPING on all outdoor trail, trekking, and backpacking boots for an athletic lifestyle.","178","1098","","0","0","","0","","0","","0","Men's Ravus Mid WP","18","Men's Ravus Mid WP","18","","","","","https://hi-tec.com/collections/mens-shoes","","","","","","","242073","35082","304","148","2.054","100.000","Very Easy","0.813","0","1","","7","1","0","1.320","72","39","0","4","2","0","","","","","41c9935e6df68c6e85d2947a7b94e28f","0.591","","","","","1.1","https://hi-tec.com/collections/mens-shoes","2024-11-30 15:01:27"
"https://us.puma.com/us/en/men/shoes","https://us.puma.com/us/en/men/shoes","text/html; charset=utf-8","200","OK","Indexable","","Men's Shoes and Sneakers | PUMA","31","307","","0","0","","0","0","","0","0","","0","Men's Shoes and Sneakers","24","","0","{resultCount} results for '{searchTerm}'","40","","0","index, follow","","","","https://us.puma.com/us/en/men/shoes","","","","","","","1600325","173324","957","408","2.346","90.770","Very Easy","0.708","0","3","","3","1","0","1.320","562","418","0","12","9","0","","","","","c3045314be2a3de2fb898dfb4d242adf","0.674","","","","","1.1","https://us.puma.com/us/en/men/shoes","2024-11-30 15:01:39"
"https://www.aldoshoes.com/us/en_US/men","https://www.aldoshoes.com/us/en_US/men","text/html; charset=utf-8","200","OK","Indexable","","Men's Shoes, Sandals, Sneakers, Boots, Bags and Accessories | ALDO US","69","643","","0","0","Shop Men at ALDOShoes.com & browse our latest collection of accessibly priced Men for Men, in a wide variety of on-trend styles.","128","803","","0","0","","0","Men's Shoes, Bags & Accessories","31","EXTRA 30% OFF EVERYTHING","24","Filter By Size","14","Filter By Size","14","index, follow","","","","https://www.aldoshoes.com/us/en_US/men","","https://www.aldoshoes.com/us/en_US/men?page=2","","","","","1388956","208362","602","160","3.763","100.000","Very Easy","0.479","0","2","","4","1","0","1.320","258","194","0","12","12","0","","","","","31c08be5e998ea35a7615c524fac066f","0.736","","","","","1.1","https://www.aldoshoes.com/us/en_US/men","2024-11-30 15:01:16"
"https://www.heydude.com/collections/mens-shoes","https://www.heydude.com/collections/mens-shoes","text/html; charset=utf-8","200","OK","Indexable","","Men's shoes | HEYDUDE shoes","27","271","","0","0","Shop men's shoes ranging from casual comfort to shoes with a sporty feel. Shop a wide variety - featuring our most popular shoes like the men's Wally.","150","935","","0","0","","0","Men's Shoes","11","Men's Shoes","11","Your Bag is empty","17","Upgrade Your Look with HEYDUDE Shoes for Men","44","","","","","https://www.heydude.com/collections/mens-shoes","","","","","","","475194","76536","942","135","6.978","77.882","Fairly Easy","2.364","0","1","","7","1","0","1.320","84","42","0","10","8","0","","","","","b3c6fa57a3a70bcbc227c3cacc058491","0.329","","","","","1.1","https://www.heydude.com/collections/mens-shoes","2024-11-30 15:01:26"
"https://mizunousa.com/men/shoes/running/","https://mizunousa.com/men/shoes/running/","text/html; charset=UTF-8","200","OK","Indexable","","Mizuno Men's Running Shoes | Shop Mizuno Running Footwear","57","559","","0","0","Discover the latest collection of Mizuno men's running shoes for optimal performance. Shop now for top-quality footwear designed for male runners.","146","919","","0","0","mizuno mens running shoes","25","Running","7","About Us","8","Footer Start","12","My MVP Rewards","14","","","","","https://mizunousa.com/men/shoes/running/","","https://mizunousa.com/men/shoes/running/?page=2","","","","","645299","43929","110","25","4.400","78.545","Fairly Easy","1.022","0","3","","9","1","0","1.320","464","434","0","7","7","0","","","","","ec2acb9608854160f52ccd4cd39b5c75","1.379","","","","","1.1","https://mizunousa.com/men/shoes/running/","2024-11-30 15:01:36"
"https://www.columbia.com/c/mens-shoes-sale/","https://www.columbia.com/c/mens-shoes-sale/","text/html;charset=UTF-8","200","OK","Indexable","","Men's Shoes Sale | Columbia Sportswear","38","360","","0","0","Last chance offers on outdoor shoes and boots. Don't miss out on great boots and shoes. Black Friday Sale - Up to 40% off everything!","133","831","","0","0","","0","Men's Sale Shoes","16","","0","Men's Gunnison™ II Omni-Heat™ Boot","34","Men's Gunnison™ II Omni-Heat™ Boot - Wide","41","","","","","https://www.columbia.com/c/mens-shoes-sale/","","","","","","","1445490","222876","2110","600","3.517","88.354","Easy","2.093","0","2","","8","1","0","1.320","633","417","0","8","8","0","","","","","7142f40d6dff4af2c90a1e81682f2884","1.004","","","","","1.1","https://www.columbia.com/c/mens-shoes-sale/","2024-11-30 15:01:40"
"https://www.grantstoneshoes.com/collections/men","https://www.grantstoneshoes.com/collections/men","text/html; charset=utf-8","200","OK","Indexable","","Men's Dress Shoes, Boots, and Loafers | Grant Stone","51","461","","0","0","Grant Stone's men's collection features Goodyear-welted boots, shoes, and loafers, allowing for reconstruction and form fitting design.","135","831","","0","0","","0","Men's Shoes, Boots and Loafers","30","","0","Menu","4","Help","4","","","","","https://www.grantstoneshoes.com/collections/men","","https://www.grantstoneshoes.com/collections/men?page=2","","","","","1724524","111783","771","420","1.836","95.683","Very Easy","0.326","0","1","","10","1","0","1.320","275","126","0","9","6","0","","","","","1da32222dd8ed6313d693ba04145a277","2.065","","","","","1.1","https://www.grantstoneshoes.com/collections/men","2024-11-30 15:01:20"
"https://nisolo.com/collections/mens-shoes-and-accessories","https://nisolo.com/collections/mens-shoes-and-accessories","text/html; charset=utf-8","200","OK","Indexable","","Men's Shoes and Accessories | Ethically Made | Nisolo","53","477","","0","0","Shop our collection of men's leather shoes and accessories. Intentionally designed. Ethically made. Fairly priced.","114","697","","0","0","","0","Men's Shoes & Accessories","25","","0","The countdown is on! The Moving Sale ends soon.","47","The sale section just got better.","33","","","","","https://nisolo.com/collections/mens-shoes-and-accessories","","https://nisolo.com/collections/mens-shoes-and-accessories?page=2","","","","","1430852","124581","2689","822","3.271","72.855","Fairly Easy","1.701","0","1","","30","1","0","1.320","667","336","0","5","5","0","","","","","75ca10f346f8d841146609881b2d20d","0.591","","","","","1.1","https://nisolo.com/collections/mens-shoes-and-accessories","2024-11-30 15:01:34"
"https://www.allbirds.eu/collections/mens","https://www.allbirds.eu/collections/mens","text/html; charset=utf-8","200","OK","Indexable","","Men's Shoes","11","113","","0","0","The world's most comfortable shoes for life’s everyday adventures.","66","415","","0","0","","0","","0","","0","","0","","0","","","","","https://www.allbirds.eu/collections/mens","","","","","","","240287","45939","198","53","3.736","72.725","Fairly Easy","0.491","0","1","","4","1","0","1.320","79","63","0","13","13","0","","","","","1a49f490b5dc8e54480efd549856bdb6","0.569","","","","","1.1","https://www.allbirds.eu/collections/mens","2024-11-30 15:01:39"
"https://www.jcrew.com/plp/mens/categories/shoes","https://www.jcrew.com/plp/mens/categories/shoes","","302","Moved Temporarily","Non-Indexable","Redirected","","0","0","","0","0","","0","0","","0","0","","0","","0","","0","","0","","0","","","","","","","","","","","","0","0","0","","","","","0.000","0","3","","0","0","0","0.000","0","0","0","0","0","0","","","","","","1.076","","https://www.jcrew.com/pk/plp/mens/categories/shoes?","HTTP Redirect","","1.1","https://www.jcrew.com/plp/mens/categories/shoes","2024-11-30 15:01:43"
"https://www.dsw.com/category/mens/shoes","https://www.dsw.com/category/mens/shoes","text/html","403","Forbidden","Non-Indexable","Client Error","","0","0","","0","0","","0","0","","0","0","","0","","0","","0","","0","","0","","","","","","","","","","","","390","390","0","","","","","0.000","0","2","","0","0","0","0.000","0","0","0","0","0","0","","","","","","1.015","","","","","1.1","https://www.dsw.com/category/mens/shoes","2024-11-30 15:01:30"
"https://vessi.com/collections/men","https://vessi.com/collections/men","text/html; charset=utf-8","200","OK","Indexable","","Men's Waterproof Knit Shoes | Vessi Footwear","44","408","","0","0","Meet our waterproof sneakers for men! The most lightweight, comfortable shoe that you'll want to wear every day.","112","704","","0","0","","0","Men’s Waterproof Shoes","22","","0","Kick off rain, puddles, snow and slush with our collection of fully waterproof men’s footwear designed for comfort in any conditions.","133","Explore More, Worry Less","24","","","","","https://vessi.com/collections/men","","","","","","","1328375","240878","2024","637","3.177","100.000","Very Easy","0.917","0","1","","4","1","0","1.320","68","51","0","1","1","0","","","","","65fb7edff916a4397cc7f6aef22978bb","1.455","","","","","1.1","https://vessi.com/collections/men","2024-11-30 15:01:44"
"https://www.catfootwear.com/US/en/mens/","https://www.catfootwear.com/US/en/mens/","text/html;charset=UTF-8","200","OK","Indexable","","Men's Work Boots - Shop Steel Toe Work Boots For Men | Cat Footwear","67","627","","0","0","Men's Caterpillar Boots and Shoes - Steel toe boots, composite toe boots, and casual shoes built for comfort and durability. Shop catfootwear.com","145","906","","0","0","mens work boots, mens work shoes","32","Men's Boots, Shoes & Clothing","29","Men's Boots, Shoes & Clothing","29","Final Sale","10","Black Friday sale ends in","25","index, follow","","","","https://www.catfootwear.com/US/en/mens/","","https://www.catfootwear.com/US/en/mens/?start=48&sz=48","","","","","1073276","99988","2527","823","3.070","100.000","Very Easy","1.996","0","3","","45","1","0","1.320","1025","317","0","48","21","0","","","","","6b7ca8e01c1656ed3fd38ce8b10bbad","0.751","","","","","1.1","https://www.catfootwear.com/US/en/mens/","2024-11-30 15:01:39"
"https://www.nobullproject.com/collections/mens-gym-and-training-shoes","https://www.nobullproject.com/collections/mens-gym-and-training-shoes","text/html; charset=utf-8","200","OK","Indexable","","Men's Trainers - Training Shoes for Men

        – NOBULL","57","448","","0","0","Our men's trainers provide lightweight, breathable and flexible protection during your next workout. Free shipping on orders $99 and over.","138","850","","0","0","","0","Men's Gym & Training Shoes","26","","0","Join our Loyalty & Rewards Program","34","Training Shoes For Men","22","","","","","https://www.nobullproject.com/collections/mens-gym-and-training-shoes","","https://www.nobullproject.com/collections/mens-gym-and-training-shoes?page=2","","","","","1053337","113784","310","58","5.345","81.605","Easy","0.642","0","1","","10","1","0","1.320","157","112","0","9","8","0","","","","","b113088253efe3dd87dfadd34fc0da0d","0.965","","","","","1.1","https://www.nobullproject.com/collections/mens-gym-and-training-shoes","2024-11-30 15:01:12"
"https://www.costco.com/mens-footwear.html","https://www.costco.com/mens-footwear.html","text/html","403","Forbidden","Non-Indexable","Client Error","","0","0","","0","0","","0","0","","0","0","","0","","0","","0","","0","","0","","","","","","","","","","","","394","394","0","","","","","0.000","0","0","","0","0","0","0.000","0","0","0","0","0","0","","","","","","1.195","","","","","1.1","https://www.costco.com/mens-footwear.html","2024-11-30 15:01:46"
"https://kizik.com/collections/mens-shoes","https://kizik.com/collections/mens-shoes","text/html; charset=utf-8","200","OK","Indexable","","Men's Slip-On Shoes | Kizik","27","237","","0","0","Discover Kizik's collection of men's slip-on shoes. Designed for comfort and convenience, these shoes are perfect for any occasion. Shop now!","141","883","","0","0","","0","Kizik","5","Active","6","Chase Your Passions","19","Find your Flow","14","","","","","https://kizik.com/collections/mens-shoes","","","","","","","885907","107341","1114","334","3.335","87.409","Easy","1.757","0","1","","3","1","0","1.320","268","149","0","15","10","0","","","","","366c5cb235751ebea60742aeee5e2a78","2.324","","","","","1.1","https://kizik.com/collections/mens-shoes","2024-11-30 15:01:28"
"https://www.johnstonmurphy.com/c/sale/mens-sale/sale-mens-shoes","https://www.johnstonmurphy.com/c/sale/mens-sale/sale-mens-shoes","text/html;charset=UTF-8","200","OK","Indexable","","Men's Sale Shoes | J&M","22","211","","0","0","Shop our selection of Shoes at Johnston & Murphy. Free shipping and free 365-day returns for J&M Insiders.","106","673","","0","0","Johnston & Murphy","17","","0","","0","","0","","0","","","","","","","","","","","","331514","38995","780","282","2.766","100.000","Very Easy","3.072","0","3","","19","2","0","2.630","346","137","0","20","9","0","","","","","daa246c2e4573586fc9935f90923b58e","1.947","","","","","1.1","https://www.johnstonmurphy.com/c/sale/mens-sale/sale-mens-shoes","2024-11-30 15:01:13"
"https://www.landsend.com/shop/mens-shoes/S-xfm-xf0-y5b-xec","https://www.landsend.com/shop/mens-shoes/S-xfm-xf0-y5b-xec","text/html","403","Forbidden","Non-Indexable","Client Error","","0","0","","0","0","","0","0","","0","0","","0","","0","","0","","0","","0","","","","","","","","","","","","431","431","0","","","","","0.000","0","2","","0","0","0","0.000","0","0","0","0","0","0","","","","","","1.301","","","","","1.1","https://www.landsend.com/shop/mens-shoes/S-xfm-xf0-y5b-xec","2024-11-30 15:01:19"
