"Original Url","Address","Content Type","Status Code","Status","Indexability","Indexability Status","Title 1","Title 1 Length","Title 1 Pixel Width","Meta Description 1","Meta Description 1 Length","Meta Description 1 Pixel Width","Meta Keywords 1","Meta Keywords 1 Length","H1-1","H1-1 Length","H1-2","H1-2 Length","H2-1","H2-1 Length","H2-2","H2-2 Length","Meta Robots 1","Meta Robots 2","X-Robots-Tag 1","Meta Refresh 1","Canonical Link Element 1","Canonical Link Element 2","rel=""next"" 1","rel=""prev"" 1","HTTP rel=""next"" 1","HTTP rel=""prev"" 1","amphtml Link Element","Size (bytes)","Transferred (bytes)","Word Count","Sentence Count","Average Words Per Sentence","Flesch Reading Ease Score","Readability","Text Ratio","Crawl Depth","Folder Depth","Link Score","Inlinks","Unique Inlinks","Unique JS Inlinks","% of Total","Outlinks","Unique Outlinks","Unique JS Outlinks","External Outlinks","Unique External Outlinks","Unique External JS Outlinks","Closest Similarity Match","No. Near Duplicates","Spelling Errors","Grammar Errors","Hash","Response Time","Last Modified","Redirect URL","Redirect Type","Cookies","HTTP Version","URL Encoded Address","Crawl Timestamp"
"https://common.usembassy.gov/en/ds-82/","https://common.usembassy.gov/en/ds-82/","text/html","200","OK","Indexable","","Technical Difficulties","22","186","","0","0","","0","","0","","0","","0","","0","","","","","","","","","","","","188871","188871","19","4","4.750","46.172","Hard","0.071","0","2","","0","0","0","0.000","0","0","0","0","0","0","","","","","f6d75e3fa14002354f788553b366d2de","4.596","Thu, 06 Jul 2023 14:51:24 GMT","","","","1.1","https://common.usembassy.gov/en/ds-82/","2024-11-30 14:40:46"
"https://portal.ct.gov/deep/state-parks/passport-to-the-parks","https://portal.ct.gov/deep/state-parks/passport-to-the-parks","text/html","403","Forbidden","Non-Indexable","Client Error","","0","0","","0","0","","0","","0","","0","","0","","0","","","","","","","","","","","","986","986","0","","","","","0.000","0","2","","0","0","0","0.000","0","0","0","0","0","0","","","","","","5.121","","","","","1.1","https://portal.ct.gov/deep/state-parks/passport-to-the-parks","2024-11-30 14:41:39"
"https://www.euromonitor.com/solutions/passport","https://www.euromonitor.com/solutions/passport","text/html; charset=utf-8","200","OK","Indexable","","Passport Is Euromonitor's Syndicated Global Market Research Database - Euromonitor.com","86","803","Passport provides data and insight on industries, economies and consumers worldwide, helping our clients analyse market context and identify future trends.","155","975","","0","What if your smartest decision is just a question away?","55","Passport demolishes doubt","25","","0","Join thousands of organisations accessing our 50+ years of intelligence to unlock growth","88","","","","","https://www.euromonitor.com/solutions/passport","","","","","","","138197","26655","1349","373","3.617","38.103","Hard","10.795","0","1","","9","1","0","1.250","129","93","0","7","7","0","","","","","d86767dfc4090e9cab4f338b4d126317","0.845","","","","","1.1","https://www.euromonitor.com/solutions/passport","2024-11-30 14:42:48"
"https://www.multco.us/recording/passport-applications","https://www.multco.us/recording/passport-applications","text/html; charset=utf-8","200","OK","Indexable","","Passport Applications | Multnomah County","40","379","How to apply and what you need to bring to apply for a U.S. Passport at Multnomah County.","89","567","","0","Passport Applications","21","","0","Search form","11","I want to:","10","","","","","https://www.multco.us/recording/passport-applications","https://www.multco.us/recording/passport-applications","","","","","","64446","14629","1423","344","4.137","69.761","Normal","15.211","0","1","","3","1","0","1.250","107","94","0","27","22","0","","","","","b2a53ada05d7673bb432817461acbc3b","3.260","Sat, 30 Nov 2024 09:41:36 GMT","","","","1.1","https://www.multco.us/recording/passport-applications","2024-11-30 14:41:35"
"https://www.silverdollarcity.com/tickets/ticket-add-ons/christmas-tasting-passport/","https://www.silverdollarcity.com/tickets/ticket-add-ons/christmas-tasting-passport/","text/html; charset=utf-8","200","OK","Indexable","","Christmas Tasting Passport | Silver Dollar City Attractions","59","507","","0","0","","0","Festive Eats & Treats","21","","0","","0","Get The Latest News and Special Offers","38","","","","","https://www.silverdollarcity.com/tickets/ticket-add-ons/christmas-tasting-passport/","","","","","","","150909","17176","1015","312","3.253","79.759","Fairly Easy","6.085","0","3","","2","1","0","1.250","262","72","0","29","6","0","","","","","e675f9bf7d9cc873ba7cc2f1f0757387","6.092","","","","","1.1","https://www.silverdollarcity.com/tickets/ticket-add-ons/christmas-tasting-passport/","2024-11-30 14:42:26"
"https://www.iowadnr.gov/Places-to-Go/State-Parks/Parks-Passport","https://www.iowadnr.gov/Places-to-Go/State-Parks/Parks-Passport","text/html; charset=utf-8","200","OK","Indexable","","Parks Passport, Iowa DNR","24","229","Build points to redeem prizes. If you cash in, start back at zero and keep visiting parks to earn additional prizes.","116","686","idnr, department of natural resources, DNR, Iowa, resources, department, natural, air, quality, water, energy, regulation, law, forestry geology, waste, recycle, fisheries, fish, fishing, wildlife, hunting, permits, license","223","Parks Passport","14","","0","Parks Passport Banner","21","Visit State Parks. Check In. Earn Prizes.","41","INDEX, FOLLOW","","","","","","","","","","","233629","37267","3338","767","4.352","89.077","Easy","9.372","0","2","","4","1","0","1.250","880","647","0","25","19","0","","","","","dbca16c0eec71cdc5ef35230658b4d45","6.058","","","","","1.1","https://www.iowadnr.gov/Places-to-Go/State-Parks/Parks-Passport","2024-11-30 14:41:49"
"https://ohio.gov/residents/resources/passport","https://ohio.gov/residents/resources/passport","text/html","404","Not Found","Non-Indexable","Client Error","","0","0","","0","0","","0","","0","","0","","0","","0","","","","","","","","","","","","5140","5140","0","","","","","0.000","0","2","","0","0","0","0.000","0","0","0","0","0","0","","","","","","2.007","Fri, 12 Apr 2024 16:59:15 GMT","","","","1.1","https://ohio.gov/residents/resources/passport","2024-11-30 14:41:28"
"https://www.coloradoski.com/passes-and-deals/ski-passport/","https://www.coloradoski.com/passes-and-deals/ski-passport/","text/html; charset=UTF-8","200","OK","Indexable","","Kids' Ski Passport | Colorado Ski Country USA","45","401","The Kids' Ski Passport for students grades 3–6 is just $65. Hit the slopes this winter with the whole family—and without breaking the bank.","139","861","","0","2024–25 Ski Passport grades 3–6","31","2024–25 Ski Passport grades 3–6","31","2024–25 Ski Passport Ski early. Ski often.","42","FAQs","4","index, follow, max-image-preview:large, max-snippet:-1, max-video-preview:-1","","","","https://www.coloradoski.com/passes-and-deals/ski-passport/","","","","","","","581032","232156","1943","297","6.542","76.147","Fairly Easy","13.450","0","2","","6","1","0","1.250","124","66","0","15","10","0","","","","","829c6b2faa547114e99536ef823df668","2.571","","","","","1.1","https://www.coloradoski.com/passes-and-deals/ski-passport/","2024-11-30 14:42:41"
"https://ociservices.gov.in/","https://ociservices.gov.in/","text/html;charset=ISO-8859-1","200","","Non-Indexable","Redirected","OCI","3","33","","0","0","","0","","0","","0","","0","","0","","","","0; URL=jsDisabled","","","","","","","","31130","31130","648","115","5.635","47.321","Hard","14.458","0","0","","7","1","0","1.250","13","7","0","10","10","0","","","","","b055865dfbc67817dbe3019202c00739","5.279","","https://ociservices.gov.in/jsDisabled","Meta Refresh Redirect","","1.1","https://ociservices.gov.in/","2024-11-30 14:40:46"
"https://apps.apple.com/us/app/passport-parking/id501324867","https://apps.apple.com/us/app/passport-parking/id501324867","text/html","200","OK","Indexable","","‎Passport Parking on the App Store","34","305","No more digging for coins. This is how parking should be.

Pay, extend, and manage your parking session with just a few taps. It’s easy!

PAY ON THE GO 
Pay qui…","161","996","Passport Parking, Passport Labs, Inc., Travel,Navigation, ios apps, app, appstore, app store, iphone, ipad, ipod touch, itouch, itunes","134","Passport Parking 4+","19","","0","Park. Pay. Be on your way. ‪®‬","30","Passport Labs, Inc.","19","","","","","https://apps.apple.com/us/app/passport-parking/id501324867","","","","","","","626757","131151","1244","243","5.119","88.884","Easy","1.226","0","3","","0","0","0","0.000","41","41","0","5","2","0","","","","","6d2707bdcc82a9dd3742e8ddad923944","1.909","","","","","1.1","https://apps.apple.com/us/app/passport-parking/id501324867","2024-11-30 14:41:24"
"https://www.germany.info/us-en/service/02-PassportsandIDCards/passport-adult/951294","https://www.germany.info/us-en/service/02-PassportsandIDCards/passport-adult/951294","text/html;charset=UTF-8","200","OK","Non-Indexable","Canonicalised","Passport for Adults - Federal Foreign Office","44","381","Please take the following Information into account when applying for a German passport.","87","552","","0","Welcome","7","Passport for Adults","19","Navigation and service","22","Page navigation","15","follow, index, noarchive, noodp, noydir","","","","https://www.germany.info/us-en/service/02-passportsandidcards/passport-941512","","","","","","","96719","16894","1200","182","6.593","67.744","Normal","9.931","0","4","","4","1","0","1.250","77","53","0","8","8","0","","","","","ff80bf1cfd93dd026930caf3df7cb1a7","1.885","","","","","1.1","https://www.germany.info/us-en/service/02-PassportsandIDCards/passport-adult/951294","2024-11-30 14:42:56"
"https://medicaidprovider.mt.gov/passport","https://medicaidprovider.mt.gov/passport","text/html","200","OK","Indexable","","passport","8","78","","0","0","","0","Passport to Health","18","","0","","0","","0","","","","","","","","","","","","30951","8392","428","71","6.028","49.701","Hard","13.903","0","0","","9","1","0","1.250","96","75","0","14","9","0","","","","","754c5dba29681ad7e68ff479679e7e75","2.382","Tue, 19 Nov 2024 22:30:08 GMT","","","","1.1","https://medicaidprovider.mt.gov/passport","2024-11-30 14:43:01"
"https://www.dhs.gov/e-passports","https://www.dhs.gov/e-passports","text/html; charset=UTF-8","200","OK","Indexable","","e-Passports | Homeland Security","31","287","An e-Passport contains an electronic chip that holds the same information that is printed on the passport's data page. Find out about the e-Passport.","149","922","","0","e-Passports","11","","0","Breadcrumb","10","U.S. e-Passport Requirements","28","","","","","https://www.dhs.gov/e-passports","","","","","","","90849","16231","522","120","4.350","55.909","Fairly Hard","5.738","0","0","","3","1","0","1.250","133","96","0","10","8","0","","","","","83a85417282bfc1c822dd750515591a","1.736","Sat, 30 Nov 2024 08:47:20 GMT","","","","1.1","https://www.dhs.gov/e-passports","2024-11-30 14:42:56"
"https://automobiles.honda.com/passport","https://automobiles.honda.com/passport","text/html; charset=utf-8","200","OK","Indexable","","2025 Honda Passport - Rugged Midsize SUV","40","391","Equipped for tough terrain and long weekends, the Rugged 2025 Passport offers seating for 5 and a powerful V-6 engine. Start planning your next outdoor adventure today.","168","1059","","0","2025 Passport","13","","0","Gallery","7","Colors","6","INDEX, FOLLOW","INDEX, FOLLOW","","","https://automobiles.honda.com/passport","","","","","","","960650","112714","5528","981","5.635","61.437","Normal","5.034","0","0","","190","1","0","1.250","382","123","0","32","23","0","","","","","cbebf59aa755e96dcc0ba99212e2605e","4.604","","","","","1.1","https://automobiles.honda.com/passport","2024-11-30 14:41:15"
"https://travel.state.gov/content/travel/en/passports.html","https://travel.state.gov/content/travel/en/passports.html","text/html;charset=utf-8","200","OK","Indexable","","U.S. Passports","14","129","","0","0","","0","U.S. Passports","14","English","7","","0","","0","","","","","","","","","","","","52322","9903","708","221","3.204","73.218","Fairly Easy","7.814","0","3","","21","6","0","7.500","97","52","0","15","9","0","","","","","af3be461237e4e3f5c67d039c1ad3876","5.448","Sat, 30 Nov 2024 09:42:55 GMT","","","","1.1","https://travel.state.gov/content/travel/en/passports.html","2024-11-30 14:42:54"
"https://www.pay.gov/public/form/start/1156527186/","https://www.pay.gov/public/form/start/1156527186/","text/html;charset=UTF-8","200","OK","Indexable","","Pay.gov - Overseas U.S. Adult Passport Renewal Fee","50","461","","0","0","","0","","0","","0","Overseas U.S. Adult Passport Renewal Fee","40","We're here to help!","19","","","","","","","","","","","","43646","10302","496","111","4.468","67.212","Normal","11.865","0","4","","3","1","0","1.250","22","14","0","3","3","0","","","","","2c0510a7a72615e042493645e1d99753","2.094","","","","","1.1","https://www.pay.gov/public/form/start/1156527186/","2024-11-30 14:42:58"
"https://www.geaerospace.com/commercial/aircraft-engines/passport","https://www.geaerospace.com/commercial/aircraft-engines/passport","text/html; charset=UTF-8","200","OK","Indexable","","Passport | GE Aerospace","23","218","PassportTurbofan","16","113","","0","PassportTurbofan","16","","0","Powering the","12","Get the news in your inbox","26","","","","","https://www.geaerospace.com/commercial/aircraft-engines/passport","","","","","","","80061","12699","415","67","6.194","44.395","Hard","6.010","0","2","","5","1","0","1.250","112","87","0","8","8","0","","","","","883471005e8746f289188da9c0e0b6b","1.500","Tue, 26 Nov 2024 15:29:38 GMT","","","","1.1","https://www.geaerospace.com/commercial/aircraft-engines/passport","2024-11-30 14:41:35"
"https://wsac.wa.gov/passport/guide","https://wsac.wa.gov/passport/guide","text/html; charset=UTF-8","200","OK","Indexable","","Passport to Careers Guide | WSAC","32","302","","0","0","","0","Passport to Careers Guide","25","","0","Breadcrumb","10","Have you been in foster care? Or were you homeless without a parent or guardian?","80","","","","","https://wsac.wa.gov/passport/guide","","","","","","","120487","21141","1707","277","6.162","50.263","Fairly Hard","9.367","0","1","","2","1","0","1.250","112","109","0","5","4","0","","","","","ebea46857a653f1dbfac1a678ca031af","3.633","","","","","1.1","https://wsac.wa.gov/passport/guide","2024-11-30 14:41:25"
"https://china.usembassy-china.org.cn/passports/","https://china.usembassy-china.org.cn/passports/","text/html","200","OK","Indexable","","Technical Difficulties","22","186","","0","0","","0","","0","","0","","0","","0","","","","","","","","","","","","188871","188871","19","4","4.750","46.172","Hard","0.071","0","1","","0","0","0","0.000","0","0","0","0","0","0","","","","","f6d75e3fa14002354f788553b366d2de","2.936","Thu, 06 Jul 2023 14:51:24 GMT","","","","1.1","https://china.usembassy-china.org.cn/passports/","2024-11-30 14:41:36"
"https://www.maine.gov/dacf/parks/discover_history_explore_nature/activities/passport_program.shtml","https://www.maine.gov/dacf/parks/discover_history_explore_nature/activities/passport_program.shtml","text/html","403","Forbidden","Non-Indexable","Client Error","","0","0","","0","0","","0","","0","","0","","0","","0","","","","","","","","","","","","986","986","0","","","","","0.000","0","4","","0","0","0","0.000","0","0","0","0","0","0","","","","","","1.927","","","","","1.1","https://www.maine.gov/dacf/parks/discover_history_explore_nature/activities/passport_program.shtml","2024-11-30 14:41:26"
"https://www.roc-taiwan.org/ussfo_en/cat/9.html","https://www.roc-taiwan.org/ussfo_en/cat/9.html","text/html; charset=utf-8","200","OK","Indexable","","ROC (Taiwan) Passport - Taipei Economic and Cultural Office in San Francisco 駐舊金山台北經濟文化辦事處","90","957","","0","0","","0","Taipei Economic and Cultural Office in San Francisco","52","","0","ROC (Taiwan) Passport","21","","0","ALL","","","","","","","","","","","18947","6507","136","32","4.250","71.889","Fairly Easy","4.917","0","2","","8","1","0","1.250","20","10","0","3","3","0","","","","","2d77ab084df91faaacc48b56a92a4499","10.911","Fri, 25 Oct 2024 01:18:49 GMT","","","","1.1","https://www.roc-taiwan.org/ussfo_en/cat/9.html","2024-11-30 14:42:11"
"https://flynashville.com/inside-bna/bna-passport","https://flynashville.com/inside-bna/bna-passport","text/html; charset=UTF-8","200","OK","Indexable","","BNA PASSport - Nashville International Airport | BNA","52","462","Discover the BNA PASSport guest pass program—an immersive offering for non-ticketed guests.","91","597","","0","BNA PASSport","12","","0","Frequently Asked Questions","26","","0","index, follow, max-image-preview:large, max-snippet:-1, max-video-preview:-1","","","","https://flynashville.com/inside-bna/bna-passport","","","","","","","275926","39641","2045","282","7.252","62.046","Normal","7.299","0","1","","20","1","0","1.250","152","47","0","35","18","0","","","","","73187c9079ded8bd8584fe2ef8489a67","22.880","Sat, 30 Nov 2024 09:42:18 GMT","","","","1.1","https://flynashville.com/inside-bna/bna-passport","2024-11-30 14:41:59"
"https://iafdb.travel.state.gov/","https://iafdb.travel.state.gov/","text/html; charset=utf-8","200","OK","Indexable","","Where to Apply for a Passport Nationwide","40","369","","0","0","","0","","0","","0","","0","","0","","","","","","","","","","","","10685","10685","138","33","4.182","53.621","Fairly Hard","8.871","0","0","","1","1","0","1.250","6","6","0","0","0","0","","","","","b32a272f5df0aa129753d270801e73f0","5.003","","","","","1.1","https://iafdb.travel.state.gov/","2024-11-30 14:42:36"
"https://www.visitwilmingtonde.com/passport/","https://www.visitwilmingtonde.com/passport/","text/html; charset=utf-8","200","OK","Indexable","","Brandywine Treasure Trail Passport | May 25 - Oct 31, 2024","58","521","Explore 12 attractions in Wilmington and Brandywine Valley with a Treasure Trail Passport! Enjoy it all, from art and history to restaurants and gardens.","153","930","","0","The Perfect Holiday Gift has Arrived! 2025 Brandywine Treasure Trail Passport","77","","0","Experience Holiday Magic in Wilmington & the Brandywine Valley","62","Gift a 2025 Treasure Trail Passport this Holiday Season","55","","","","","https://www.visitwilmingtonde.com/passport/","","","","","","","709419","118291","575","118","4.873","69.766","Normal","0.906","0","1","","22","1","0","1.250","183","113","0","23","11","0","","","","","670791632fdc4a1b2863ec48bd1c04bb","2.115","Sat, 30 Nov 2024 01:41:29 GMT","","","","1.1","https://www.visitwilmingtonde.com/passport/","2024-11-30 14:42:51"
"https://passportstatus.state.gov/","https://passportstatus.state.gov/","","0","Connection Timeout","Non-Indexable","No Response","","0","0","","0","0","","0","","0","","0","","0","","0","","","","","","","","","","","","0","0","0","","","","","0.000","0","0","","5","2","0","2.500","0","0","0","0","0","0","","","","","","","","","","","","https://passportstatus.state.gov/","2024-11-30 14:41:33"
"https://www.nyc.gov/site/mocs/passport/about-passport.page","https://www.nyc.gov/site/mocs/passport/about-passport.page","text/html;charset=UTF-8","200","OK","Indexable","","About PASSPort | MOCS","21","217","PASSPort is the City of New York's digital procurement platform. Register an account for your business/organization to do business with the City.","145","901","","0","About PASSPort","14","","0","","0","","0","","","","","","","","","","","","23160","6888","229","46","4.978","54.379","Fairly Hard","8.510","0","3","","10","1","0","1.250","41","31","0","1","1","0","","","","","d9c63264321202eff2af76ac1b23a248","4.690","","","","","1.1","https://www.nyc.gov/site/mocs/passport/about-passport.page","2024-11-30 14:41:30"
"https://parking.wustl.edu/items/passport-parking-app/","https://parking.wustl.edu/items/passport-parking-app/","text/html; charset=UTF-8","200","OK","Indexable","","Passport Parking | Parking & Transportation | Washington University in St. Louis","80","700","","0","0","","0","Passport Parking","16","","0","DANFORTH CAMPUS","15","MEDICAL CAMPUS","14","max-image-preview:large","","","","https://parking.wustl.edu/items/passport-parking-app/","","","","","","","81087","23803","127","24","5.292","87.554","Easy","2.976","0","2","","3","1","0","1.250","39","31","0","6","5","0","","","","","a0a43c5d909c93b40cfe32cbf6f49a72","4.676","Sat, 30 Nov 2024 09:41:29 GMT","","","","1.1","https://parking.wustl.edu/items/passport-parking-app/","2024-11-30 14:41:28"
"https://travel.state.gov/content/travel/en/passports/need-passport.html","https://travel.state.gov/content/travel/en/passports/need-passport.html","text/html;charset=utf-8","200","OK","Indexable","","Get a Passport Homepage","23","232","","0","0","","0","U.S. Passports","14","English","7","","0","","0","","","","","","","","","","","","56500","9943","604","213","2.836","84.200","Easy","5.702","0","4","","7","2","0","2.500","95","37","0","15","9","0","","","","","9b078f059761030d6e86c48c5b990f41","1.281","Sat, 30 Nov 2024 09:43:00 GMT","","","","1.1","https://travel.state.gov/content/travel/en/passports/need-passport.html","2024-11-30 14:43:00"
"https://www.wada-ama.org/en/athlete-biological-passport","https://www.wada-ama.org/en/athlete-biological-passport","text/html; charset=UTF-8","200","OK","Indexable","","Athlete Biological Passport | World Anti Doping Agency","54","485","The fundamental principle of the Athlete Biological Passport","60","373","Athlete Biological Passport","27","Athlete Biological Passport","27","","0","Secondary menu","14","Main navigation","15","","","","","https://www.wada-ama.org/en/athlete-biological-passport","","","","","","","81283","13508","419","61","6.869","44.191","Hard","9.740","0","1","","3","1","0","1.250","135","117","0","5","5","0","","","","","f23b69b6c859525991deff85f73b57ca","2.666","","","","","1.1","https://www.wada-ama.org/en/athlete-biological-passport","2024-11-30 14:41:57"
"https://laravel.com/docs/11.x/passport","https://laravel.com/docs/11.x/passport","text/html; charset=UTF-8","200","OK","Indexable","","Laravel Passport - Laravel 11.x - The PHP Framework For Web Artisans","68","623","Laravel is a PHP web application framework with expressive, elegant syntax. We’ve already laid the foundation — freeing you to create without sweating the small things.","168","1040","","0","Laravel Passport","16","","0","Prologue","8","Getting Started","15","","","","","https://laravel.com/docs/11.x/passport","","","","","","","289443","31351","7492","1470","5.097","78.059","Fairly Easy","18.902","0","2","","127","1","0","1.250","372","110","0","40","37","0","","","","","a75e7fedf47b14248251cfda2fa79328","0.594","Fri, 29 Nov 2024 22:51:49 GMT","","","","1.1","https://laravel.com/docs/11.x/passport","2024-11-30 14:43:03"
"https://it.usembassy.gov/u-s-citizen-services/passports/","https://it.usembassy.gov/u-s-citizen-services/passports/","text/html","200","OK","Indexable","","Technical Difficulties","22","186","","0","0","","0","","0","","0","","0","","0","","","","","","","","","","","","188871","188871","19","4","4.750","46.172","Hard","0.071","0","2","","0","0","0","0.000","0","0","0","0","0","0","","","","","f6d75e3fa14002354f788553b366d2de","2.246","Thu, 06 Jul 2023 14:51:18 GMT","","","","1.1","https://it.usembassy.gov/u-s-citizen-services/passports/","2024-11-30 14:41:09"
"https://passportcamps.org/","https://passportcamps.org/","text/html; charset=UTF-8","200","OK","Indexable","","Passport | Christian Summer Mission Camps For Youth Groups and Children","71","671","PASSPORT offers ecumenical christian summer camps for children and youth groups and affordable mission trips.","109","709","","0","","0","","0","Come as a church group.","23","Do Meaningful Missions.","23","index, follow, max-image-preview:large, max-snippet:-1, max-video-preview:-1","","","","https://passportcamps.org/","","","","","","","274945","50275","336","86","3.907","67.157","Normal","0.992","0","0","","4","1","0","1.250","56","39","0","10","6","0","","","","","e141a43301d22ea110b49cfa1b69cf81","1.476","Fri, 29 Nov 2024 17:56:12 GMT","","","","1.1","https://passportcamps.org/","2024-11-30 14:42:58"
"https://destateparks.com/Passport","https://destateparks.com/Passport","text/html","403","Forbidden","Non-Indexable","Client Error","","0","0","","0","0","","0","","0","","0","","0","","0","","","","","","","","","","","","919","919","0","","","","","0.000","0","0","","0","0","0","0.000","0","0","0","0","0","0","","","","","","1.873","","","","","1.1","https://destateparks.com/Passport","2024-11-30 14:41:24"
"https://www.henleyglobal.com/passport-index/ranking","https://www.henleyglobal.com/passport-index/ranking","text/html; charset=UTF-8","200","OK","Indexable","","The Official Passport Index Ranking | Henley & Partners","55","487","The Henley Passport Index ranks the strongest and weakest passports globally. Research is conducted by our research department. Explore our ranking.","148","946","","0","","0","","0","Contact us today","16","","0","","","","","https://www.henleyglobal.com/passport-index/ranking","","","","","","","122356","23731","605","141","4.291","71.315","Fairly Easy","13.824","0","1","","2","1","0","1.250","85","43","0","18","10","0","","","","","563fdd54738359b686faac1d5f2cc0cb","19.958","","","","","1.1","https://www.henleyglobal.com/passport-index/ranking","2024-11-30 14:42:02"
"https://www.ncparks.gov/education/passport-program","https://www.ncparks.gov/education/passport-program","text/html; charset=UTF-8","200","OK","Indexable","","Passport Program | NC State Parks","33","308","","0","0","","0","Passport Program","16","","0","Utility Menu","12","About the Passport Program","26","","","","","https://www.ncparks.gov/education/passport-program","","","","","","","108230","108230","1148","190","6.042","84.046","Easy","11.535","0","1","","10","1","0","1.250","115","79","0","23","19","0","","","","","7f1ce56dc6a492c1424dbef0077fd58e","2.975","Sat, 30 Nov 2024 07:17:24 GMT","","","","1.1","https://www.ncparks.gov/education/passport-program","2024-11-30 14:41:47"
"https://skivermont.com/fifth-grade-passport","https://skivermont.com/fifth-grade-passport","text/html; charset=UTF-8","200","OK","Indexable","","Fifth Grade Passport — Ski Vermont","34","315","The Ski Vermont Fifth Grade Passport lets any 5th grader ski up to 90 days for just $35 at participating Vermont ski areas.","123","752","","0","Fifth Grade Passport","20","","0","Apply for the 2024-2025 5th Grade Passport!","43","Passport to Adventure","21","all","","","","https://skivermont.com/fifth-grade-passport","","","","","","","129216","23593","3969","802","4.949","64.329","Normal","21.150","0","0","","3","1","0","1.250","148","83","0","50","38","0","","","","","e8e54f2fa5564e5d8e86233d5092a65e","5.125","","","","","1.1","https://skivermont.com/fifth-grade-passport","2024-11-30 14:42:50"
"https://co.usembassy.gov/passports/","https://co.usembassy.gov/passports/","text/html","200","OK","Indexable","","Technical Difficulties","22","186","","0","0","","0","","0","","0","","0","","0","","","","","","","","","","","","188871","188871","19","4","4.750","46.172","Hard","0.071","0","1","","0","0","0","0.000","0","0","0","0","0","0","","","","","f6d75e3fa14002354f788553b366d2de","4.031","Thu, 06 Jul 2023 14:51:24 GMT","","","","1.1","https://co.usembassy.gov/passports/","2024-11-30 14:41:44"
"https://www.portlandmaine.gov/327/Passport-Parking-App","https://www.portlandmaine.gov/327/Passport-Parking-App","text/html; charset=utf-8","200","OK","Indexable","","Passport Parking App | Portland, ME - Official Website","54","473","Portland, say hello to the most convenient way to pay for parking. Park where you see PassportParking signs and decals, pay for your parking session from your phone and be on your way.","184","1157","","0","Passport Parking App","20","","0","","0","","0","","","","","","","","","","","","268503","53571","28","16","1.750","87.223","Easy","0.161","0","1","","2","1","0","1.250","22","19","0","1","1","0","","","","","9d37806bd4fc4c5baf22b6ba91f9fc36","23.352","","","","","1.1","https://www.portlandmaine.gov/327/Passport-Parking-App","2024-11-30 14:42:24"
"https://salesforcechat.pitt.edu/","https://salesforcechat.pitt.edu/","","302","Found","Non-Indexable","Redirected","","0","0","","0","0","","0","","0","","0","","0","","0","","","","","","","","","","","","0","0","0","","","","","0.000","0","0","","0","0","0","0.000","0","0","0","0","0","0","","","","","","1.851","","https://salesforcechat.pitt.edu/my.policy","HTTP Redirect","","1.1","https://salesforcechat.pitt.edu/","2024-11-30 14:42:56"
"https://kingcounty.gov/en/court/district-court/courts-jails-legal-system/passports","https://kingcounty.gov/en/court/district-court/courts-jails-legal-system/passports","text/html; charset=utf-8","200","OK","Indexable","","Passports - King County, Washington","35","327","","0","0","Courts, jails, and legal system, Court services and resources","61","Passports","9","","0","Global Navigation","17","Passport requirements","21","","","","","https://kingcounty.gov/en/court/district-court/courts-jails-legal-system/passports","","","","","","","47674","14911","1249","268","4.660","71.174","Fairly Easy","16.769","0","4","","2","1","0","1.250","125","91","0","18","13","0","","","","","72c5c7b3b3bee3979fd86bb580e5a798","10.257","","","","","1.1","https://kingcounty.gov/en/court/district-court/courts-jails-legal-system/passports","2024-11-30 14:40:46"
"https://cancersurvivor.passportforcare.org/","https://cancersurvivor.passportforcare.org/","text/html; charset=utf-8","302","Found","Non-Indexable","Redirected","","0","0","","0","0","","0","","0","","0","","0","","0","","","","","","","","","","","","0","0","0","","","","","0.000","0","0","","0","0","0","0.000","0","0","0","0","0","0","","","","","","7.236","","https://cancersurvivor.passportforcare.org/en/","HTTP Redirect","","1.1","https://cancersurvivor.passportforcare.org/","2024-11-30 14:41:51"
"https://ua.usembassy.gov/u-s-citizen-services/passports/replacing-a-limited-validity-passport/","https://ua.usembassy.gov/u-s-citizen-services/passports/replacing-a-limited-validity-passport/","text/html","200","OK","Indexable","","Technical Difficulties","22","186","","0","0","","0","","0","","0","","0","","0","","","","","","","","","","","","188871","188871","19","4","4.750","46.172","Hard","0.071","0","3","","0","0","0","0.000","0","0","0","0","0","0","","","","","f6d75e3fa14002354f788553b366d2de","3.140","Thu, 06 Jul 2023 14:51:18 GMT","","","","1.1","https://ua.usembassy.gov/u-s-citizen-services/passports/replacing-a-limited-validity-passport/","2024-11-30 14:42:48"
"https://mx.usembassy.gov/passports/","https://mx.usembassy.gov/passports/","text/html","200","OK","Indexable","","Technical Difficulties","22","186","","0","0","","0","","0","","0","","0","","0","","","","","","","","","","","","188871","188871","19","4","4.750","46.172","Hard","0.071","0","1","","0","0","0","0.000","0","0","0","0","0","0","","","","","f6d75e3fa14002354f788553b366d2de","1.992","Thu, 06 Jul 2023 14:51:24 GMT","","","","1.1","https://mx.usembassy.gov/passports/","2024-11-30 14:41:58"
"https://passport.cityofnewyork.us/page.aspx/en/rfp/request_browse_public","https://passport.cityofnewyork.us/page.aspx/en/rfp/request_browse_public","text/html; charset=utf-8","200","OK","Non-Indexable","Redirected","Browse Public RFx: PASSPort","27","261","","0","0","","0","Contrast Settings","17","Browse Public RFx","17","Filters","7","","0","","","","0; URL=/page.aspx/en/usr/login?noscript_redirect=1","","","","","","","","200661","36990","1402","457","3.068","81.105","Easy","4.795","0","3","","2","1","0","1.250","19","18","0","0","0","0","","","","","dd4a557619dc33510a5de54de5bc67ab","2.401","","https://passport.cityofnewyork.us/page.aspx/en/usr/login?noscript_redirect=1","Meta Refresh Redirect","","1.1","https://passport.cityofnewyork.us/page.aspx/en/rfp/request_browse_public","2024-11-30 14:41:06"
"https://aging.ohio.gov/care-and-living/get-help/home-and-community-care/passport-1","https://aging.ohio.gov/care-and-living/get-help/home-and-community-care/passport-1","text/html","404","Not Found","Non-Indexable","Client Error","","0","0","","0","0","","0","","0","","0","","0","","0","","","","","","","","","","","","5278","5278","0","","","","","0.000","0","3","","1","1","0","1.250","0","0","0","0","0","0","","","","","","4.571","Thu, 17 Aug 2023 15:34:12 GMT","","","","1.1","https://aging.ohio.gov/care-and-living/get-help/home-and-community-care/passport-1","2024-11-30 14:40:46"
"https://help.pbs.org/support/solutions/articles/5000692392-what-is-pbs-passport-","https://help.pbs.org/support/solutions/articles/5000692392-what-is-pbs-passport-","text/html; charset=utf-8","200","OK","Indexable","","What is PBS Passport? : PBS Help","32","298","","0","0","passport, what is, benefit, member","34","What is PBS Passport?","21","","0","Can't find what you're looking for?","35","","0","","","","","https://help.pbs.org/support/solutions/articles/5000692392-what-is-pbs-passport-","","","","","","","30969","10968","382","55","6.945","66.906","Normal","7.569","0","3","","0","0","0","0.000","23","22","0","1","1","0","","","","","64a65f54f16b566d7a8dea8bc6ec1742","8.397","","","","","1.1","https://help.pbs.org/support/solutions/articles/5000692392-what-is-pbs-passport-","2024-11-30 14:41:38"
"https://www.sfmta.com/getting-around/muni/fares","https://www.sfmta.com/getting-around/muni/fares","text/html; charset=UTF-8","200","OK","Indexable","","Fares | SFMTA","13","129","With multiple ways of paying, buying your Muni bus, rail or cable car tickets is easy. Clipper®: Use your Clipper card on all Bay Area transit systems, including Muni. To pay for your trip, tag your Clipper card or Clipper mobile on the ticket readers inside Muni buses and at Muni Metro fare gates.","299","1805","","0","Fares","5","","0","Quick Links","11","More in this section","20","noarchive","","","","https://www.sfmta.com/getting-around/muni/fares","","","","","","","85033","17003","856","202","4.238","66.739","Normal","8.875","0","2","","6","1","0","1.250","132","99","0","13","13","0","","","","","1c0ad445575624bcd6f8f4b08d770dcf","0.602","Sat, 30 Nov 2024 08:55:55 GMT","","","","1.1","https://www.sfmta.com/getting-around/muni/fares","2024-11-30 14:43:01"
"https://mytravel.state.gov/s/","https://mytravel.state.gov/s/","text/html; charset=UTF-8","403","Forbidden","Non-Indexable","Client Error","","0","0","","0","0","","0","","0","","0","","0","","0","","","","","","","","","","","","0","0","0","","","","","0.000","0","1","","0","0","0","0.000","0","0","0","0","0","0","","","","","","1.818","","","","","1.1","https://mytravel.state.gov/s/","2024-11-30 14:42:23"
"https://passport.polk.edu/","https://passport.polk.edu/","text/html; charset=iso-8859-1","302","Found","Non-Indexable","Redirected","","0","0","","0","0","","0","","0","","0","","0","","0","","","","","","","","","","","","217","217","0","","","","","0.000","0","0","","0","0","0","0.000","0","0","0","0","0","0","","","","","","4.242","","https://passport.polk.edu/Genesis","HTTP Redirect","","1.1","https://passport.polk.edu/","2024-11-30 14:42:44"
"https://www.passportinc.com/","https://www.passportinc.com/","text/html; charset=UTF-8","200","OK","Indexable","","Curb Management Platform for Parking and Enforcement","52","505","The only end-to-end, parking compliance platform for managing mobile pay parking, digital enforcement and permitting, and payments.","131","833","","0","","0","Experience the Power of Passport’s Platform","43","One Parking Compliance Platform To Manage Your Curb","51","Awards & Recognition","20","index, follow, max-image-preview:large, max-snippet:-1, max-video-preview:-1","","","","https://www.passportinc.com/","","","","","","","133042","20494","759","165","4.600","47.345","Hard","6.446","0","0","","6","2","0","2.500","147","64","0","13","9","0","","","","","c0101021ce34afc7a96de0c5f969b2ce","3.230","","","","","1.1","https://www.passportinc.com/","2024-11-30 14:41:05"
"https://mzv.gov.cz/jnp/en/information_for_aliens/supporting_documents_overview/passport.html","https://mzv.gov.cz/jnp/en/information_for_aliens/supporting_documents_overview/passport.html","text/html;charset=utf-8","200","OK","Indexable","","Passport | Ministry of Foreign Affairs of the Czech Republic","60","520","","0","0","","0","Ministry of Foreign Affairs of the Czech Republic","49","Passport","8","Language","8","Search","6","","","","","","","","","","","","20896","6239","468","81","5.778","83.109","Easy","13.711","0","4","","7","1","0","1.250","58","37","0","12","10","0","","","","","5f14c5815525476384d4d12e1145d945","11.546","Thu, 07 Nov 2024 13:49:42 GMT","","","","1.1","https://mzv.gov.cz/jnp/en/information_for_aliens/supporting_documents_overview/passport.html","2024-11-30 14:40:57"
"https://www.watchguard.com/wgrd-products/watchguard-passport","https://www.watchguard.com/wgrd-products/watchguard-passport","text/html; charset=UTF-8","200","OK","Indexable","","WatchGuard Passport | Cloud Security for Remote Workers","55","518","WatchGuard Passport gives your employees the security they need to work freely from the office, at home or on the go. Try it free today.","136","839","","0","","0","","0","Passport","8","Prefer to Talk to Someone?","26","","","","","https://www.watchguard.com/wgrd-products/watchguard-passport","","","","","","","184351","79982","769","212","3.627","73.558","Fairly Easy","3.234","0","1","","1","1","0","1.250","189","139","0","7","6","0","","","","","bfc34049b3e1996abc50cb7f7787e27c","2.565","Sat, 30 Nov 2024 09:43:00 GMT","","","","1.1","https://www.watchguard.com/wgrd-products/watchguard-passport","2024-11-30 14:42:59"
"https://studyabroad.unt.edu/passport-office/index.html","https://studyabroad.unt.edu/passport-office/index.html","text/html; charset=UTF-8","200","OK","Indexable","","UNT Passport Office |  University of North Texas","48","417","","0","0","","0","UNT Passport Office","19","","0","","0","","0","","","","","https://studyabroad.unt.edu/passport-office/index.html","","","","","","","38919","38919","331","98","3.378","84.813","Easy","6.813","0","1","","4","1","0","1.250","40","23","0","8","8","0","","","","","272ea95e8cc74100d1c18c469f9df70f","14.028","","","","","1.1","https://studyabroad.unt.edu/passport-office/index.html","2024-11-30 14:40:56"
"https://www.co.wadena.mn.us/214/Passport-Acceptance-Facility","https://www.co.wadena.mn.us/214/Passport-Acceptance-Facility","text/html; charset=utf-8","200","OK","Indexable","","Passport Acceptance Facility | Wadena County, MN - Official Website","67","607","Access contact information for the Passport Acceptance Facility.","64","404","","0","Passport Acceptance Facility","28","","0","","0","","0","","","","","","","","","","","","146003","34859","322","93","3.462","67.225","Normal","3.735","0","1","","25","1","0","1.250","188","157","0","22","20","0","","","","","76d6abb14f3cfa2c1622249d2144a7da","7.526","","","","","1.1","https://www.co.wadena.mn.us/214/Passport-Acceptance-Facility","2024-11-30 14:42:35"
"https://www.coaaa.org/cms/services/need-help-staying-at-home/passport","https://www.coaaa.org/cms/services/need-help-staying-at-home/passport","text/html; charset=utf-8","200","OK","Indexable","","PASSPORT","8","101","COAAA","5","47","","0","","0","","0","PASSPORT","8","Overview","8","","","","","","","","","","","","32569","8910","343","75","4.573","74.183","Fairly Easy","10.326","0","3","","2","1","0","1.250","86","72","0","7","7","0","","","","","db3979329992fbd08991c50ef87e8e25","2.112","Sat, 30 Nov 2024 09:40:56 GMT","","","","1.1","https://www.coaaa.org/cms/services/need-help-staying-at-home/passport","2024-11-30 14:40:55"
"https://a0333-passportpublic.nyc.gov/","https://a0333-passportpublic.nyc.gov/","text/html","200","OK","Indexable","","PASSPort Public","15","147","","0","0","","0","","0","","0","","0","","0","","","","","","","","","","","","37353","8923","1273","211","6.033","57.164","Fairly Hard","23.754","0","0","","1","1","0","1.250","22","20","0","1","1","0","","","","","f34ba828c0a7e4882bcb68338f6b069a","1.023","Mon, 09 Oct 2023 09:21:15 GMT","","","","1.1","https://a0333-passportpublic.nyc.gov/","2024-11-30 14:43:02"
"https://ru.usembassy.gov/u-s-citizen-services/passports/photos/","https://ru.usembassy.gov/u-s-citizen-services/passports/photos/","text/html","200","OK","Indexable","","Technical Difficulties","22","186","","0","0","","0","","0","","0","","0","","0","","","","","","","","","","","","188871","188871","19","4","4.750","46.172","Hard","0.071","0","3","","0","0","0","0.000","0","0","0","0","0","0","","","","","f6d75e3fa14002354f788553b366d2de","1.302","Thu, 06 Jul 2023 14:51:18 GMT","","","","1.1","https://ru.usembassy.gov/u-s-citizen-services/passports/photos/","2024-11-30 14:43:00"
"https://www.doi.gov/intl/oia-passport-and-visa-division","https://www.doi.gov/intl/oia-passport-and-visa-division","text/html; charset=UTF-8","200","OK","Indexable","","OIA Passport and Visa Division | U.S. Department of the Interior","64","555","The Passport and Visa Division of the DOI Office of International Affairs (INT) assists DOI employees (except Bureau of Reclamation and USGS employees) in obtaining the official passports and visas required to undertake official international travel for the Department of the Interior.Additionally, in conformance with Department of State policy and guidance, the INT Passport and","380","2340","","0","OIA Passport and Visa Division","30","","0","Breadcrumb","10","In This Section","15","index, follow","","","","https://www.doi.gov/intl/oia-passport-and-visa-division","","","","","","","66293","12528","1098","174","6.310","65.825","Normal","12.861","0","1","","4","1","0","1.250","67","54","0","41","27","0","","","","","da98271dfc1141983be7b2d7ab7d7d9f","2.422","Fri, 29 Nov 2024 19:57:19 GMT","","","","1.1","https://www.doi.gov/intl/oia-passport-and-visa-division","2024-11-30 14:41:37"
"https://github.com/jaredhanson/passport","https://github.com/jaredhanson/passport","text/html; charset=utf-8","200","OK","Indexable","","GitHub - jaredhanson/passport: Simple, unobtrusive authentication for Node.js.","78","696","Simple, unobtrusive authentication for Node.js. Contribute to jaredhanson/passport development by creating an account on GitHub.","128","817","","0","Search code, repositories, users, issues, pull requests...","58","Provide feedback","16","Navigation Menu","15","Use saved searches to filter your results more quickly","54","","","","","https://github.com/jaredhanson/passport","","","","","","","420981","67528","1293","338","3.825","67.121","Normal","3.079","0","1","","24","2","0","2.500","211","131","0","31","26","0","","","","","dfc81709b26027a4593cabf65b796ef2","0.820","","","","","1.1","https://github.com/jaredhanson/passport","2024-11-30 14:41:22"
"https://www.psrc.org/our-work/passport-2044-comprehensive-plan-workshop-series","https://www.psrc.org/our-work/passport-2044-comprehensive-plan-workshop-series","text/html; charset=UTF-8","200","OK","Indexable","","Passport to 2044: Comprehensive Plan Workshop Series | Puget Sound Regional Council","83","781","The Puget Sound Regional Council hosted fifteen online workshops to support the comprehensive periodic plan updates. These events were produced in collaboration with the Washington State Department of Commerce, the Municipal Research and Services Center (MRSC), and many other partners across the state.","303","1958","","0","Passport to 2044: Comprehensive Plan Workshop Series","52","","0","Header menu","11","Main navigation","15","","","","","https://www.psrc.org/our-work/passport-2044-comprehensive-plan-workshop-series","","","","","","","79650","11746","313","69","4.536","56.816","Fairly Hard","7.036","0","1","","8","1","0","1.250","192","77","0","13","8","0","","","","","30e370769e3a066ecb786a0e16fb78b9","4.318","Fri, 29 Nov 2024 05:03:26 GMT","","","","1.1","https://www.psrc.org/our-work/passport-2044-comprehensive-plan-workshop-series","2024-11-30 14:42:44"
"https://es.usembassy.gov/adult-passport-renewal/","https://es.usembassy.gov/adult-passport-renewal/","text/html","200","OK","Indexable","","Technical Difficulties","22","186","","0","0","","0","","0","","0","","0","","0","","","","","","","","","","","","188871","188871","19","4","4.750","46.172","Hard","0.071","0","1","","0","0","0","0.000","0","0","0","0","0","0","","","","","f6d75e3fa14002354f788553b366d2de","1.422","Thu, 06 Jul 2023 14:51:24 GMT","","","","1.1","https://es.usembassy.gov/adult-passport-renewal/","2024-11-30 14:41:22"
"https://www.onemedicalpassport.com/","https://www.onemedicalpassport.com/","text/html","403","Forbidden","Non-Indexable","Client Error","","0","0","","0","0","","0","","0","","0","","0","","0","","","","","","","","","","","","118","118","0","","","","","0.000","0","0","","0","0","0","0.000","0","0","0","0","0","0","","","","","","1.930","","","","","1.1","https://www.onemedicalpassport.com/","2024-11-30 14:42:48"
"https://www.ppprk.com/park/","https://www.ppprk.com/park/","text/html","403","Forbidden","Non-Indexable","Client Error","","0","0","","0","0","","0","","0","","0","","0","","0","","","","","","","","","","","","118","118","0","","","","","0.000","0","1","","0","0","0","0.000","0","0","0","0","0","0","","","","","","8.033","","","","","1.1","https://www.ppprk.com/park/","2024-11-30 14:42:23"
"https://disneyland.disney.go.com/passes/","https://disneyland.disney.go.com/passes/","text/html; charset=utf-8","200","OK","Indexable","","Magic Key Passes | Disneyland Resort","36","334","Get your Disneyland Magic Key pass now to unlock exclusive reservation-based admission opportunities, discounts, and experiences tailored just for you!","151","948","magic key pass, disney pass, disney annual pass, magic key annual pass, new magic key pass, new magic key annual pass, magic key passes","135","Annual Passports*","17","Magic Key Passes","16","Inspire Key Pass","16","Believe Key Pass","16","","","","","https://disneyland.disney.go.com/passes/","","","","","","","104869","25278","3228","420","7.686","65.294","Normal","18.658","0","1","","2","1","0","1.250","44","18","0","0","0","0","","","","","24618884927ac79144c279c606115c00","2.669","","","","","1.1","https://disneyland.disney.go.com/passes/","2024-11-30 14:41:59"
"https://eforms.state.gov/Forms/ds11_pdf.PDF","https://eforms.state.gov/Forms/ds11_pdf.PDF","application/pdf","200","OK","Indexable","","","0","0","","0","0","","0","","0","","0","","0","","0","","","","","","","","","","","","1890693","1890693","0","","","","","0.000","0","1","","1","1","0","1.250","0","0","0","0","0","0","","","","","","3.540","Tue, 19 Sep 2023 16:55:47 GMT","","","","1.1","https://eforms.state.gov/Forms/ds11_pdf.PDF","2024-11-30 14:41:08"
"https://www.passportparking.com/","https://www.passportparking.com/","text/html; charset=UTF-8","200","OK","Indexable","","Passport Parking App - Park. Pay. Be on Your Way. ©","51","465","What does the next revolution in parking look like? The Passport Parking app. Pay, extend and manage your parking session from your mobile phone. It's easy!","156","979","","0","","0","","0","Park. Pay. Be on your way.®","27","Let's Get You Parked.","21","index, follow, max-image-preview:large, max-snippet:-1, max-video-preview:-1","","","","https://www.passportparking.com/","","","","","","","40741","9169","383","89","4.303","82.746","Easy","5.953","0","0","","11","2","0","2.500","17","6","0","13","7","0","","","","","1fd3f514594112a39307a352125e48c6","1.350","","","","","1.1","https://www.passportparking.com/","2024-11-30 14:41:34"
"https://www.defensetravel.dod.mil/Passport","https://www.defensetravel.dod.mil/Passport","text/html; charset=iso-8859-1","301","Moved Permanently","Non-Indexable","Redirected","","0","0","","0","0","","0","","0","","0","","0","","0","","","","","","","","","","","","261","261","0","","","","","0.000","0","0","","0","0","0","0.000","0","0","0","0","0","0","","","","","","2.264","","https://www.defensetravel.dod.mil/neoaccess/login.php","HTTP Redirect","","1.1","https://www.defensetravel.dod.mil/Passport","2024-11-30 14:43:03"
"https://en.chateauversailles.fr/plan-your-visit/tickets-and-prices","https://en.chateauversailles.fr/plan-your-visit/tickets-and-prices","text/html; charset=utf-8","200","OK","Indexable","","Tickets and prices | Palace of Versailles","41","348","Book online on the official ticketing website. Save time and book your access to the palace with a time slot.","109","663","","0","Tickets and prices","18","","0","Back to","7","Subscribe to our newsletter","27","","","","","https://en.chateauversailles.fr/plan-your-visit/tickets-and-prices","","","","","","","197452","33706","3343","570","5.865","83.763","Easy","12.213","0","1","","24","1","0","1.250","324","119","0","19","14","0","","","","","3b2d1585bf995a1eee6e589bab14c2e2","4.731","","","","","1.1","https://en.chateauversailles.fr/plan-your-visit/tickets-and-prices","2024-11-30 14:40:46"
"https://www.jupiter.fl.us/1951/Passport-to-Jupiter","https://www.jupiter.fl.us/1951/Passport-to-Jupiter","text/html; charset=utf-8","200","OK","Indexable","","Passport to Jupiter | Jupiter, FL - Official Website","52","431","","0","0","","0","Passport to Jupiter","19","Florida Municipal Achievement Awards Winner image","49","Passport to Jupiter Wins Prestigious Florida League of Cities Award","67","The Passport is available in two forms, a booklet and an app for your mobile device.","84","","","","","","","","","","","","129881","32588","310","66","4.697","54.427","Fairly Hard","3.575","0","1","","22","1","0","1.250","140","105","0","17","10","0","","","","","ea61ce4938f35a1ebd206e457ca13e6f","28.312","","","","","1.1","https://www.jupiter.fl.us/1951/Passport-to-Jupiter","2024-11-30 14:41:54"
"https://www.uscis.gov/i-9-central/form-i-9-acceptable-documents","https://www.uscis.gov/i-9-central/form-i-9-acceptable-documents","text/html; charset=UTF-8","200","OK","Indexable","","Form I-9 Acceptable Documents | USCIS","37","355","Employees must provide documentation to their employers to show their identity and authorization to work.","105","666","","0","Form I-9 Acceptable Documents","29","","0","Topics","6","Forms","5","","","","","https://www.uscis.gov/i-9-central/form-i-9-acceptable-documents","","","","","","","133191","22262","1911","324","5.898","60.158","Normal","12.817","0","1","","12","1","0","1.250","189","159","0","15","12","0","","","","","ad4c843666f564d315844a7842b7ac9b","1.314","Sat, 30 Nov 2024 09:33:40 GMT","","","","1.1","https://www.uscis.gov/i-9-central/form-i-9-acceptable-documents","2024-11-30 14:42:58"
"https://www.cbp.gov/travel/us-citizens/mobile-passport-control","https://www.cbp.gov/travel/us-citizens/mobile-passport-control","text/html; charset=UTF-8","200","OK","Indexable","","Mobile Passport Control (MPC) | U.S. Customs and Border Protection","66","609","","0","0","Travel","6","Mobile Passport Control (MPC)","29","","0","Eligible Travelers","18","The CBP Mobile Passport Control App","35","","","","","https://www.cbp.gov/travel/us-citizens/mobile-passport-control","","","","","","","125479","20081","1487","269","5.528","57.626","Fairly Hard","10.793","0","2","","6","1","0","1.250","238","183","0","15","14","0","","","","","fdbd75ababde353d78178e5adbac41be","1.309","Sat, 30 Nov 2024 08:53:34 GMT","","","","1.1","https://www.cbp.gov/travel/us-citizens/mobile-passport-control","2024-11-30 14:42:22"
"https://www.passportjs.org/","https://www.passportjs.org/","text/html; charset=UTF-8","200","OK","Indexable","","Passport.js","11","99","Simple, unobtrusive authentication for Node.js","46","287","","0","","0","","0","Simple, unobtrusive authentication for Node.js","46","SEARCH FOR STRATEGIES","21","","","","","https://www.passportjs.org/","","","","","","","8320","8320","65","19","3.421","19.846","Very Hard","7.001","0","0","","2","1","0","1.250","11","8","0","5","5","0","","","","","cfb161708d955458f59f1657f44e5c3b","2.619","Fri, 16 Aug 2024 22:14:17 GMT","","","","1.1","https://www.passportjs.org/","2024-11-30 14:41:57"
"https://uy.usembassy.gov/passports/","https://uy.usembassy.gov/passports/","text/html","200","OK","Indexable","","Technical Difficulties","22","186","","0","0","","0","","0","","0","","0","","0","","","","","","","","","","","","188871","188871","19","4","4.750","46.172","Hard","0.071","0","1","","0","0","0","0.000","0","0","0","0","0","0","","","","","f6d75e3fa14002354f788553b366d2de","3.134","Thu, 06 Jul 2023 14:51:24 GMT","","","","1.1","https://uy.usembassy.gov/passports/","2024-11-30 14:41:47"
"https://www.tulare.ca.gov/government/departments/community-services/tulare-public-library/services/passports","https://www.tulare.ca.gov/government/departments/community-services/tulare-public-library/services/passports","text/html; charset=utf-8","200","OK","Indexable","","Get a Passport | City of Tulare","31","261","","0","0","","0","City of Tulare","14","","0","SERVICE FINDER X","16","FIND A SERVICE","14","","","","","","","","","","","","131435","26796","1082","267","4.052","85.908","Easy","7.624","0","5","","7","1","0","1.250","191","165","0","1","1","0","","","","","d6ed897de9b0c3c4c643ad11eef8ca37","5.215","Fri, 29 Nov 2024 19:32:20 GMT","","","","1.1","https://www.tulare.ca.gov/government/departments/community-services/tulare-public-library/services/passports","2024-11-30 14:42:34"
"https://id.usembassy.gov/passports/","https://id.usembassy.gov/passports/","text/html","200","OK","Indexable","","Technical Difficulties","22","186","","0","0","","0","","0","","0","","0","","0","","","","","","","","","","","","188871","188871","19","4","4.750","46.172","Hard","0.071","0","1","","0","0","0","0.000","0","0","0","0","0","0","","","","","f6d75e3fa14002354f788553b366d2de","2.359","Thu, 06 Jul 2023 14:51:24 GMT","","","","1.1","https://id.usembassy.gov/passports/","2024-11-30 14:42:32"
"https://www.tsa.gov/travel/security-screening/identification","https://www.tsa.gov/travel/security-screening/identification","text/html; charset=UTF-8","200","OK","Indexable","","Acceptable Identification at the TSA Checkpoint | Transportation Security Administration","88","783","Adult passengers 18 and older must show valid identification at the airport checkpoint in order to travel.","106","643","","0","Acceptable Identification at the TSA Checkpoint","47","","0","Travel","6","Travel","6","","","","","https://www.tsa.gov/travel/security-screening/identification","","","","","","","59732","12828","619","102","6.069","61.407","Normal","9.529","0","2","","4","2","0","2.500","121","55","0","20","16","0","","","","","3ee157f4e47cc5ebd44b3bba83ca5907","1.306","Wed, 27 Nov 2024 20:26:44 GMT","","","","1.1","https://www.tsa.gov/travel/security-screening/identification","2024-11-30 14:41:22"
"https://www.usps.com/international/passports.htm","https://www.usps.com/international/passports.htm","text/html","200","OK","Indexable","","Passport Application & Passport Renewal | USPS","46","429","Learn how to apply for or renew a passport and make an appointment. You can rely on USPS for information about the passport application & passport renewal process.","163","1039","Passport, Application, Renewal, Appointment, Travel, International, USPS Tracking","81","Passports","9","","0","English Use arrow key to access related widget.","47","First-Time Passports","20","","","","","","","","","","","","133370","28740","2248","410","5.483","70.757","Fairly Easy","12.619","0","1","","42","1","0","1.250","212","126","0","41","29","0","","","","","cd82576ea28a31549c30f5da912905a1","1.664","","","","","1.1","https://www.usps.com/international/passports.htm","2024-11-30 14:41:03"
"https://www.dubuquecountyiowa.gov/249/Passport-Applications","https://www.dubuquecountyiowa.gov/249/Passport-Applications","text/html; charset=utf-8","200","OK","Indexable","","Passport Applications | Dubuque County, IA","42","385","Learn about the items needed to obtain a passport.","50","317","","0","Passport Applications","21","","0","Forms","5","Items Needed for Passport Application","37","","","","","","","","","","","","88747","25444","245","91","2.692","67.706","Normal","2.232","0","1","","2","1","0","1.250","38","28","0","13","11","0","","","","","63e4c676e7afba5b5bc5ace985eadaa4","1.808","","","","","1.1","https://www.dubuquecountyiowa.gov/249/Passport-Applications","2024-11-30 14:43:01"
"https://wildlife.ca.gov/Fishing/Passport","https://wildlife.ca.gov/Fishing/Passport","text/html; charset=utf-8","200","OK","Indexable","","California Fishing Passport","27","238","The Department of Fish and Wildlife manages California's diverse fish, wildlife, and plant resources, and the habitats upon which they depend, for their ecological values and for their use and enjoyment by the public.","217","1324","","0","California Fishing Passport","27","","0","Go Fishing!","11","About CDFW","10","INDEX, FOLLOW","","","","","","","","","","","44509","44509","791","157","5.038","71.345","Fairly Easy","10.854","0","1","","8","1","0","1.250","113","78","0","5","5","0","","","","","6340011e691e2bd8b5d4505a07f957b","30.561","","","","","1.1","https://wildlife.ca.gov/Fishing/Passport","2024-11-30 14:40:56"
"https://passportshipping.com/","https://passportshipping.com/","text/html; charset=UTF-8","200","OK","Indexable","","Home - Passport Shipping","24","230","","0","0","","0","Your Passport to international growth","37","","0","Helping today’s top ecommerce brands boost online sales and reach their global potential with a seamless end-to-end experience.","127","Unlock a world of revenue possibilities","39","index, follow, max-image-preview:large, max-snippet:-1, max-video-preview:-1","","","","https://passportshipping.com/","","","","","","","283816","43263","942","182","5.176","56.630","Fairly Hard","2.493","0","0","","2","1","0","1.250","86","38","0","4","2","0","","","","","21b6e353023ce0022477b6b9c6e52b05","1.452","","","","","1.1","https://passportshipping.com/","2024-11-30 14:42:35"
"https://www.dnr.state.mn.us/state_parks/clubs.html","https://www.dnr.state.mn.us/state_parks/clubs.html","text/html; charset=UTF-8","403","Forbidden","Non-Indexable","Client Error","","0","0","","0","0","","0","","0","","0","","0","","0","","","","","","","","","","","","0","0","0","","","","","0.000","0","1","","0","0","0","0.000","0","0","0","0","0","0","","","","","","0.735","","","","","1.1","https://www.dnr.state.mn.us/state_parks/clubs.html","2024-11-30 14:42:47"
"https://parks.nv.gov/passport","https://parks.nv.gov/passport","text/html; charset=UTF-8","200","OK","Indexable","","Take the Nevada State Parks Passport Challenge! | State Parks","61","553","Take the Passport Challenge! The Passport Program was designed to challenge and encourage Nevada residents and visitors to experience the diverse natural, cultural and recreational resources that span all of Nevada's state parks.","229","1435","Nevada, State, Parks","20","Passport","8","","0","Explore Parks","13","Fort Churchill","14","","","","","https://parks.nv.gov/passport","","","","","","","33911","6667","732","107","6.841","87.091","Easy","26.172","0","0","","13","1","0","1.250","200","159","0","9","5","0","","","","","64a4f2bf66e8f71db50d74889974c5b9","3.990","Sat, 30 Nov 2024 09:42:33 GMT","","","","1.1","https://parks.nv.gov/passport","2024-11-30 14:42:31"
"https://pptform.state.gov/","https://pptform.state.gov/","text/html; charset=utf-8","302","Found","Non-Indexable","Redirected","","0","0","","0","0","","0","","0","","0","","0","","0","","","","","","","","","","","","0","0","0","","","","","0.000","0","0","","0","0","0","0.000","0","0","0","0","0","0","","","","","","3.960","","https://pptform.state.gov/?AspxAutoDetectCookieSupport=1","HTTP Redirect","","1.1","https://pptform.state.gov/","2024-11-30 14:42:52"
"https://www.molinahealthcare.com/members/ky/en-us/Pages/home.aspx","https://www.molinahealthcare.com/members/ky/en-us/Pages/home.aspx","text/html","403","Forbidden","Non-Indexable","Client Error","","0","0","","0","0","","0","","0","","0","","0","","0","","","","","","","","","","","","378","378","0","","","","","0.000","0","4","","0","0","0","0.000","0","0","0","0","0","0","","","","","","1.864","","","","","1.1","https://www.molinahealthcare.com/members/ky/en-us/Pages/home.aspx","2024-11-30 14:41:13"
"https://www.usa.gov/passport","https://www.usa.gov/passport","text/html","200","OK","Indexable","","U.S. passports | USAGov","23","215","Find out how to apply for or renew a passport for an adult or a minor under 18. Know what to do if a passport is lost or stolen.","128","775","","0","Welcome to USA.gov","18","U.S. passports","14","Apply for a new adult passport","30","Renew an adult passport","23","","","","","https://www.usa.gov/passport","","","","","","","42593","9961","266","54","4.926","79.070","Fairly Easy","7.034","0","0","","4","1","0","1.250","51","31","0","10","10","0","","","","","1bbfbd1268e9856cc9d7d9dc888f8515","5.670","Fri, 29 Nov 2024 22:01:50 GMT","","","","1.1","https://www.usa.gov/passport","2024-11-30 14:41:14"
"https://odus.princeton.edu/student-engagement/odus-arts/passport-arts","https://odus.princeton.edu/student-engagement/odus-arts/passport-arts","text/html; charset=UTF-8","200","OK","Indexable","","Passport to the Performing Arts | The Office of the Dean of Undergraduate Students","82","737","","0","0","","0","The Office of the Dean of Undergraduate Students","48","Passport to the Performing Arts","31","Main Menu","9","Search","6","","","","","https://odus.princeton.edu/student-engagement/odus-arts/passport-arts","","","","","","","63528","10086","352","56","6.286","59.135","Fairly Hard","8.248","0","2","","2","1","0","1.250","111","95","0","4","4","0","","","","","9308461ca75b62800d12d6e0abb3ce38","1.460","Sat, 30 Nov 2024 00:22:47 GMT","","","","1.1","https://odus.princeton.edu/student-engagement/odus-arts/passport-arts","2024-11-30 14:41:21"
"https://www.canada.ca/en/immigration-refugees-citizenship/services/canadian-passports.html","https://www.canada.ca/en/immigration-refugees-citizenship/services/canadian-passports.html","text/html;charset=utf-8","200","OK","Indexable","","Canadian passports and other travel documents: Applying in Canada - Canada.ca","77","715","Learn how to apply for a Canadian passport or other travel documents, find forms, get passport services, report a lost or stolen passport, get urgent passport services and more.","177","1089","passport, Canada, apply, renew, travel document, refugee travel document, certificate of identity, certified true copy, name change, gender identifier, special passport, diplomatic passport, lost passport, stolen passport, passport fraud, passport photo, forms, official travel, child safety, system lookout, processing times, urgent, urgent passport","350","Canadian passports and other travel documents: Applying in Canada","65","","0","Language selection","18","Search","6","","","","","https://www.canada.ca/en/immigration-refugees-citizenship/services/canadian-passports.html","","","","","","","40252","11866","613","97","6.320","61.445","Normal","11.881","0","3","","2","1","0","1.250","77","60","0","10","9","0","","","","","4387db83d056b8b320e2ffe712eef63e","3.596","Sat, 30 Nov 2024 04:10:37 GMT","","","","1.1","https://www.canada.ca/en/immigration-refugees-citizenship/services/canadian-passports.html","2024-11-30 14:40:51"
"https://www.michigan.gov/dnr/buy-and-apply/rec-pp","https://www.michigan.gov/dnr/buy-and-apply/rec-pp","text/html; charset=utf-8","200","OK","Indexable","","Recreation Passport","19","179","The Recreation Passport is required for motorized vehicle access to state parks and recreation areas and state-managed boating access sites, state forest campgrounds, thousands of miles of trails and other outdoor spaces.","221","1386","regulation, fee, passport, license","34","Recreation Passport","19","Recreation Passport","19","How to use your passport","24","How the funds are used","22","","","","","https://www.michigan.gov/dnr/buy-and-apply/rec-pp","","","","","","","438580","38238","4106","940","4.368","65.611","Normal","6.047","0","2","","73","1","0","1.250","679","250","0","28","19","0","","","","","c1140f251259274c8bb85c84baf279ba","4.255","","","","","1.1","https://www.michigan.gov/dnr/buy-and-apply/rec-pp","2024-11-30 14:42:49"
"https://www.co.kendall.tx.us/182/Passport","https://www.co.kendall.tx.us/182/Passport","text/html; charset=utf-8","200","OK","Indexable","","Passport | Kendall County, TX","29","261","Learn more about the Passport on this page.","43","276","","0","Passport","8","","0","Apply for Your Passport in Boerne!","34","Applications","12","","","","","","","","","","","","92456","26937","659","128","5.148","72.334","Fairly Easy","5.159","0","1","","3","1","0","1.250","51","45","0","8","5","0","","","","","ce3bfd7fda27e15f52bebbce208a9173","4.245","","","","","1.1","https://www.co.kendall.tx.us/182/Passport","2024-11-30 14:41:09"
"https://shop.sandisk.com/products/ssd/portable-ssd/wd-my-passport-usb-3-2-ssd","https://shop.sandisk.com/products/ssd/portable-ssd/wd-my-passport-usb-3-2-ssd","text/html; charset=UTF-8","200","OK","Indexable","","500GB Blue My Passport SSD | SanDisk","36","347","Save, access and protect your content with My Passport SSD, giving you read speeds of up to 1050MB/s and write speeds of up to 1000MB/s2 with NVMe technology. Now compatible with iPhone 15 Plus/Pro/Max smartphones. Free up space fast and easy.","243","1593","","0","Model Number: {{currentSku}} My Passport SSD - {{getUnEscapedHTMLContent(variantTagData)}}","90","My Passport SSD","15","{{promotion.info.promoTitle}}","29","{{promotion.info.promoTitle}}","29","","","","","https://shop.sandisk.com/products/ssd/portable-ssd/wd-my-passport-usb-3-2-ssd","","","","","","","3987572","381301","18546","10905","1.701","0.000","Very Hard","7.506","0","3","","30","1","0","1.250","230","120","0","74","26","0","","","","","b13279c7a6d85e72a55ec1aa3b98e5","2.642","Wed, 27 Nov 2024 16:30:28 GMT","","","","1.1","https://shop.sandisk.com/products/ssd/portable-ssd/wd-my-passport-usb-3-2-ssd","2024-11-30 14:42:24"
"https://www.pbs.org/explore/passport/","https://www.pbs.org/explore/passport/","text/html; charset=utf-8","307","Temporary Redirect","Non-Indexable","Redirected","","0","0","","0","0","","0","","0","","0","","0","","0","","","","","","","","","","","","0","0","0","","","","","0.000","0","2","","0","0","0","0.000","0","0","0","0","0","0","","","","","","1.791","","https://www.pbs.org/","HTTP Redirect","","1.1","https://www.pbs.org/explore/passport/","2024-11-30 14:42:59"
"https://americasnationalparks.org/passport-to-your-national-parks/","https://americasnationalparks.org/passport-to-your-national-parks/","text/html; charset=UTF-8","200","OK","Indexable","","Passport To Your National Parks - America's National Parks","58","522","","0","0","","0","Passport To Your National Parks","31","","0","Put your stamp on every national park experience","48","Shop Now & Support Our National Parks","37","index, follow, max-image-preview:large, max-snippet:-1, max-video-preview:-1","","","","https://americasnationalparks.org/passport-to-your-national-parks/","","","","","","","232701","49014","525","93","5.645","63.650","Normal","1.922","0","1","","2","1","0","1.250","36","25","0","5","5","0","","","","","83dbe3d2f37e225f5bd9cbe75ea13aad","9.044","","","","","1.1","https://americasnationalparks.org/passport-to-your-national-parks/","2024-11-30 14:40:54"
"https://www.state.gov/x-gender-marker-available-on-u-s-passports-starting-april-11/","https://www.state.gov/x-gender-marker-available-on-u-s-passports-starting-april-11/","text/html","200","OK","Indexable","","Technical Difficulties","22","186","","0","0","","0","","0","","0","","0","","0","","","","","","","","","","","","188871","188871","19","4","4.750","46.172","Hard","0.071","0","1","","0","0","0","0.000","0","0","0","0","0","0","","","","","f6d75e3fa14002354f788553b366d2de","1.495","Thu, 06 Jul 2023 14:50:35 GMT","","","","1.1","https://www.state.gov/x-gender-marker-available-on-u-s-passports-starting-april-11/","2024-11-30 14:43:00"
"https://www.wolterskluwer.com/en/solutions/enterprise-legal-management/passport","https://www.wolterskluwer.com/en/solutions/enterprise-legal-management/passport","text/html; charset=utf-8","200","OK","Indexable","","Legal Spend and Matter Management | Passport Software | Wolters Kluwer","70","659","Our legal and spend management software, Passport, helps streamline workflows & reduce legal spend for corporate legal & insurance claims teams.","144","921","","0","Passport | Legal Spend and Matter Management","44","","0","Drive extraordinary performance in the new world of legal with Passport®","72","","0","","","","","https://www.wolterskluwer.com/en/solutions/enterprise-legal-management/passport","","","","","","","177053","22989","985","229","4.301","51.907","Fairly Hard","8.264","0","3","","7","1","0","1.250","199","150","0","9","9","0","","","","","6433d99c58a7f69a71f9c5d0b7b671f6","2.309","","","","","1.1","https://www.wolterskluwer.com/en/solutions/enterprise-legal-management/passport","2024-11-30 14:42:41"
"https://www.astc.org/membership/find-an-astc-member/passport/","https://www.astc.org/membership/find-an-astc-member/passport/","text/html; charset=UTF-8","200","OK","Indexable","","ASTC Passport Program - Association of Science and Technology Centers","69","654","","0","0","","0","ASTC Passport Program","21","","0","","0","","0","index, follow, max-image-preview:large, max-snippet:-1, max-video-preview:-1","","","","https://www.astc.org/membership/find-an-astc-member/passport/","","","","","","","258385","45797","590","93","6.344","57.723","Fairly Hard","3.657","0","3","","13","1","0","1.250","233","94","0","9","8","0","","","","","53605fd7dcbbe9cd2dc7510977059f5d","1.619","Thu, 28 Nov 2024 12:55:14 GMT","","","","1.1","https://www.astc.org/membership/find-an-astc-member/passport/","2024-11-30 14:41:24"
"https://www.sandiegocounty.gov/content/sdc/cob/passport.html","https://www.sandiegocounty.gov/content/sdc/cob/passport.html","text/html;charset=utf-8","200","OK","Indexable","","Apply for a passport","20","177","Learn how to apply for a U.S. passport or passport card through the County of San Diego. Make an appointment. See fees and application process.","143","906","","0","Apply for a passport","20","","0","County Offices to Close for Thanksgiving","40","New passport","12","","","","","https://www.sandiegocounty.gov/content/sdc/cob/passport.html","","","","","","","70526","14429","2028","457","4.438","69.507","Normal","17.519","0","3","","10","1","0","1.250","230","171","0","52","44","0","","","","","fcccc3709f4a083a78947f2b7c827f19","2.549","Thu, 28 Nov 2024 02:11:54 GMT","","","","1.1","https://www.sandiegocounty.gov/content/sdc/cob/passport.html","2024-11-30 14:41:26"
"https://uk.usembassy.gov/u-s-citizen-services/u-s-passports/","https://uk.usembassy.gov/u-s-citizen-services/u-s-passports/","text/html","200","OK","Indexable","","Technical Difficulties","22","186","","0","0","","0","","0","","0","","0","","0","","","","","","","","","","","","188871","188871","19","4","4.750","46.172","Hard","0.071","0","2","","0","0","0","0.000","0","0","0","0","0","0","","","","","f6d75e3fa14002354f788553b366d2de","4.885","Thu, 06 Jul 2023 14:51:18 GMT","","","","1.1","https://uk.usembassy.gov/u-s-citizen-services/u-s-passports/","2024-11-30 14:41:12"
"https://nl.usembassy.gov/passports/","https://nl.usembassy.gov/passports/","text/html","200","OK","Indexable","","Technical Difficulties","22","186","","0","0","","0","","0","","0","","0","","0","","","","","","","","","","","","188871","188871","19","4","4.750","46.172","Hard","0.071","0","1","","0","0","0","0.000","0","0","0","0","0","0","","","","","f6d75e3fa14002354f788553b366d2de","3.160","Thu, 06 Jul 2023 14:51:24 GMT","","","","1.1","https://nl.usembassy.gov/passports/","2024-11-30 14:41:29"
