"Original Url","Address","Content Type","Status Code","Status","Indexability","Indexability Status","Title 1","Title 1 Length","Title 1 Pixel Width","Meta Description 1","Meta Description 1 Length","Meta Description 1 Pixel Width","Meta Description 2","Meta Description 2 Length","Meta Description 2 Pixel Width","Meta Keywords 1","Meta Keywords 1 Length","H1-1","H1-1 Length","H1-2","H1-2 Length","H2-1","H2-1 Length","H2-2","H2-2 Length","Meta Robots 1","Meta Robots 2","X-Robots-Tag 1","Meta Refresh 1","Canonical Link Element 1","rel=""next"" 1","rel=""prev"" 1","HTTP rel=""next"" 1","HTTP rel=""prev"" 1","amphtml Link Element","Size (bytes)","Transferred (bytes)","Word Count","Sentence Count","Average Words Per Sentence","Flesch Reading Ease Score","Readability","Text Ratio","Crawl Depth","Folder Depth","Link Score","Inlinks","Unique Inlinks","Unique JS Inlinks","% of Total","Outlinks","Unique Outlinks","Unique JS Outlinks","External Outlinks","Unique External Outlinks","Unique External JS Outlinks","Closest Similarity Match","No. Near Duplicates","Spelling Errors","Grammar Errors","Hash","Response Time","Last Modified","Redirect URL","Redirect Type","Cookies","HTTP Version","URL Encoded Address","Crawl Timestamp"
"https://www.britannica.com/sports/skydiving","https://www.britannica.com/sports/skydiving","text/html;charset=UTF-8","200","OK","Indexable","","Skydiving | History, Types, & Facts | Britannica","48","403","Skydiving, use of a parachute—for either recreational or competitive purposes—to slow a diver’s descent to the ground after jumping from an airplane or other high place. The sport traces its beginnings to the descents made from a hot-air balloon by the French aeronaut André-Jacques Garnerin in","294","1828","","0","0","skydiving, encyclopedia, encyclopeadia, britannica, article","59","skydiving","9","","0","Skydiving aerodynamics","22","Competitive skydiving","21","","","","","https://www.britannica.com/sports/skydiving","","","","","","87005","20836","1531","290","5.279","62.558","Normal","11.421","0","1","","7","1","0","1.110","139","88","0","10","10","0","","","","","286b5179a3552ba0c1a58965717c8e93","1.496","","","","","1.1","https://www.britannica.com/sports/skydiving","2024-11-30 14:45:47"
"https://skydivekeywest.com/blog/does-skydiving-change-your-life/","https://skydivekeywest.com/blog/does-skydiving-change-your-life/","text/html; charset=UTF-8","200","OK","Indexable","","Does Skydiving Change Your Life? | Skydive Key West","51","470","Sure, it's fun and exciting, but does skydiving change your life too? This first-person account shows that it just might!","121","723","","0","0","","0","Does Skydiving Change Your Life? Here’s How It Changed Mine.","60","","0","Skydiving","9","How Skydiving Changed My Life","29","index, follow, max-image-preview:large, max-snippet:-1, max-video-preview:-1","","","","https://skydivekeywest.com/blog/does-skydiving-change-your-life/","","","","","","97777","21764","2464","362","6.807","72.786","Fairly Easy","16.541","0","2","","2","1","0","1.110","69","35","0","18","11","0","","","","","3e0d935dfc4508269e6eb0b511c02268","2.894","","","","","1.1","https://skydivekeywest.com/blog/does-skydiving-change-your-life/","2024-11-30 14:46:20"
"https://www.santacruz-skydiving.com/","https://www.santacruz-skydiving.com/","text/html;charset=utf-8","200","OK","Indexable","","Skydive Santa Cruz I Closest Skydiving to San Francisco","55","494","Skydive Santa Cruz is the ultimate California skydiving experience. The closest tandem skydiving near San Francisco and San Jose with ocean views.","146","921","","0","0","Skydive Santa Cruz","18","The closest skydiving to San Francisco","38","","0","OCEAN VIEW SKYDIVING","20","SKYDIVE SANTA CRUZ","18","","","","","https://www.santacruz-skydiving.com/","","","","","","185979","43118","1225","188","6.516","65.690","Normal","4.325","0","0","","3","1","0","1.110","46","18","0","28","10","0","","","","","f0125eebebe36ad77ee3dd726aee6a7d","1.293","","","","","1.1","https://www.santacruz-skydiving.com/","2024-11-30 14:45:56"
"https://skydivesouthtexas.com/","https://skydivesouthtexas.com/","text/html;charset=utf-8","200","OK","Indexable","","Skydiving in Port Aransas - Skydive South Texas on Mustang Island","65","591","Texas' Resort Quality Skydiving Destination","43","267","","0","0","","0","TANDEM SKYDIVE OVER MUSTANG ISLAND","34","","0","Only $255!","10","Contact Us","10","","","","","","","","","","","118501","19352","313","85","3.682","77.143","Fairly Easy","1.843","0","0","","6","1","0","1.110","26","7","0","10","8","0","","","","","1c5ed4604f984799c8119c5c5a82ff8","0.588","","","","","1.1","https://skydivesouthtexas.com/","2024-11-30 14:46:09"
"https://www.tripadvisor.com/ShowUserReviews-g55125-d3354635-r217447516-Chattanooga_Skydiving_Company-Jasper_Tennessee.html","https://www.tripadvisor.com/ShowUserReviews-g55125-d3354635-r217447516-Chattanooga_Skydiving_Company-Jasper_Tennessee.html","text/html;charset=utf-8","403","Forbidden","Non-Indexable","Client Error","","0","0","","0","0","","0","0","","0","","0","","0","","0","","0","","","","","","","","","","","725","725","0","","","","","0.000","0","0","","0","0","0","0.000","0","0","0","0","0","0","","","","","","0.490","","","","","1.1","https://www.tripadvisor.com/ShowUserReviews-g55125-d3354635-r217447516-Chattanooga_Skydiving_Company-Jasper_Tennessee.html","2024-11-30 14:46:19"
"https://phoenixskydivecenter.com/","https://phoenixskydivecenter.com/","text/html; charset=UTF-8","200","OK","Indexable","","Tandem Skydiving Phoenix Skydive Center in Arizona","50","469","Tandem Skydiving Phoenix Skydive Center in Arizona! We are a member in good standing of the United States Parachute Association.","128","825","","0","0","","0","Tandem Skydiving Phoenix","24","","0","Tandem Skydiving Phoenix Prices","31","Safety is Our #1 Priority at Phoenix skydiving","46","index, follow, max-image-preview:large, max-snippet:-1, max-video-preview:-1","","","","https://phoenixskydivecenter.com/","","","","","","202965","39633","1079","180","5.994","74.674","Fairly Easy","3.322","0","0","","3","1","0","1.110","31","13","0","16","10","0","","","","","82474274ba35d802e9e6b46abe24e6db","1.660","","","","","1.1","https://phoenixskydivecenter.com/","2024-11-30 14:46:18"
"https://www.reddit.com/r/SkyDiving/","https://www.reddit.com/r/SkyDiving/","text/html; charset=utf-8","302","Found","Non-Indexable","Redirected","","0","0","","0","0","","0","0","","0","","0","","0","","0","","0","","","","","","","","","","","405","405","0","","","","","0.000","0","2","","0","0","0","0.000","0","0","0","0","0","0","","","","","","0.490","","https://www.reddit.com/r/SkyDiving/?rdt=49611","HTTP Redirect","","1.1","https://www.reddit.com/r/SkyDiving/","2024-11-30 14:45:53"
"https://www.uspa.org/discover/faqs/safety","https://www.uspa.org/discover/faqs/safety","text/html; charset=utf-8","200","OK","Indexable","","United States Parachute Association > First-Time & Student Skydivers > How Safe is Skydiving?","93","838","Explore meticulously researched data and industry trends to gain insights into the safety of skydiving.","103","629","","0","0","Skydive, Skydiving, Parachute, Parachuting, United States Parachute Association, USPA, Skydivers, parachute jump, licenses, skydiving license, ratings, skydiving instructor ratings, competition, membership, drop zone, dropzone, drop zones, dropzones, Skydiving Education, Skydive School, SkydiveSchool","301","How safe is skydiving?","22","","0","Skydiving Statistics","20","Equipment Safety","16","INDEX, FOLLOW","","","","","","","","","","91791","19778","1158","366","3.164","79.281","Fairly Easy","7.466","0","2","","3","1","0","1.110","98","78","0","11","10","0","","","","","6c115b4c3ca03497b4c685d41b0605da","1.289","","","","","1.1","https://www.uspa.org/discover/faqs/safety","2024-11-30 14:46:10"
"https://www.threepennyreview.com/skydive/","https://www.threepennyreview.com/skydive/","text/html; charset=UTF-8","200","OK","Indexable","","Skydive – The Threepenny Review","31","303","","0","0","","0","0","","0","Blog","4","","0","Skydive","7","Fall 2011","9","max-image-preview:large","","","","https://www.threepennyreview.com/skydive/","","","","","","87173","22555","1654","245","6.751","85.052","Easy","11.276","0","1","","4","1","0","1.110","52","15","0","0","0","0","","","","","4a13b7617b0603cf83fa655cca8293b3","4.456","","","","","1.1","https://www.threepennyreview.com/skydive/","2024-11-30 14:45:48"
"https://www.skydivecrosskeys.com/","https://www.skydivecrosskeys.com/","text/html; charset=UTF-8","200","OK","Indexable","","Skydive Cross Keys | Best Skydiving in New Jersey & Philadelphia","64","574","Skydive Cross Keys is a world class skydiving in New Jersey close to Philadelphia. Tandem parachute jumps, solo parachuting, & skydiving training all year round!","161","999","","0","0","","0","World Class Skydiving in NJ Near Philadelphia","45","","0","New Jersey’s Top Skydiving Destination","38","Meet Your Skydiving Team","24","max-image-preview:large","","","","https://www.skydivecrosskeys.com/","","","","","","658536","105951","1312","271","4.841","72.506","Fairly Easy","1.464","0","0","","23","1","0","1.110","82","23","0","48","42","0","","","","","69fe4f1022d3ed19b642e3b02a6f31d1","3.482","","","","","1.1","https://www.skydivecrosskeys.com/","2024-11-30 14:45:56"
"https://www.skydivekingair.com/","https://www.skydivekingair.com/","text/html; charset=UTF-8","200","OK","Indexable","","Home - West Tennessee Skydiving","31","305","West Tennessee Skydiving (WTS): Mike Mullins Skydiving for adrenaline sport seekers!","84","537","","0","0","Skydive Memphis, Skydiving Instruction, Skydiving Jackson, Skydive Tennessee, Skydiving Nashville, Skydive Arkansas, Skydive Instruction, Skydiving Missouri, Skydive Alabama, Skydive Missouri, Skydiving Kentucky, Skydiving Instruction, Skydive Jackson, Skydiving Memphis, Skydive Nashville, Skydiving Tennessee, Skydive Kentucky, Skydiving Arkansas, Skydiving Instruction, Skydive Alabama, Skydiving Memphis, Skydive Instruction, skydive Memphis, Tennessee, Arkansas, skydive, skydiving, skydivers, freefall, jump, tandem, Mississippi, Missouri, Kentucky, Alabama, Memphis, king air, kingair, parachute, parachuting, altitude, recreation, sport, sport jumping, AFF, aff, boogie, puke, TN, AR, MI, MO, KY, AL","707","","0","","0","Testimonials & Reviews","22","Welcome to West Tennessee Skydiving Home of Mike Mullins' Super King Air","72","ALL","","","","","","","","","","14524","3310","247","49","5.041","92.800","Very Easy","9.322","0","0","","0","0","0","0.000","26","17","0","1","1","0","","","","","b024382fc3316378a01af6efa1a16c46","1.657","","","","","1.1","https://www.skydivekingair.com/","2024-11-30 14:46:04"
"https://www.skydivehawaii.com/","https://www.skydivehawaii.com/","text/html","200","OK","Indexable","","","0","0","Skydive Hawaii is Hawaii's longest running skydiving operation. It is also focused entirely on tandem skydiving. You can order tickets on this site.","148","897","","0","0","Skydive, Hawaii, Skydive Hawaii, Tandem Skydive, Skydiving, Dropzone, Skydiving, Tandem Skydiving, Oahu, family owned, North Shore, Parachute, Parachuting, Airport, Jump, Skyjumping, Adventure, Reservations, Travel, things to do, Kauai, Pacific, Extreme, Sky, Dive, Hawaii Skydive, Honolulu, Ocean, Beach, Surf, Whales, Safety, Safe, Skydiving Hawaii, Waikiki, Aloha, surf, diving","380","Locally Owned And Operated Since 1984","37","","0","About Us","8","Why people choose Skydive Hawaii.","33","","","","","","","","","","","45038","11269","1424","235","6.060","75.745","Fairly Easy","19.075","0","0","","9","1","0","1.110","43","28","0","7","6","0","","","","","626f5dd5f552ac2ff2c3b17e07a728aa","1.068","Sat, 02 Nov 2024 19:43:47 GMT","","","","1.1","https://www.skydivehawaii.com/","2024-11-30 14:46:23"
"https://oklahomaskydiving.com/blog/meet-osc-owner-andy-beck/","https://oklahomaskydiving.com/blog/meet-osc-owner-andy-beck/","text/html; charset=UTF-8","200","OK","Indexable","","Meet Andy Beck: Owner of OSC | Oklahoma Skydiving","49","471","Andy and Alyssa are passionate about building a welcoming, safety-focused dropzone where students can learn and have fun.","121","781","","0","0","","0","Meet Andy Beck: Owner of OSC","28","","0","Monday, February 26, 2018","25","Stay Connected","14","index, follow, max-image-preview:large, max-snippet:-1, max-video-preview:-1","","","","https://oklahomaskydiving.com/blog/meet-osc-owner-andy-beck/","","","","","","94332","21577","2095","370","5.662","87.453","Easy","12.136","0","2","","7","1","0","1.110","126","38","0","14","8","0","","","","","4d1e7d119b00939ddbc6aa71ee64e900","1.773","","","","","1.1","https://oklahomaskydiving.com/blog/meet-osc-owner-andy-beck/","2024-11-30 14:46:07"
"https://www.falconskydiving.com/","https://www.falconskydiving.com/","text/html;charset=utf-8","200","OK","Indexable","","Home | Falcon Skydiving | Kansas City, MO","41","375","The staff at Falcon Skydiving are professional, full-time tandem instructors. Skydiving is their full-time occupation.  We do this with safety being our number one concern.","172","1043","","0","0","Falcon Skydiving, tandem skydiving, tandem skydiving training, skydiving near me, skydiving near Kansas City","108","","0","","0","YOUR SKYDIVING ADVENTURE STARTS HERE","36","TANDEM SKYDIVE JUMP TICKET SALE","31","","","","","https://www.falconskydiving.com/","","","","","","149136","34773","682","139","4.906","88.476","Easy","2.898","0","0","","5","1","0","1.110","26","12","0","10","6","0","","","","","f7745397f71c7139e1479cbe90612619","1.027","","","","","1.1","https://www.falconskydiving.com/","2024-11-30 14:46:07"
"https://www.chattanoogaskydivingcompany.com/","https://www.chattanoogaskydivingcompany.com/","text/html; charset=UTF-8","200","OK","Indexable","","Chattanooga Skydiving Company | Skydiving Tennessee Near Atlanta, GA","68","645","Join us for skydiving Tennessee at our premier tandem skydiving center! Providing expert skydiving instruction to the Chattanooga, Nashville, Knoxville & Atlanta area.","167","1027","","0","0","","0","THE BEST GIFT EVER LEARN TO SKYDIVE OR TANDEM SKYDIVE PACKAGES","62","","0","SKYDIVING GIFT CERTIFICATES","27","Chattanooga Skydiving Company","29","index, follow, max-image-preview:large, max-snippet:-1, max-video-preview:-1","","","","https://www.chattanoogaskydivingcompany.com/","","","","","","90655","20020","1161","261","4.448","68.825","Normal","7.676","0","0","","7","1","0","1.110","104","32","0","13","8","0","","","","","d6e9bcc7c47f694d8110e423203307f4","2.361","","","","","1.1","https://www.chattanoogaskydivingcompany.com/","2024-11-30 14:46:26"
"https://startskydiving.com/","https://startskydiving.com/","text/html; charset=UTF-8","200","OK","Indexable","","Start Skydiving | Skydiving Ohio near Cincinnati & Dayton","57","499","Go Skydiving in Ohio with Start Skydiving! Located in Middletown, OH – between Dayton and Cincinnati - we offer world-class tandem skydiving, fun jumping, & AFF training.","170","1062","","0","0","","0","Think Dream Fly!","16","","0","Skydiving Prices & Discounts","28","Get In The Know.","16","index, follow, max-image-preview:large, max-snippet:-1, max-video-preview:-1","","","","https://startskydiving.com/","","","","","","134836","19497","947","223","4.247","79.332","Fairly Easy","5.091","0","0","","5","1","0","1.110","148","61","0","18","10","0","","","","","8c30c2d9f4c878d8642689c209ccb84","0.650","Fri, 29 Nov 2024 10:52:22 GMT","","","","1.1","https://startskydiving.com/","2024-11-30 14:45:44"
"https://pubmed.ncbi.nlm.nih.gov/33257175/","https://pubmed.ncbi.nlm.nih.gov/33257175/","text/html; charset=iso-8859-1","302","Found","Non-Indexable","Redirected","","0","0","","0","0","","0","0","","0","","0","","0","","0","","0","","","","","","","","","","","233","233","0","","","","","0.000","0","1","","0","0","0","0.000","0","0","0","0","0","0","","","","","","0.359","","https://misuse.ncbi.nlm.nih.gov/error/abuse.shtml","HTTP Redirect","","1.1","https://pubmed.ncbi.nlm.nih.gov/33257175/","2024-11-30 14:46:03"
"https://www.beaufortnc.org/events/page/isc-2024-fai-world-skydiving-championships","https://www.beaufortnc.org/events/page/isc-2024-fai-world-skydiving-championships","text/html; charset=UTF-8","403","Forbidden","Non-Indexable","Client Error","","0","0","","0","0","","0","0","","0","","0","","0","","0","","0","","","","","","","","","","","0","0","0","","","","","0.000","0","2","","0","0","0","0.000","0","0","0","0","0","0","","","","","","1.039","","","","","1.1","https://www.beaufortnc.org/events/page/isc-2024-fai-world-skydiving-championships","2024-11-30 14:45:48"
"https://skydivedeland.com/","https://skydivedeland.com/","text/html; charset=UTF-8","200","OK","Indexable","","Skydive DeLand | Skydiving Orlando & Daytona Beach, FL","54","501","Welcome to Skydive DeLand, Florida's premier dropzone since 1982! Offering tandem skydiving, AFF training, and sport skydiving near Orlando & Daytona Beach.","156","993","","0","0","","0","Are You Ready to Fly?","21","","0","Jump. Fly. Repeat.","18","Welcome to Skydive DeLand","25","index, follow, max-image-preview:large, max-snippet:-1, max-video-preview:-1","","","","https://skydivedeland.com/","","","","","","82615","20251","730","174","4.195","83.557","Easy","5.020","0","0","","6","2","0","2.220","79","25","0","14","7","0","","","","","6ff321a7d3f6324b5f5828425d0ed0d6","0.937","","","","","1.1","https://skydivedeland.com/","2024-11-30 14:45:55"
"https://www.linkedin.com/pulse/leadership-lessons-learned-from-competitive-skydiving-patrick-dunphy","https://www.linkedin.com/pulse/leadership-lessons-learned-from-competitive-skydiving-patrick-dunphy","text/html; charset=utf-8","200","OK","Indexable","","Leadership Lessons Learned from Competitive Skydiving","53","501","By Patrick Dunphy Our experiences define our perspectives and give us a lens through which we view the world. They influence our actions and behaviors.","151","953","","0","0","","0","Leadership Lessons Learned from Competitive Skydiving","53","","0","More articles by this author","28","Insights from the community","27","max-image-preview:large, noarchive","","","","https://www.linkedin.com/pulse/leadership-lessons-learned-from-competitive-skydiving-patrick-dunphy","","","","","","146835","22804","1978","343","5.767","73.269","Fairly Easy","8.940","0","1","","1","1","0","1.110","82","81","0","2","2","0","","","","","d6928661411e169396fa26e5cbdb04a2","1.305","","","","","1.1","https://www.linkedin.com/pulse/leadership-lessons-learned-from-competitive-skydiving-patrick-dunphy","2024-11-30 14:46:04"
"https://www.skydivecsc.com/blog/know-your-skydiving-wind-limit","https://www.skydivecsc.com/blog/know-your-skydiving-wind-limit","text/html; charset=UTF-8","200","OK","Indexable","","What is your skydiving wind limit? Are you sure?","48","421","A lesson on getting - and using - weather conditions information to make good decisions about when to skydive.","110","697","","0","0","","0","What is your skydiving wind limit? Are you sure?","48","","0","Game time decisions","19","The ride of shame?","18","","","","","https://www.skydivecsc.com/blog/know-your-skydiving-wind-limit","","","","","","112474","21715","1767","316","5.592","91.519","Very Easy","9.282","0","1","","9","1","0","1.110","142","88","0","42","34","0","","","","","fe483fbe783853de21514628752921a5","1.197","Thu, 28 Nov 2024 13:13:53 GMT","","","","1.1","https://www.skydivecsc.com/blog/know-your-skydiving-wind-limit","2024-11-30 14:45:51"
"https://www.skydivecarolina.com/blog/why-skydiving-is-a-spiritual-experience/","https://www.skydivecarolina.com/blog/why-skydiving-is-a-spiritual-experience/","text/html; charset=UTF-8","200","OK","Indexable","","Why Skydiving Is A Spiritual Experience | Skydive Carolina","58","506","Many people, regardless of their beliefs, have described skydiving as a spiritual experience. Here's why we think skydiving is such a sacred adventure.","151","924","","0","0","","0","Why People Say Skydiving Is Like A Spiritual Experience","55","","0","Friday, September 1, 2017","25","Stay Connected","14","index, follow, max-image-preview:large, max-snippet:-1, max-video-preview:-1","","","","https://www.skydivecarolina.com/blog/why-skydiving-is-a-spiritual-experience/","","","","","","102049","23570","1085","205","5.293","84.504","Easy","6.874","0","2","","2","1","0","1.110","129","41","0","25","13","0","","","","","1624abfb8dc2c68e17afeaaf81032c5f","2.677","","","","","1.1","https://www.skydivecarolina.com/blog/why-skydiving-is-a-spiritual-experience/","2024-11-30 14:45:57"
"https://skydivefrontroyal.com/","https://skydivefrontroyal.com/","text/html; charset=UTF-8","200","OK","Indexable","","The Best Skydiving Experience in Northern Virginia | Skydive Front Royal","72","633","The best tandem skydiving in Northern Virginia! Enjoy stunning panorama views skydiving above the Shenandoah Valley and the Shenandoah River!","141","911","","0","0","","0","skydive front royal: Your scenic adventure awaits!","50","","0","FAQ","3","Gift Cards","10","index, follow, max-image-preview:large, max-snippet:-1, max-video-preview:-1","","","","https://skydivefrontroyal.com/","","","","","","247762","59527","1060","145","7.310","78.660","Fairly Easy","2.632","0","0","","0","0","0","0.000","15","12","0","8","5","0","","","","","e13de2e830a030eb1e89466477175ae9","3.637","","","","","1.1","https://skydivefrontroyal.com/","2024-11-30 14:46:06"
"https://worldskydivingcenter.com/","https://worldskydivingcenter.com/","text/html; charset=UTF-8","200","OK","Indexable","","Skydive in Jacksonville or Amelia Island - World Skydiving Center","65","570","World Skydiving Center is the #1 choice for skydiving in Northeast FL. 2 Locations with Spectacular Views. Best Price. Beach Jumps Available.","141","881","","0","0","","0","WORLD SKYDIVING CENTER","22","","0","EXPERIENCE THE THRILL!","22","GET IN ON THE ACTION","20","index, follow, max-image-preview:large, max-snippet:-1, max-video-preview:-1","","","","https://worldskydivingcenter.com/","","","","","","206503","40004","589","125","4.712","65.888","Normal","1.999","0","0","","4","1","0","1.110","22","5","0","13","11","0","","","","","d692c74f425922ef6c7d18d33eadff50","1.598","","","","","1.1","https://worldskydivingcenter.com/","2024-11-30 14:46:18"
"https://skydivebaltimore.com/","https://skydivebaltimore.com/","text/html; charset=UTF-8","200","OK","Indexable","","Skydiving Baltimore | The Ultimate 120MPH Adventure!","52","486","| Skydiving Baltimore","21","129","","0","0","","0","The Ultimate 120MPH Adventure!","30","The Ultimate 120MPH Adventure!","30","What to Expect! It's Easy","25","Prices and Packages","19","index,follow","index,follow,max-snippet:-1,max-image-preview:large,max-video-preview:-1","","","https://skydivebaltimore.com/","","","","","","214094","32419","1107","245","4.518","70.572","Fairly Easy","4.393","0","0","","25","1","0","1.110","151","27","0","34","8","0","","","","","f806a66a9354a976f274ca29d695bf51","1.125","","","","","1.1","https://skydivebaltimore.com/","2024-11-30 14:46:02"
"https://skydivechicago.com/","https://skydivechicago.com/","text/html; charset=UTF-8","200","OK","Indexable","","Home - Skydive Chicago","22","214","Skydive Chicago is a skydiving destination, offering professional instruction for both seasoned jumpers and first-timer skydivers.","130","795","","0","0","","0","SKYDIVE CHICAGO","15","","0","First Time Skydiving","20","Facilities","10","index, follow, max-image-preview:large, max-snippet:-1, max-video-preview:-1","","","","https://skydivechicago.com/","","","","","","236965","236965","421","91","4.626","80.363","Easy","1.721","0","0","","5","1","0","1.110","77","20","0","25","14","0","","","","","5a40c3d4c0ba7b76a2795711beff8403","3.034","","","","","1.1","https://skydivechicago.com/","2024-11-30 14:46:24"
"https://houston.skydivespaceland.com/","https://houston.skydivespaceland.com/","text/html; charset=UTF-8","200","OK","Indexable","","Skydive Spaceland: Skydiving training near Houston, Texas","57","519","Get the thrill of a lifetime at Skydive Spaceland-Houston, one of the world’s busiest, most progressive skydiving training centers. Family-owned since 2000.","156","956","","0","0","","0","Skydive Spaceland Houston","25","","0","BLACK FRIDAY SPECIALS!","22","Home: Skydive Spaceland in Houston, Texas","41","index, follow, max-image-preview:large, max-snippet:-1, max-video-preview:-1","","","","https://houston.skydivespaceland.com/","","","","","","162833","39730","332","57","5.825","81.668","Easy","3.394","0","0","","12","4","0","4.440","79","55","0","17","16","0","","","","","4309de8d913f9fb769821005736b9168","1.821","Fri, 29 Nov 2024 13:46:08 GMT","","","","1.1","https://houston.skydivespaceland.com/","2024-11-30 14:45:45"
"https://www.skydiveorange.com/","https://www.skydiveorange.com/","text/html; charset=UTF-8","200","OK","Indexable","","Skydiving in Virginia and Washington DC | Skydive Orange","56","509","Experience the thrill of skydiving in Virginia at Skydive Orange - Virginia's largest center since 1977. Tandem, AFF, & sport skydiving.","136","813","","0","0","","0","VIRGINIA'S #1 SKYDIVING COME FLY WITH US!","41","","0","Skydiving in VA since 1977!","27","We Know! We hate popups too!","28","index, follow, max-image-preview:large, max-snippet:-1, max-video-preview:-1","","","","https://www.skydiveorange.com/","","","","","","67035","15250","612","112","5.464","71.486","Fairly Easy","7.143","0","0","","8","1","0","1.110","91","53","0","21","10","0","","","","","28e42dc041891cfedbfcbeee341fc79","0.820","","","","","1.1","https://www.skydiveorange.com/","2024-11-30 14:45:58"
"https://calvaryga.com/skydiving-with-jesus/","https://calvaryga.com/skydiving-with-jesus/","text/html; charset=UTF-8","200","OK","Indexable","","Skydiving with Jesus | Calvary Baptist Church","45","401","It doesn’t take a lot of courage to skydive from an airplane…it just takes one step. The step between leaving the airplane and leaping into the clear blue sky is the essential step to skydiving. You’ve got to be a little bit crazy to skydive in the first place, but…","266","1566","","0","0","","0","Skydiving with Jesus","20","","0","A place","7","A perspective","13","index, follow, max-snippet:-1, max-image-preview:large, max-video-preview:-1","","","","https://calvaryga.com/skydiving-with-jesus/","","","","","","163344","42280","1277","182","7.016","88.216","Easy","4.428","0","1","","2","1","0","1.110","31","27","0","11","10","0","","","","","cb3c17e886d9b536c1bc4eb3fd32e498","2.918","","","","","1.1","https://calvaryga.com/skydiving-with-jesus/","2024-11-30 14:46:02"
"https://www.skydivesussex.com/","https://www.skydivesussex.com/","text/html; charset=UTF-8","200","OK","Indexable","","Skydive Sussex - NJ's Premier Skydiving Destination!","52","465","Ready to jump from 14,500ft, the highest skydive in the northeast?! Tandem or learn to skydive. Book with Skydive Sussex now for an experience of a lifetime!","157","972","","0","0","skydive, skydiving, nj skydiving, ny skydiving, first time skydiving, skydive long island, tandem skydiving, skydiving license, skydiving certification, oldest skydiver","168","Skydive Sussex","14","","0","Make a tandem skydive with NJ's premier skydiving destination!","62","2024 Holiday Promotion $199 Tandem Skydive $51 off our normal pricing!","70","","","","","","","","","","","177140","24457","233","63","3.698","76.000","Fairly Easy","0.801","0","0","","1","1","0","1.110","38","20","0","9","5","0","","","","","a7f3b737a641217a2e2bca3b5b6cc998","1.303","","","","","1.1","https://www.skydivesussex.com/","2024-11-30 14:46:24"
"https://www.skydiveatlanta.com/","https://www.skydiveatlanta.com/","text/html; charset=UTF-8","200","OK","Indexable","","Skydive Atlanta- Georgia's best tandem skydiving experience for over 30 years","77","686","Go ahead, skydive Georgia! Skydive Atlanta has the best tandem skydiving, up front pricing, Department of Defense certification, an unmatched safety record.","156","970","","0","0","","0","Get Social","10","","0","Tandem","6","Learn To Solo Skydive","21","index, follow, max-image-preview:large, max-snippet:-1, max-video-preview:-1","","","","https://www.skydiveatlanta.com/","","","","","","72409","13491","574","99","5.798","71.250","Fairly Easy","6.443","0","0","","14","1","0","1.110","76","22","0","21","13","0","","","","","73b6e9e010218782dc22534973ad6054","1.446","","","","","1.1","https://www.skydiveatlanta.com/","2024-11-30 14:46:00"
"https://www.skydiveaz.com/","https://www.skydiveaz.com/","text/html; charset=UTF-8","200","OK","Indexable","","Skydive Arizona - Phoenix & Tucson Skydiving Center","51","469","Welcome to Skydive Arizona™. The perfect resort-style oasis for your first skydive or your latest world record attempt. Celebrating 45+ years!","142","866","","0","0","","0","Skydive Arizona","15","","0","Providing a world-class skydiving experience since 1978. Our resort-style skydiving center lies conveniently between Tucson & Phoenix.","134","Welcome to Your Epic Adventure at Skydive Arizona™.","51","follow, index, max-snippet:-1, max-video-preview:-1, max-image-preview:large","","","","https://www.skydiveaz.com/","","","","","","203109","36091","557","105","5.305","70.526","Fairly Easy","3.494","0","0","","13","2","0","2.220","117","38","0","67","25","0","","","","","ab5862cd746bd6852a00959cd40fa25d","1.544","","","","","1.1","https://www.skydiveaz.com/","2024-11-30 14:46:16"
"https://chapter16.org/the-whuffos-guide-to-skydiving/","https://chapter16.org/the-whuffos-guide-to-skydiving/","text/html; charset=UTF-8","200","OK","Indexable","","The Whuffo’s Guide to Skydiving | Chapter 16","44","398","Whuffo: Someone who hasn’t made a skydive (yet), especially a spectator. Supposedly derives from “What for do you jump out of a perfectly good airplane?”—The Whuffo’s Guide to Skydiving When my dad likes a woman, he always invites her over to dinner for Beef Stroganoff, and I have to be there. “It’s better to let","314","1945","","0","0","","0","The Whuffo’s Guide to Skydiving","31","","0","Post navigation","15","Support Chapter 16","18","max-image-preview:large","","","","https://chapter16.org/the-whuffos-guide-to-skydiving/","","","","","","62717","17762","2369","327","7.245","88.241","Easy","21.145","0","1","","5","1","0","1.110","42","36","0","9","6","0","","","","","de5628385574fd797f75161575f4e422","1.916","","","","","1.1","https://chapter16.org/the-whuffos-guide-to-skydiving/","2024-11-30 14:45:57"
"https://parachutist.com/Article/how-skydiving-changed-my-life-28","https://parachutist.com/Article/how-skydiving-changed-my-life-28","text/html; charset=utf-8","200","OK","Indexable","","How Skydiving Changed My Life","29","283","Since I was a child, I have had dreams of flight. In my dreams I would run and jump, and my body would take flight for a few seconds. I would soar...","149","911","","0","0","","0","","0","","0","Find more from this author","26","Read more articles like this","28","INDEX, FOLLOW","","","","","","","","","","54916","20371","973","145","6.710","85.340","Easy","9.844","0","1","","4","1","0","1.110","26","16","0","8","6","0","","","","","be742f9be88d05bf0e2d96773d1d1b35","1.572","","","","","1.1","https://parachutist.com/Article/how-skydiving-changed-my-life-28","2024-11-30 14:46:01"
"https://www.skydiveindianapolis.com/","https://www.skydiveindianapolis.com/","text/html;charset=utf-8","200","OK","Indexable","","Skydive Indianapolis","20","180","Skydive Indianapolis is home to tandem skydives, AFF training, and 
experienced skydivers. Come jump with us!","110","686","","0","0","","0","","0","","0","TANDEM. AFF. LICENSED.","22","It's Time to Go Extreme","23","","","","","https://www.skydiveindianapolis.com/","","","","","","291871","48422","418","90","4.644","75.221","Fairly Easy","1.493","0","0","","12","1","0","1.110","171","60","0","13","11","0","","","","","86b7a5ec1ec1c66d43e31100a2e4fdca","0.985","","","","","1.1","https://www.skydiveindianapolis.com/","2024-11-30 14:45:46"
"https://www.skydivecincinnati.com/","https://www.skydivecincinnati.com/","text/html; charset=UTF-8","200","OK","Indexable","","Skydive Cincinnati | Skydive Cincinnati","39","338","First-time skydiving? No problem! Tandem skydiving makes it easy for everyone to enjoy the amazing thrill of skydiving safely, no experience required! With","155","955","","0","0","","0","","0","","0","What Are You Looking to Do?","27","SKYDIVING CINCINNATI AND THE TRI-STATE AREA SINCE 1969","54","follow, index, max-snippet:-1, max-video-preview:-1, max-image-preview:large","","","","https://www.skydivecincinnati.com/","","","","","","258498","41971","446","96","4.646","77.875","Fairly Easy","1.151","0","0","","6","1","0","1.110","37","16","0","12","11","0","","","","","8ffb8515255b2ce2be2bb7c7bf3cbaea","2.905","","","","","1.1","https://www.skydivecincinnati.com/","2024-11-30 14:46:23"
"https://indoorskydivingsource.com/","https://indoorskydivingsource.com/","text/html; charset=UTF-8","200","OK","Indexable","","Indoor Skydiving Source | The Leading Wind Tunnel Resource","58","541","Try indoor skydiving today. Find a wind tunnel near you, check prices, opening hours and make a booking! Learn to fly with Indoor Skydiving Source.","147","913","","0","0","","0","The World’s Leading Indoor Skydiving Resource","45","Ready to fly?","13","Fly For Real with Indoor Skydiving","34","Find a Wind Tunnel","18","follow, index, max-snippet:-1, max-video-preview:-1, max-image-preview:large","","","","https://indoorskydivingsource.com/","","","","","","378722","66487","523","92","5.685","0.000","Very Hard","9.330","0","0","","12","1","0","1.110","101","50","0","7","5","0","","","","","d77aff2c41f4b1d18acf071ea58ed123","1.123","Sat, 30 Nov 2024 03:01:28 GMT","","","","1.1","https://indoorskydivingsource.com/","2024-11-30 14:46:20"
"https://skydivingmuseum.org/","https://skydivingmuseum.org/","text/html; charset=utf-8","200","OK","Indexable","","International Skydiving Museum & Hall of Fame |","47","427","","0","0","","0","0","","0","International Skydive Museum & Hall of Fame","43","","0","Path of Excellence","18","Preserve and Honor Skydiving’s Rich History","43","","","","","https://skydivingmuseum.org/","","","","","","54650","11710","557","119","4.681","76.627","Fairly Easy","6.640","0","0","","2","1","0","1.110","84","56","0","24","24","0","","","","","efe2daaa3b75311acf13bdb7fbc0927e","1.874","","","","","1.1","https://skydivingmuseum.org/","2024-11-30 14:45:47"
"https://www.skydivehouston.com/","https://www.skydivehouston.com/","text/html; charset=UTF-8","200","OK","Indexable","","Skydive Houston | The Closest Dropzone to Houston!","50","467","Skydive Houston specializes in first time Tandem Jumpers. Skydive with a USPA certified Tandem Instructor.","106","675","","0","0","","0","Skydive Houston","15","Get Ready to Jump in 2024","25","The Closest Dropzone to Houston!","32","MEDIA PACKAGES","14","max-image-preview:large","","","","","","","","","","35342","11356","573","129","4.442","78.010","Fairly Easy","12.213","0","0","","6","1","0","1.110","81","24","0","14","6","0","","","","","2e46ef4f934f6a666d90575d535628e6","2.452","","","","","1.1","https://www.skydivehouston.com/","2024-11-30 14:46:11"
"https://www.youtube.com/watch?v=bFIB05LGtMs","https://www.youtube.com/watch?v=bFIB05LGtMs","text/html; charset=utf-8","200","OK","Indexable","","What Skydiving Taught Me About Fear | STORYTIME - YouTube","57","556","“The only thing we have to fear is fear itself” - Franklin D. Roosevelt. Subscribe for more from Will Smith: https://goo.gl/BUjQW8 WATCH MORE:Best Of Will Sm...","160","993","","0","0","comedy, entertainment, will smith, will, smith, smiths, willsmith, will smith youtube, youtube will smith, will smith channel, channel will smith, will youtube, youtube will, smith youtube, youtube smith, will smith vlogs, vlogs will smith, vlogs, vlog, will smith youtube channel, skydiving, sky diving, sky dive, fear","319","","0","","0","","0","","0","","","","","https://www.youtube.com/watch?v=bFIB05LGtMs","","","","","","973537","223189","32","3","10.667","100.000","Very Easy","0.016","0","0","","0","0","0","0.000","13","12","0","1","1","0","","","","","839232c89cbd64ef7de21a0368ccccef","0.179","","","","","1.1","https://www.youtube.com/watch?v=bFIB05LGtMs","2024-11-30 14:45:54"
"https://www.flycookie.com/shop/skydiving-helmets-parts/g4-skydiving-helmet/","https://www.flycookie.com/shop/skydiving-helmets-parts/g4-skydiving-helmet/","text/html; charset=UTF-8","200","OK","Indexable","","G4 Helmet for Skydiving & Tunnel | Cookie Composites","52","482","Cookie's G4 helmet features a lower jaw line for better communication, panoramic view, & anti-fog polycarbonate lens. Available in 15 colors. Shop now.","151","937","","0","0","","0","G4 Skydiving Helmet","19","","0","Embracing change inspired by champions","38","Watch our G4 video","18","index, follow, max-image-preview:large, max-snippet:-1, max-video-preview:-1","","","","https://www.flycookie.com/shop/skydiving-helmets-parts/g4-skydiving-helmet/","","","","","","294803","31021","891","157","5.675","96.156","Very Easy","1.870","0","3","","5","1","0","1.110","79","46","0","13","12","0","","","","","9a6b5c39a39f53ad61291eec19602859","3.911","","","","","1.1","https://www.flycookie.com/shop/skydiving-helmets-parts/g4-skydiving-helmet/","2024-11-30 14:46:21"
"https://www.skydiveutah.com/","https://www.skydiveutah.com/","text/html;charset=utf-8","200","OK","Indexable","","Skydive Utah - Salt Lake City's Skydive Center","46","398","Only 25 miles from Salt Lake City. Enjoy the beautiful views, excellent 
safety record, and welcoming community of skydivers!","126","765","","0","0","","0","Skydive Utah - Salt Lake City's Skydive Center","46","Salt Lake City’s Skydiving Center","33","LEARN TO SKYDIVE WITH US!","25","FIRST SKYDIVE","13","","","","","https://www.skydiveutah.com/","","","","","","83648","16954","84","21","4.000","84.939","Easy","2.232","0","0","","2","1","0","1.110","68","29","0","18","9","0","","","","","ddc39b9fcc46e48fe4601ed57f1fd68e","1.181","","","","","1.1","https://www.skydiveutah.com/","2024-11-30 14:45:55"
"https://skydivecalifornia.com/","https://skydivecalifornia.com/","text/html; charset=UTF-8","200","OK","Indexable","","Skydive California - Premier Skydiving in Northern California & the Bay Area","76","658","Experience the ultimate adventure at Skydive California offering premier skydiving in northern California near the Bay Area & San Francisco!","140","857","","0","0","","0","Northern California’s Premiere Skydiving Facility","49","","0","Live Life Without Limits","24","Welcome to Skydive California","29","index, follow, max-image-preview:large, max-snippet:-1, max-video-preview:-1","","","","https://skydivecalifornia.com/","","","","","","102581","21809","1038","254","4.087","70.163","Fairly Easy","5.945","0","0","","7","1","0","1.110","99","31","0","25","11","0","","","","","fd80aee7e89c47bd0d6f8395de972a23","1.832","","","","","1.1","https://skydivecalifornia.com/","2024-11-30 14:46:01"
"https://www.facebook.com/gatewayskydivingcenter/","https://www.facebook.com/gatewayskydivingcenter/","text/html; charset=""utf-8""","200","OK","Non-Indexable","Canonicalised","Gateway Skydiving Center | Greenville IL","40","352","‏‎Gateway Skydiving Center‎‏, ‏‎Greenville, Illinois‎‏. ‏‏6,368‏ لائکس · ‏51‏ اس بارے بات کر رہے ہیں · ‏4,386‏ یہاں تھے‏. ‏‎We are #1 Rated, Closest and...","155","792","","0","0","","0","","0","","0","","0","","0","noodp,noydir","","","","https://www.facebook.com/gatewayskydivingcenter","","","","","","890980","190700","0","","","","","0.000","0","1","","0","0","0","0.000","0","0","0","0","0","0","","","","","88a042a82e5f0c4629950cfb9666344","2.140","","","","","1.1","https://www.facebook.com/gatewayskydivingcenter/","2024-11-30 14:45:48"
"https://www.skyjump.com/","https://www.skyjump.com/","text/html; charset=utf-8","200","OK","Indexable","","Skydive Pepperell - Closest Skydive To Boston!","46","411","Skydive Pepperell, experience the thrill! Only 40 minutes from Boston, close to New Hampshire! Come join us for an adventure!","125","778","","0","0","Skydiving, Boston skydiving, adventure, New Hampshire, Massachusetts, Boston, Pepperell","87","","0","","0","Skydiving Options at Skydive Pepperell","38","Welcome To Skydive Pepperell","28","INDEX, FOLLOW","","","","","","","","","","36552","36580","232","40","5.800","72.225","Fairly Easy","6.352","0","0","","8","1","0","1.110","43","25","0","7","3","0","","","","","11b579370557548d74ab8bfd5860a7be","1.710","","","","","1.1","https://www.skyjump.com/","2024-11-30 14:46:21"
"https://www.skydivecharlevoix.com/","https://www.skydivecharlevoix.com/","text/html; charset=UTF-8","200","OK","Indexable","","Sky Diving in Michigan | Sky Dive Near Me | Skydive Charlevoix","62","547","The best sky dive experience in Michigan: jump from up to two miles high with up to 45 seconds of freefall at 120 MPH! Feel the adrenaline rush as you soar over Lake Michigan!","175","1091","","0","0","tandem, sky dive, skydiving, charlevoix, jump, certification, afp, freefall, harbor springs, michigan, airport","110","SKYDIVING IN MICHIGAN","21","","0","J","1","U","1","","","","","https://www.skydivecharlevoix.com/","","","","","","537455","131468","575","122","4.713","83.905","Easy","0.811","0","0","","7","1","0","1.110","18","11","0","17","13","0","","","","","1bb8d2ef5db007f8480b2cfe936f4834","1.068","","","","","1.1","https://www.skydivecharlevoix.com/","2024-11-30 14:46:03"
"https://www.youtube.com/watch?v=j54R3P76aS4","https://www.youtube.com/watch?v=j54R3P76aS4","text/html; charset=utf-8","200","OK","Indexable","","Skydiving over the Bahamas - Best jumps of 2018 - YouTube","57","531","Here is the latest video of the past couple of months of jumps. I had a chance to go over to the Bahamas and jump which was amazing, the second half of the v...","160","995","","0","0","Skydiving, awesome, freeflying, gopro, headdown, bahamas, best, 2018, fun, friends, skydive, blue skies, tropical, badass","121","","0","","0","","0","","0","","","","","https://www.youtube.com/watch?v=j54R3P76aS4","","","","","","972849","216941","32","3","10.667","100.000","Very Easy","0.016","0","0","","0","0","0","0.000","13","12","0","1","1","0","","","","","879fe71d13816b46fd11e6a66e5aed5c","0.409","","","","","1.1","https://www.youtube.com/watch?v=j54R3P76aS4","2024-11-30 14:45:52"
"https://skydivelasvegas.com/","https://skydivelasvegas.com/","text/html; charset=UTF-8","200","OK","Indexable","","Skydive Las Vegas – Skydiving in Las Vegas","42","388","","0","0","","0","0","","0","BOOK YOUR JUMP TODAY!","21","YOUR FIRST JUMP","15","THE FIRST TIME SKYDIVING EXPERTS. NO EXPERIENCE NECESSARY.","58","OPEN 7 DAYS A WEEK, 365 DAYS A YEAR, WITH FREE TRANSPORTATION FROM THE LAS VEGAS STRIP!","87","max-image-preview:large","","","","https://skydivelasvegas.com/","","","","","","131007","25183","297","67","4.433","88.111","Easy","1.514","0","0","","5","1","0","1.110","15","8","0","14","7","0","","","","","65c27a8db9abb30eecee40af27618bf7","1.482","","","","","1.1","https://skydivelasvegas.com/","2024-11-30 14:45:44"
"https://ultimateskydivingadventures.com/how-skydiving-changed-my-life/","https://ultimateskydivingadventures.com/how-skydiving-changed-my-life/","text/html; charset=UTF-8","200","OK","Indexable","","How Skydiving Changed My Life - Ultimate Skydiving Adventures","61","568","A story on how skydiving changed his life by skydiving student, Jim Armstrong at a skydiving center in Delta, Colorado called Ultimate Skydiving Center!","152","937","A story by a graduate of the Ultimate Skydiving Adventures student program, Jim Armstrong. Please note: this story has graphic language so read at your own risk! 
By Jim Armstrong
GO JUMP OUT OF A FUCKING PLANE!
“I need you to let go of the plane!” my instructor yelled over the roar","286","1779","","0","How Skydiving Changed My Life","29","","0","Related Posts","13","","0","index, follow, max-image-preview:large, max-snippet:-1, max-video-preview:-1","","","","https://ultimateskydivingadventures.com/how-skydiving-changed-my-life/","","","","","","168530","34318","1850","272","6.801","83.869","Easy","6.505","0","1","","7","1","0","1.110","73","28","0","12","10","0","","","","","d274617f85c431d60c2e8ffdc3581097","2.024","Sat, 30 Nov 2024 09:45:46 GMT","","","","1.1","https://ultimateskydivingadventures.com/how-skydiving-changed-my-life/","2024-11-30 14:45:46"
"https://www.travelbutlercounty.com/blog/post/start-skydiving-experience","https://www.travelbutlercounty.com/blog/post/start-skydiving-experience","text/html; charset=UTF-8","200","OK","Indexable","","Start Skydiving in Ohio | Skydive Ohio","38","327","Go on the ultimate skydiving adventure at Start Skydiving in Ohio. It's ranked one of the best places to skydive Ohio and the world.","132","801","","0","0","skydiving in ohio, skydiving ohio, skydive ohio","47","Start Skydiving Experience","26","","0","Main menu","9","Breadcrumb","10","","","","","https://www.travelbutlercounty.com/blog/post/start-skydiving-experience","","","","","","118107","18269","831","126","6.595","87.341","Easy","5.206","0","2","","2","1","0","1.110","117","76","0","10","4","0","","","","","251bf3c4fa14b42353461e9a1b5e9292","2.180","Sat, 30 Nov 2024 09:46:08 GMT","","","","1.1","https://www.travelbutlercounty.com/blog/post/start-skydiving-experience","2024-11-30 14:46:08"
"https://dzoneskydiving.com/montana-bozeman/reservations/","https://dzoneskydiving.com/montana-bozeman/reservations/","text/html; charset=UTF-8","200","OK","Indexable","","Reservations - DZONE® Skydiving - Bozeman, Montana","50","486","Tandem or solo skydiving at DZONE® Skydiving - Bozeman, Montana – a world class adventure you can experience and still be home for supper.","138","893","","0","0","","0","RESERVATIONS","12","RESERVATIONS","12","Book your jump now","18","Check availability below and make your reservation with the safest and most fun team in the sky today!","102","index, follow, max-image-preview:large, max-snippet:-1, max-video-preview:-1","","","","https://dzoneskydiving.com/montana-bozeman/reservations/","","","","","","74933","16396","208","44","4.727","74.323","Fairly Easy","1.979","0","2","","7","1","0","1.110","29","17","0","6","5","0","","","","","f5f19cf887be20f5d2ebe442e03e1cac","3.070","","","","","1.1","https://dzoneskydiving.com/montana-bozeman/reservations/","2024-11-30 14:46:18"
"https://en.wikipedia.org/wiki/Parachuting","https://en.wikipedia.org/wiki/Parachuting","text/html; charset=UTF-8","200","OK","Indexable","","Parachuting - Wikipedia","23","209","","0","0","","0","0","","0","Parachuting","11","","0","Contents","8","History","7","max-image-preview:standard","","","","https://en.wikipedia.org/wiki/Parachuting","","","","","","311841","62848","9666","1806","5.352","73.076","Fairly Easy","19.927","0","1","","199","1","0","1.110","781","512","0","119","111","0","","","","","5cfb125dd6d1630b7a0505a886a39e02","0.335","Sun, 24 Nov 2024 22:03:46 GMT","","","","1.1","https://en.wikipedia.org/wiki/Parachuting","2024-11-30 14:45:59"
"https://sevenhillsskydivers.org/","https://sevenhillsskydivers.org/","text/html","200","OK","Indexable","","Seven Hills Skydivers of Madison, WI - Skydiving since 1962","59","524","Experience the ultimate adventure! Offering Tandem and Solo Skydiving in Madison, WI with an impeccable safety record for over 50 years.","136","855","","0","0","","0","Seven Hills Skydivers of Madison, WI","36","","0","Select your skydive","19","Welcome to Seven Hills — jumping out of planes since 1962","57","index, follow","","","","https://sevenhillsskydivers.org/","","","","","","29833","9473","471","81","5.815","82.385","Easy","10.787","0","0","","5","1","0","1.110","52","32","0","3","3","0","","","","","22dab89c915710a3c4c32e7f4a5c628a","1.095","Fri, 30 Aug 2024 00:04:28 GMT","","","","1.1","https://sevenhillsskydivers.org/","2024-11-30 14:45:44"
"https://www.skydiveoc.com/about/articles/skydiving-good-for-health/","https://www.skydiveoc.com/about/articles/skydiving-good-for-health/","text/html","301","Moved Permanently","Non-Indexable","Redirected","","0","0","","0","0","","0","0","","0","","0","","0","","0","","0","","","","","","","","","","","0","0","0","","","","","0.000","0","3","","0","0","0","0.000","0","0","0","0","0","0","","","","","","0.961","","http://skydiveoc.com/about/articles/skydiving-good-for-health/","HTTP Redirect","","1.1","https://www.skydiveoc.com/about/articles/skydiving-good-for-health/","2024-11-30 14:45:50"
"https://www.skydivechelan.com/","https://www.skydivechelan.com/","text/html; charset=UTF-8","200","OK","Indexable","","Home - Skydive Chelan","21","203","","0","0","","0","0","","0","Experience the thrill of a lifetime in Lake Chelan!","51","From those who jump","19","Jump. Learn. Explore.","21","Tandem & First Time","19","index, follow, max-image-preview:large, max-snippet:-1, max-video-preview:-1","","","","https://www.skydivechelan.com/","","","","","","44103","10696","423","84","5.036","82.724","Easy","7.147","0","0","","6","1","0","1.110","45","15","0","10","5","0","","","","","54ff2783e578c098e6c05d69d1ae8df8","1.855","","","","","1.1","https://www.skydivechelan.com/","2024-11-30 14:45:48"
"https://wisconsinskydivingcenter.com/blog/skydiving-weight-limit/","https://wisconsinskydivingcenter.com/blog/skydiving-weight-limit/","text/html; charset=UTF-8","200","OK","Indexable","","Why Is There a Skydiving Weight Limit?","38","345","We answer this question a lot. Here's my honest, personal perspective to help you understand why we have a skydive weight limit and why it matters.","147","921","","0","0","","0","WHY IS THERE A SKYDIVING WEIGHT LIMIT?","38","","0","Skydiving Safety","16","","0","index, follow, max-image-preview:large, max-snippet:-1, max-video-preview:-1","","","","https://wisconsinskydivingcenter.com/blog/skydiving-weight-limit/","","","","","","76142","15100","873","157","5.561","80.057","Easy","10.806","0","2","","2","1","0","1.110","128","60","0","23","11","0","","","","","4199196561d79af610d63f441e9d5104","1.603","","","","","1.1","https://wisconsinskydivingcenter.com/blog/skydiving-weight-limit/","2024-11-30 14:45:53"
"https://sanmarcos.skydivespaceland.com/","https://sanmarcos.skydivespaceland.com/","text/html; charset=UTF-8","200","OK","Indexable","","Skydive Spaceland: Skydiving training near Austin, San Marcos, San Antonio, Texas","81","731","Get the thrill of a lifetime at Skydive Spaceland San Marcos, one of the world’s busiest, most progressive skydiving training centers. Formerly operated as Skydive San Marcos.","175","1075","","0","0","","0","Skydive Spaceland San Marcos","28","","0","BLACK FRIDAY SPECIALS!","22","Home: Skydive Spaceland in San Marcos, Texas","44","index, follow, max-image-preview:large, max-snippet:-1, max-video-preview:-1","","","","https://sanmarcos.skydivespaceland.com/","","","","","","154424","38274","333","54","6.167","74.819","Fairly Easy","3.642","0","0","","12","4","0","4.440","76","53","0","17","16","0","","","","","7fc9c070bfe85171ec6b5e70675f1b07","1.666","Fri, 29 Nov 2024 13:55:03 GMT","","","","1.1","https://sanmarcos.skydivespaceland.com/","2024-11-30 14:45:57"
"https://www.texasskydiving.com/","https://www.texasskydiving.com/","text/html; charset=UTF-8","200","OK","Indexable","","Texas Skydiving | Skydiving Austin & College Station, TX","56","493","Go skydiving in the heart of Central Texas. Serving up good vibes & life-changing experiences 7 days a week. Located between Austin & College Station.","150","937","","0","0","","0","Nothin’ But Blue Skies & Good Vibes","35","","0","Ready to Fly?","13","Welcome to Texas Skydiving!","27","index, follow, max-image-preview:large, max-snippet:-1, max-video-preview:-1","","","","https://www.texasskydiving.com/","","","","","","93334","19537","1155","206","5.607","83.510","Easy","7.848","0","0","","5","1","0","1.110","62","22","0","24","9","0","","","","","7140a2fa3046cc0cc2cf8d2582548ee9","2.489","","","","","1.1","https://www.texasskydiving.com/","2024-11-30 14:46:00"
"https://www.jumptown.com/","https://www.jumptown.com/","text/html;charset=UTF-8","200","OK","Indexable","","Jumptown Skydiving - New England's Oldest Skydiving Dropzone","60","572","Home of the first commercial skydiving center in the United States, Jumptown is New England's flagship dropzone.","112","712","","0","0","skydiving, Massachusetts, Boston, Worcester, tandem, parachute, dropzone, safest, safe, skydive, instructor, AFF, learn to skydive, learning to skydive, freefall, parachuting, paragliding, best dropzone, best, oldest,","217","America's Oldest Skydiving Dropzone","35","","0","Black Friday deals are LIVE! Click ""Purchase Gift Certificate"" below and get our best prices before they're gone for good!","122","About Us","8","all","","","","https://www.jumptown.com/","","","","","","326354","47002","2874","419","6.859","82.128","Easy","5.012","0","0","","11","1","0","1.110","36","10","0","21","14","0","","","","","9bf441d1b276df07e8733aad974c91e2","1.293","Fri, 29 Nov 2024 18:42:15 GMT","","","","1.1","https://www.jumptown.com/","2024-11-30 14:45:54"
"https://dallas.skydivespaceland.com/","https://dallas.skydivespaceland.com/","text/html; charset=UTF-8","200","OK","Indexable","","Skydive Spaceland Dallas: Tandem Skydiving, solo training near Dallas/Fort Worth, Texas","87","782","Get the thrill of a lifetime at Skydive Spaceland Dallas, one of the world’s busiest, most progressive skydiving training centers. Our completely remodeled, climate controlled facility is second to none!","203","1218","","0","0","","0","Skydive Spaceland Dallas","24","","0","BLACK FRIDAY SPECIALS!","22","Home: Skydive Spaceland in Dallas/Fort Worth, Texas","51","index, follow, max-image-preview:large, max-snippet:-1, max-video-preview:-1","","","","https://dallas.skydivespaceland.com/","","","","","","162628","40878","336","55","6.109","74.490","Fairly Easy","3.433","0","0","","11","4","0","4.440","77","53","0","17","16","0","","","","","1a7eba1efea74210203c008527545ab9","1.653","Fri, 29 Nov 2024 18:59:57 GMT","","","","1.1","https://dallas.skydivespaceland.com/","2024-11-30 14:46:05"
"https://vegasindoorskydiving.com/flights/the-indoor-skydiving-experience/","https://vegasindoorskydiving.com/flights/the-indoor-skydiving-experience/","text/html; charset=UTF-8","200","OK","Indexable","","The Indoor Skydiving Experience | Vegas Indoor Skydiving","56","509","Experience Indoor Skydiving in Las Vegas! This lesson & flight includes all required training, necessary equipment, and 4 minutes of flight time in the tunnel. Book now!","169","1031","","0","0","","0","THE INDOOR SKYDIVING EXPERIENCE $149","36","","0","Quick Details","13","INDOOR SKYDIVING IN LAS VEGAS","29","index,follow","max-image-preview:large","","","https://vegasindoorskydiving.com/flights/the-indoor-skydiving-experience/","","","","","","72940","21321","91","26","3.500","61.043","Normal","2.275","0","2","","4","1","0","1.110","24","12","0","12","11","0","","","","","183a22a2a0c35ec4da5c42ddca53602d","1.180","","","","","1.1","https://vegasindoorskydiving.com/flights/the-indoor-skydiving-experience/","2024-11-30 14:45:55"
"https://wnyskydiving.com/blog/skydiving-instructor/","https://wnyskydiving.com/blog/skydiving-instructor/","text/html; charset=UTF-8","200","OK","Indexable","","How Becoming a Skydiving Instructor Changed My Life | WNY Skydiving","67","632","I never thought I was meant to teach. But then I discovered skydiving - and something wondrous happened. This is my journey to being a skydiving instructor.","156","977","","0","0","","0","How Becoming A Skydiving Instructor Changed My Life","51","","0","Tuesday, January 24, 2017","25","Finding your passion","20","index, follow, max-image-preview:large, max-snippet:-1, max-video-preview:-1","","","","https://wnyskydiving.com/blog/skydiving-instructor/","","","","","","84262","20865","1259","228","5.522","79.202","Fairly Easy","8.275","0","2","","2","1","0","1.110","101","44","0","21","10","0","","","","","b73c2c893a15938c9d244ece38477cc3","2.202","","","","","1.1","https://wnyskydiving.com/blog/skydiving-instructor/","2024-11-30 14:45:59"
"https://skydiveelsinore.com/","https://skydiveelsinore.com/","text/html; charset=UTF-8","200","OK","Indexable","","Skydive Near San Diego and Los Angeles, CA | Skydive Elsinore","61","553","Looking to go skydiving near Los Angeles or San Diego, CA? Visit Skydive Elsinore! We offer several programs for both experienced and new jumpers.","146","921","","0","0","","0","Go Skydiving Near San Diego and Los Angeles, CA","47","","0","Main Navigation Menu","20","MAKE YOUR FIRST SKYDIVE!","24","index, follow, max-image-preview:large, max-snippet:-1, max-video-preview:-1","","","","https://skydiveelsinore.com/","","","","","","219741","35410","700","154","4.545","76.893","Fairly Easy","2.248","0","0","","23","1","0","1.110","109","40","0","16","9","0","","","","","26f6fc6bbfcd407bc265e96c577a39a3","1.181","","","","","1.1","https://skydiveelsinore.com/","2024-11-30 14:46:06"
"https://discussions.apple.com/thread/254904717","https://discussions.apple.com/thread/254904717","text/html;charset=utf-8","200","OK","Indexable","","Skydiving Apple Ultra - Apple Community","39","360","","0","0","","0","0","","0","Skydiving Apple Ultra","21","","0","Similar questions","17","Apple Footer","12","","","","","https://discussions.apple.com/thread/254904717","","","","","","151882","42700","751","155","4.845","78.566","Fairly Easy","4.661","0","1","","3","1","0","1.110","69","50","0","1","1","0","","","","","b2bfdfb27ec37cbf1ad4b61ef4dba24d","2.429","Sat, 30 Nov 2024 09:46:03 GMT","","","","1.1","https://discussions.apple.com/thread/254904717","2024-11-30 14:46:03"
"https://skydivepa.com/","https://skydivepa.com/","text/html; charset=UTF-8","200","OK","Indexable","","Skydive Pennsylvania | Skydiving Pittsburgh and Erie, PA","56","497","Welcome to Skydive PA! Offering tandem, sport, and AFF skydiving in Mercer, PA for more than 20 years. Skydiving Pittsburgh, Erie, & Youngstown since 1994.","155","979","","0","0","","0","This is your chance, what are you waiting for?","46","","0","Welcome to Skydive Pennsylvania","31","","0","max-image-preview:large","index, follow, max-snippet:-1, max-image-preview:large, max-video-preview:-1","","","https://skydivepa.com/","","","","","","59407","10635","514","115","4.470","80.501","Easy","6.609","0","0","","8","1","0","1.110","131","38","0","18","8","0","","","","","b509d7df25ca55198c9cb09e2677c6bb","1.881","","","","","1.1","https://skydivepa.com/","2024-11-30 14:46:14"
"https://gesmv.org/a-skydiving-wrong-turns-into-a-greater-friendship-triumph/","https://gesmv.org/a-skydiving-wrong-turns-into-a-greater-friendship-triumph/","text/html; charset=UTF-8","200","OK","Indexable","","A Skydiving Wrong Turns Into A Greater Friendship Triumph – GESMV","65","616","","0","0","","0","0","","0","A Skydiving Wrong Turns Into A Greater Friendship Triumph","57","","0","2 comments on “A Skydiving Wrong Turns Into A Greater Friendship Triumph”","73","","0","max-image-preview:large","","","","https://gesmv.org/a-skydiving-wrong-turns-into-a-greater-friendship-triumph/","","","","","","48840","14908","919","196","4.689","82.034","Easy","10.877","0","1","","3","1","0","1.110","118","55","0","16","8","0","","","","","4b896761823a71ec7e4d664167de3168","3.995","","","","","1.1","https://gesmv.org/a-skydiving-wrong-turns-into-a-greater-friendship-triumph/","2024-11-30 14:46:10"
"https://www.skydivelongisland.com/about/articles/can-you-skydive-pregnant/","https://www.skydivelongisland.com/about/articles/can-you-skydive-pregnant/","text/html;charset=utf-8","200","OK","Indexable","","Skydive While Pregnant | Skydive Long Island","44","397","Can You Skydive Pregnant? No, you cannot skydive pregnant if you are a first time jumper, because of the considerable liabilities.","130","795","","0","0","","0","Can You Skydive Pregnant?","25","","0","","0","","0","","","","","https://www.skydivelongisland.com/about/articles/can-you-skydive-pregnant/","","","","","","20868","20868","1058","182","5.813","76.114","Fairly Easy","29.836","0","3","","1","1","0","1.110","66","37","0","17","9","0","","","","","69b34abd77e43770da6b77ac7e73aa27","1.435","","","","","1.1","https://www.skydivelongisland.com/about/articles/can-you-skydive-pregnant/","2024-11-30 14:46:14"
"https://skydivesandiego.com/","https://skydivesandiego.com/","text/html; charset=UTF-8","200","OK","Indexable","","Skydiving San Diego | Skydiving Lessons & Adventures","52","481","Experience thrilling skydiving in San Diego. Get expert sky diving lessons, enjoy breathtaking views, and book your adventure today.","132","811","","0","0","","0","skydive san diego","17","","0","Our Skydive Packages","20","OUR Video PACKAGES","18","index, follow, max-image-preview:large, max-snippet:-1, max-video-preview:-1","","","","https://skydivesandiego.com/","","","","","","449426","68340","1023","230","4.448","80.341","Easy","1.659","0","0","","6","1","0","1.110","101","25","0","46","15","0","","","","","cb4629a1bd39574c359b2f4593348316","1.269","","","","","1.1","https://skydivesandiego.com/","2024-11-30 14:45:44"
"https://crystalcoastskydiving.com/index.html","https://crystalcoastskydiving.com/index.html","text/html","200","OK","Indexable","","CRYSTAL COAST SKYDIVING - HOME","30","331","","0","0","","0","0","","0","","0","","0","Skydive the Crystal Coast!","26","FIRST SKYDIVE","13","","","","","","","","","","","45616","12181","763","126","6.056","84.932","Easy","9.378","0","0","","2","1","0","1.110","14","7","0","17","5","0","","","","","6c3f3b375001d896a25b6edbc5c012c","1.605","Fri, 12 Apr 2024 14:39:03 GMT","","","","1.1","https://crystalcoastskydiving.com/index.html","2024-11-30 14:46:00"
"https://www.skydivedanielson.com/","https://www.skydivedanielson.com/","text/html; charset=utf-8","200","OK","Indexable","","Skydive Danielson - #1 Choice for skydiving in CT, MA and RI","60","532","Skydive Danielson is an award winning skydiving center. Tandem skydiving for Massachusetts, Connecticut and Rhode Island residents.","131","843","","0","0","","0","Skydive In Connecticut","22","","0","Skydive Danielson","17","2024 Season","11","","","","","https://www.skydivedanielson.com/","","","","","","32359","10358","398","79","5.038","82.899","Easy","10.009","0","0","","3","1","0","1.110","65","41","0","17","9","0","","","","","773f0687a3debfcd9f4d190bd69ed688","1.914","","","","","1.1","https://www.skydivedanielson.com/","2024-11-30 14:46:15"
"https://www.themainemag.com/one-reason-to-try-skydiving-perspective/","https://www.themainemag.com/one-reason-to-try-skydiving-perspective/","text/html; charset=UTF-8","200","OK","Indexable","","One Reason to Try Skydiving: Perspective - The Maine Mag","56","517","","0","0","","0","0","","0","One Reason to Try Skydiving: Perspective","40","Stay in touch!","14","","0","","0","max-image-preview:large","index, follow, max-snippet:-1, max-image-preview:large, max-video-preview:-1","","","https://www.themainemag.com/one-reason-to-try-skydiving-perspective/","","","","","","60753","14865","920","125","7.360","94.442","Very Easy","9.474","0","1","","2","1","0","1.110","30","27","0","9","8","0","","","","","6cb39331869687007802d0b011be4d71","1.275","","","","","1.1","https://www.themainemag.com/one-reason-to-try-skydiving-perspective/","2024-11-30 14:45:52"
"https://piedmontskydiving.com/","https://piedmontskydiving.com/","text/html; charset=UTF-8","200","OK","Indexable","","Piedmont Skydiving | Closest Dropzone to Charlotte, NC","54","492","The closest skydiving center to Charlotte, NC, Piedmont Skydiving is the highest rated dropzone in the Carolinas, specializing in first-time skydivers!","151","911","","0","0","","0","Highest-Rated Skydiving Dropzone in North Carolina","50","","0","“Hands down one of the most incredible experiences of my life”","62","Located in Central North Carolina","33","max-image-preview:large","","","","https://piedmontskydiving.com/","","","","","","508248","57595","2394","416","5.755","84.024","Easy","2.928","0","0","","2","1","0","1.110","64","22","0","47","30","0","","","","","617093040f26e87f130c8e2d2e525273","1.510","","","","","1.1","https://piedmontskydiving.com/","2024-11-30 14:46:19"
"https://www.iflyworld.com/","https://www.iflyworld.com/","text/html; charset=UTF-8","200","OK","Indexable","","iFLY Indoor Skydiving | You Can Fly | Locations Nationwide","58","515","iFLY makes the dream of flight a reality with indoor skydiving in a safe and fun environment. Find programs, locations and book a flight now!","141","865","","0","0","","0","Black Friday Sale of the Year","29","","0","WHAT OTHER FLYERS ARE SAYING","28","INDOOR SKYDIVING IS REAL FLYING","31","index,follow","","","","https://www.iflyworld.com/","","","","","","126487","30804","742","129","5.752","68.738","Normal","5.961","0","0","","8","1","0","1.110","78","46","0","24","16","0","","","","","b00f0e3716dff07d61ce7a075b9eaad4","0.823","","","","","1.1","https://www.iflyworld.com/","2024-11-30 14:46:16"
"https://skydivesuffolk.com/","https://skydivesuffolk.com/","text/html; charset=UTF-8","200","OK","Indexable","","Skydiving & Tandem Jump in Virginia | Skydive Suffolk","53","477","Schedule your first tandem jump or solo skydiving experience in Suffolk at Skydive Suffolk. Our team is here to make your experience incredible.","144","887","","0","0","","0","the premier skydiving center in Virginia","40","Skydive Suffolk","15","WELCOME to Skydive Suffolk","26","Reviews","7","index, follow, max-snippet:-1, max-video-preview:-1, max-image-preview:large","","","","https://skydivesuffolk.com/","","","","","","168466","31755","701","131","5.351","81.684","Easy","2.914","0","0","","10","1","0","1.110","43","14","0","23","8","0","","","","","9ba66982420ebd96d818efb430e1d827","1.386","","","","","1.1","https://skydivesuffolk.com/","2024-11-30 14:46:21"
"https://www.instagram.com/kuczynska.maja/?hl=en","https://www.instagram.com/kuczynska.maja/?hl=en","text/html; charset=""utf-8""","200","OK","Non-Indexable","Canonicalised","Maja Kuczynska (@kuczynska.maja) • Instagram photos and videos","62","595","610K Followers, 2,262 Following, 808 Posts - Maja Kuczynska (@kuczynska.maja) on Instagram: ""Indoor Skydiver
Outdoor Skydiver 🪂
@redbullpolska Athlete! 🇵🇱🇪🇺
24 y/o
Pronounced: Maya Koo-chin-ska""","199","1250","","0","0","","0","","0","","0","","0","","0","noarchive, noimageindex","","","","https://www.instagram.com/kuczynska.maja/","","","","","","558093","117925","0","","","","","0.000","0","1","","0","0","0","0.000","0","0","0","0","0","0","","","","","769e371fd56a525b7679a885b58f4e8c","1.925","","","","","1.1","https://www.instagram.com/kuczynska.maja/?hl=en","2024-11-30 14:45:55"
"https://www.skydivesnohomish.com/skydiving/prices/","https://www.skydivesnohomish.com/skydiving/prices/","text/html; charset=UTF-8","200","OK","Indexable","","Seattle Skydiving Prices | Skydive Snohomish","44","399","View skydiving prices for Skydive Snohomish, the #1 choice for skydiving Seattle. Tandem jumps starting at $250. Find out why we've been voted Washington's best skydiving center!","178","1125","","0","0","","0","Skydiving Prices","16","","0","Information & Rates","19","First Skydive - Tandem Skydiving","32","index, follow, max-image-preview:large, max-snippet:-1, max-video-preview:-1","","","","https://www.skydivesnohomish.com/skydiving/prices/","","","","","","107805","21776","716","176","4.068","86.204","Easy","3.701","0","2","","5","1","0","1.110","74","25","0","15","5","0","","","","","db81132920012526dd77ceec8e3c9c14","6.705","","","","","1.1","https://www.skydivesnohomish.com/skydiving/prices/","2024-11-30 14:46:09"
"https://adventuresinskydiving.com/learn-to-skydive/","https://adventuresinskydiving.com/learn-to-skydive/","text/html; charset=UTF-8","200","OK","Indexable","","Learn to Skydive - Adventures In Skydiving","42","373","Learn to Skydive","16","101","","0","0","","0","","0","","0","Adventures In Skydiving","23","Learn to Skydive at Skydive Arizona's World Class Skydiving School","66","index, follow, max-snippet:-1, max-video-preview:-1, max-image-preview:large","","","","https://adventuresinskydiving.com/learn-to-skydive/","","","","","","200377","27700","1415","238","5.945","88.519","Easy","5.680","0","1","","7","1","0","1.110","43","18","0","63","34","0","","","","","73bceed22dabe9045d5db5a5316fe056","1.364","","","","","1.1","https://adventuresinskydiving.com/learn-to-skydive/","2024-11-30 14:45:51"
"https://skydivesantabarbara.com/","https://skydivesantabarbara.com/","text/html; charset=utf-8","200","OK","Indexable","","Skydive Santa Barbara - Coastal Jump for First Timers and Groups","64","582","Tandem jumps, photo/video, and safety-focused for the peak skydive experience. Oceanview skydives up to 18,000ft at Skydive Santa Barbara.","138","881","","0","0","","0","Oceanview Skydives from 18,000ft!","33","","0","Jumps Starting at $189","22","Jumps from 18,000ft, 13,000ft, or 8,000ft","41","index, follow, max-image-preview:large, max-snippet:-1, max-video-preview:-1","","","","https://skydivesantabarbara.com/","","","","","","623803","258952","922","196","4.704","81.492","Easy","1.928","0","0","","7","1","0","1.110","75","30","0","17","13","0","","","","","874407e7d39455343290a249ef8316de","0.810","Tue, 26 Nov 2024 05:02:37 GMT","","","","1.1","https://skydivesantabarbara.com/","2024-11-30 14:46:17"
"https://www.defense.gov/News/Feature-Stories/Story/Article/3946835/all-female-skydiving-teams-excel-in-competition-leadership/","https://www.defense.gov/News/Feature-Stories/Story/Article/3946835/all-female-skydiving-teams-excel-in-competition-leadership/","text/html; charset=utf-8","200","OK","Indexable","","All-Female Skydiving Teams Excel in Competition, Leadership > U.S. Department of Defense > Story","96","873","For the first time, the U.S. Air Force Academy has two all-female skydiving teams in its highly successful and competitive Wings of Blue skydiving program and they hope to continue its long history of success.,","210","1292","","0","0","Defense, Department, DOD, Secretary, Deputy Secretary, Joint Chief, United States, Military, Government, Pentagon, Secretary of Defense, Deputy Secretary of Defense, air force, women's history, stars behind the stripes, arts, entertainment","239","All-Female Skydiving Teams Excel in Competition, Leadership","59","","0","Related Stories","15","","0","INDEX, FOLLOW","","","","","","","","","","190197","41016","1231","268","4.593","69.809","Normal","5.207","0","6","","10","1","0","1.110","143","68","0","46","22","0","","","","","b333242b8ab07bd05008027f992b7aa2","0.921","","","","","1.1","https://www.defense.gov/News/Feature-Stories/Story/Article/3946835/all-female-skydiving-teams-excel-in-competition-leadership/","2024-11-30 14:46:08"
"https://discoversouthcarolina.com/articles/take-the-big-plunge-at-skydive-carolina-in-chester","https://discoversouthcarolina.com/articles/take-the-big-plunge-at-skydive-carolina-in-chester","","0","Connection Timeout","Non-Indexable","No Response","","0","0","","0","0","","0","0","","0","","0","","0","","0","","0","","","","","","","","","","","0","0","0","","","","","0.000","0","1","","0","0","0","0.000","0","0","0","0","0","0","","","","","","","","","","","","https://discoversouthcarolina.com/articles/take-the-big-plunge-at-skydive-carolina-in-chester","2024-11-30 14:46:06"
"https://www.longislandskydiving.com/","https://www.longislandskydiving.com/","text/html; charset=UTF-8","200","OK","Indexable","","Skydiving NYC and Long Island | Long Island Skydiving Center","60","544","Welcome to LISC! Our impeccable safety record & incredible views have made us the premier skydiving center for skydiving NYC for 15 years!","138","871","","0","0","","0","NYC’s Closest Skydiving Center","30","","0","Our DZ Location","15","Your Skydive. Three Video Edits.","32","index, follow, max-image-preview:large, max-snippet:-1, max-video-preview:-1","","","","https://www.longislandskydiving.com/","","","","","","89173","20456","730","152","4.803","85.027","Easy","5.658","0","0","","5","1","0","1.110","91","33","0","14","8","0","","","","","ccb62407d619b38627557ae6642cfc40","3.913","","","","","1.1","https://www.longislandskydiving.com/","2024-11-30 14:45:53"
"https://business.cornell.edu/hub/2018/02/19/business-venturing-skydiving-macroeconomics/","https://business.cornell.edu/hub/2018/02/19/business-venturing-skydiving-macroeconomics/","text/html; charset=UTF-8","200","OK","Indexable","","Business venturing session combines skydiving and macroeconomics – Cornell MBA","78","752","It was great to see so many of my classmates again—many of whom I haven't seen since our two-week kickoff in July. We just completed our second residential session in Arizona.","175","1111","","0","0","","0","Business venturing session combines skydiving and macroeconomics","64","","0","Residential sessions for MBA Americas students","46","Networking—and more than networking","35","index, follow, max-image-preview:large, max-snippet:-1, max-video-preview:-1","","","","https://business.cornell.edu/hub/2018/02/19/business-venturing-skydiving-macroeconomics/","","","","","","77993","26070","862","123","7.008","74.883","Fairly Easy","7.794","0","5","","1","1","0","1.110","57","49","0","7","7","0","","","","","e845c622346edb8a3281109003a39111","1.514","","","","","1.1","https://business.cornell.edu/hub/2018/02/19/business-venturing-skydiving-macroeconomics/","2024-11-30 14:45:59"
"https://www.dcskydivingcenter.com/","https://www.dcskydivingcenter.com/","text/html; charset=UTF-8","200","OK","Indexable","","D.C. Skydiving Center","21","191","D.C. Skydiving Center jumps from up to two miles high with up to 45 seconds of freefall at 120 MPH! Feel the adrenaline rush as you soar over the city!","151","930","","0","0","tandem, sky dive, skydving, dc, washington, jump, certification, afp, freefall, d.c., D.C. Skydiving Center, warrenton airpark","126","D.C. SKYDIVING CENTER now part of the iSkydive America Family","61","","0","J","1","U","1","","","","","https://www.dcskydivingcenter.com/","","","","","","502336","118879","763","142","5.373","89.616","Easy","1.006","0","0","","4","1","0","1.110","10","6","0","16","7","0","","","","","15f37e28acb3417082c982ed6d6063dc","1.053","","","","","1.1","https://www.dcskydivingcenter.com/","2024-11-30 14:45:45"
"https://www.highlightskydiving.com/","https://www.highlightskydiving.com/","text/html; charset=UTF-8","200","OK","Indexable","","Home - Highlight Skydiving","26","237","PHN0eWxlPgoudG9wLWJhbm5lciB7Y2xpcC1wYXRoOiBwb2x5Z29uKDEwMCUgMCwgMTAwJSA4NCUsIDUwJSAxMDAlLCAwIDg0JSwgMCAwKTt9Cjwvc3R5bGU+Contact","127","1069","Contact Now      
Bring us to your air show or event! 
Energy, Enthusiasm, Expertise - Bold Brave Women!    
HIGHLIGHT is an all-female professional skydiving demonstration jump team, comprised of 13 of the best","214","1272","","0","","0","","0","Energy, Enthusiasm, Expertise – Bold Brave Women!","49","","0","index, follow, max-snippet:-1, max-video-preview:-1, max-image-preview:large","","","","https://www.highlightskydiving.com/","","","","","","204186","27601","698","189","3.693","59.218","Fairly Hard","2.411","0","0","","10","1","0","1.110","45","28","0","16","13","0","","","","","b71a72ff55a4cb227b49181ea49999a4","1.955","","","","","1.1","https://www.highlightskydiving.com/","2024-11-30 14:46:25"
"https://milehiskydiving.com/","https://milehiskydiving.com/","text/html; charset=utf-8","200","OK","Indexable","","Mile-Hi Skydiving - Denver, Colorado","36","317","Experience the thrill of skydiving at Mile-Hi Skydiving! Tandem jumps, solo dives, breathtaking views. Book now! Call 303-702-9911","130","807","","0","0","Denver skydiving, tandem jumps in Denver, solo skydiving Denver, Mile-Hi Skydiving experiences","94","","0","","0","Welcome to The Ultimate Skydiving Experience!","45","What our clients think","22","index","","","","","","","","","","102919","17687","412","82","5.024","77.094","Fairly Easy","3.350","0","0","","3","1","0","1.110","39","21","0","6","4","0","","","","","7e685aaa4c6bf7fd92808d9882302b2e","0.570","","","","","1.1","https://milehiskydiving.com/","2024-11-30 14:45:53"
"https://www.skydivespaceland.com/","https://www.skydivespaceland.com/","text/html; charset=UTF-8","200","OK","Indexable","","Skydive Spaceland | World-Class Skydiving Centers in Houston, Dallas, San Marcos/Austin/San Antonio, and Miami","110","1011","Skydive in world-class style in Houston, Texas; Dallas/Fort Worth, Texas; San Marcos/Austin/San Antonio, Texas; and south Florida! Whether you want a one-time thrill of a lifetime or to learn how to skydive from the best, you’re in the right place.","248","1508","","0","0","skydive, skydiving, parachuting, parachute jumping, tandem, freefall, free fall, Houston, Texas, Clewiston, Florida, South Florida, Miami, Fort Myers, Naples, Dallas, Fort Worth, Dallas/Fort Worth, San Marcos, San Antonio, Austin, thrill of a lifetime, bucket list, extreme","273","Are you ready for the skydiving thrill of a lifetime? Freefall with the best at Skydive Spaceland!","98","","0","","0","","0","","","","","","","","","","","14606","4731","172","41","4.195","72.726","Fairly Easy","7.966","0","0","","0","0","0","0.000","11","5","0","0","0","0","","","","","42e31a1ec4269f5321e4ac32f4abdcd1","2.012","","","","","1.1","https://www.skydivespaceland.com/","2024-11-30 14:45:49"
"https://www.tiktok.com/tag/skydiving?lang=en","https://www.tiktok.com/tag/skydiving?lang=en","text/html; charset=utf-8","200","OK","Indexable","","TikTok - Make Your Day","22","207","","0","0","","0","0","","0","","0","","0","","0","","0","","","","","","","","","","","185992","50833","0","","","","","0.000","0","1","","0","0","0","0.000","0","0","0","0","0","0","","","","","8525c9a5f9a658fe2e4346dc170ce049","0.449","","","","","1.1","https://www.tiktok.com/tag/skydiving?lang=en","2024-11-30 14:46:17"
"https://www.skydivemag.com/new/if-i-ever-need-my-aad-ill-stop-skydiving/","https://www.skydivemag.com/new/if-i-ever-need-my-aad-ill-stop-skydiving/","text/html; charset=UTF-8","200","OK","Indexable","","If I ever need my AAD, I’ll stop skydiving - Skydivemag","55","470","","0","0","","0","0","","0","If I ever need my AAD, I’ll stop skydiving","42","","0","Search","6","Market Place","12","index, follow, max-image-preview:large, max-snippet:-1, max-video-preview:-1","","","","https://www.skydivemag.com/new/if-i-ever-need-my-aad-ill-stop-skydiving/","","","","","","424460","72120","1919","289","6.640","81.109","Easy","3.774","0","2","","5","1","0","1.110","103","39","0","13","8","0","","","","","149c0325f51a6bdf87e8abbe7e465fec","4.237","","","","","1.1","https://www.skydivemag.com/new/if-i-ever-need-my-aad-ill-stop-skydiving/","2024-11-30 14:46:01"
"https://wisconsinskydivingcenter.com/blog/scared-of-skydiving-be-inspired-by-owen-provenzano/","https://wisconsinskydivingcenter.com/blog/scared-of-skydiving-be-inspired-by-owen-provenzano/","text/html; charset=UTF-8","200","OK","Indexable","","The Inspiring Story of Owen Provenzano | Wisconsin Skydiving Center","67","615","After refusing to get out of the plane as a tandem student on three separate occasions, Owen tells his inspiring story of conquering his fear of skydiving.","155","941","","0","0","","0","Scared of Skydiving? Be Inspired By Owen Provenzano","51","","0","Jumper Profile","14","","0","index, follow, max-image-preview:large, max-snippet:-1, max-video-preview:-1","","","","https://wisconsinskydivingcenter.com/blog/scared-of-skydiving-be-inspired-by-owen-provenzano/","","","","","","90747","18071","1832","295","6.210","95.059","Very Easy","13.889","0","2","","2","1","0","1.110","137","70","0","23","11","0","","","","","b14f08fdfb6e300cf32a9d95d80a0a45","3.066","","","","","1.1","https://wisconsinskydivingcenter.com/blog/scared-of-skydiving-be-inspired-by-owen-provenzano/","2024-11-30 14:45:50"
"https://www.pnwskydiving.com/","https://www.pnwskydiving.com/","text/html; charset=UTF-8","200","OK","Indexable","","PNW Skydiving Center | Skydiving Portland, Oregon","49","451","Located 30 minutes from Portland, Pacific Northwest Skydiving Center is Orgeon's premier skydiving destination. Offering tandem, AFF, & Sport Skydiving.","152","952","","0","0","","0","Get Outdoors!","13","","0","You've never seen Oregon like this.","35","Are You Ready To Skydive?","25","index, follow, max-image-preview:large, max-snippet:-1, max-video-preview:-1","","","","https://www.pnwskydiving.com/","","","","","","88385","20468","915","221","4.140","74.392","Fairly Easy","6.126","0","0","","7","1","0","1.110","66","24","0","25","12","0","","","","","52bdbec0e1b336bf56216500b9d7a5f","1.886","","","","","1.1","https://www.pnwskydiving.com/","2024-11-30 14:45:45"
"https://www.epilepsy.com/connect/forum-archive/living-epilepsy-adults/skydiving","https://www.epilepsy.com/connect/forum-archive/living-epilepsy-adults/skydiving","text/html; charset=iso-8859-1","403","Forbidden","Non-Indexable","Client Error","","0","0","","0","0","","0","0","","0","","0","","0","","0","","0","","","","","","","","","","","0","0","0","","","","","0.000","0","3","","0","0","0","0.000","0","0","0","0","0","0","","","","","","0.966","","","","","1.1","https://www.epilepsy.com/connect/forum-archive/living-epilepsy-adults/skydiving","2024-11-30 14:46:23"
"https://www.poconomountains.com/things-to-do/outdoors-adventure/skydiving/","https://www.poconomountains.com/things-to-do/outdoors-adventure/skydiving/","text/html; charset=utf-8","200","OK","Indexable","","Skydiving in the Pocono Mountains | Outdoor Activities","54","485","Take part in an exhilarating experience by free falling over the Pocono Mountains on a skydiving trip with your family and friends.","131","794","","0","0","","0","Skydiving","9","","0","Take a plunge in the Pocono Mountains!","38","","0","","","","","","","","","","","283924","46745","80","23","3.478","63.715","Normal","2.325","0","3","","3","1","0","1.110","440","339","0","14","13","0","","","","","15ddab6a0b50d93a27a5c75cab3f4bd3","3.605","Sat, 30 Nov 2024 07:00:04 GMT","","","","1.1","https://www.poconomountains.com/things-to-do/outdoors-adventure/skydiving/","2024-11-30 14:45:47"
"https://www.skydiveelsinore.com/about-us/","https://www.skydiveelsinore.com/about-us/","text/html; charset=UTF-8","301","Moved Permanently","Non-Indexable","Redirected","","0","0","","0","0","","0","0","","0","","0","","0","","0","","0","","","","","","","","","","","0","0","0","","","","","0.000","0","1","","0","0","0","0.000","0","0","0","0","0","0","","","","","","1.301","","https://skydiveelsinore.com/about-us/","HTTP Redirect","","1.1","https://www.skydiveelsinore.com/about-us/","2024-11-30 14:45:57"
"https://www.businessinsider.com/skydiving-experience-at-60-years-old-2024-9","https://www.businessinsider.com/skydiving-experience-at-60-years-old-2024-9","text/html; charset=utf-8","200","OK","Indexable","","I Finally Tried Skydiving at 60. I Understand Why People Love It. - Business Insider","84","717","I've been interested in trying skydiving for decades, but finally decided to try it at the age of 60. I get why people love it but won't go again.","146","849","","0","0","","0","I've always been curious to go skydiving and finally tried it at 60. I enjoyed it, but I won't go again.","104","","0","The day of the jump arrived, and I was excited but nervous","58","Jumping out of a plane was like nothing else I'd ever done — or will do again","77","max-image-preview:large","","","","https://www.businessinsider.com/skydiving-experience-at-60-years-old-2024-9","","","","","","271811","55232","1173","185","6.341","83.633","Easy","3.323","0","0","","3","1","0","1.110","140","82","0","34","28","0","","","","","8626ebdb44fd05f2b9e92e22d725fd7f","1.019","Sun, 29 Sep 2024 20:05:37 GMT","","","","1.1","https://www.businessinsider.com/skydiving-experience-at-60-years-old-2024-9","2024-11-30 14:45:44"
"https://www.flycookie.com/shop/skydiving-helmets-parts/g35/g35-skydiving-helmet/","https://www.flycookie.com/shop/skydiving-helmets-parts/g35/g35-skydiving-helmet/","text/html; charset=UTF-8","200","OK","Indexable","","G35 Helmet for Skydiving & Tunnel | Cookie Composites","53","493","Shop the Cookie G35 Skydiving Helmet for premium features and customization. Enjoy soft chin support, GoPro compatibility, and various color options.","149","941","","0","0","","0","G35 Skydiving Helmet","20","","0","Customizable Change","19","Watch our G35 video","19","index, follow, max-image-preview:large, max-snippet:-1, max-video-preview:-1","","","","https://www.flycookie.com/shop/skydiving-helmets-parts/g35/g35-skydiving-helmet/","","","","","","265214","31684","1050","171","6.140","96.746","Very Easy","2.398","0","4","","4","1","0","1.110","81","48","0","13","12","0","","","","","f642f397c83ea6148e142200f372dd19","3.932","","","","","1.1","https://www.flycookie.com/shop/skydiving-helmets-parts/g35/g35-skydiving-helmet/","2024-11-30 14:46:11"
"https://skydivemonroe.com/blog/skydiving-vs-bungee-jumping/","https://skydivemonroe.com/blog/skydiving-vs-bungee-jumping/","text/html; charset=UTF-8","200","OK","Indexable","","Skydiving vs Bungee Jumping Differences | Skydive Monroe","56","527","Trying to decide between skydiving and bungee jumping? Learn about altitude differences, which is scarier and what each sport feels like.","137","851","","0","0","","0","Skydiving vs Bungee Jumping Differences","39","","0","Monday, May 25, 2020","20","Biggest Differences Between Skydiving and Bungee Jumping","56","index, follow, max-image-preview:large, max-snippet:-1, max-video-preview:-1","","","","https://skydivemonroe.com/blog/skydiving-vs-bungee-jumping/","","","","","","61371","12954","1119","190","5.889","80.875","Easy","11.578","0","2","","2","1","0","1.110","114","32","0","16","9","0","","","","","33ae9fbfa875f69002eb9fe25292e33d","2.192","","","","","1.1","https://skydivemonroe.com/blog/skydiving-vs-bungee-jumping/","2024-11-30 14:46:05"
"https://www.cypres.aero/speed-skydiving-with-marco-hepp/","https://www.cypres.aero/speed-skydiving-with-marco-hepp/","text/html; charset=UTF-8","200","OK","Indexable","","Speed Skydiving with Marco Hepp - CYPRES","40","389","","0","0","","0","0","","0","Speed Skydiving with Marco Hepp","31","","0","Tuesday, November 8, 2022","25","","0","index, follow, max-image-preview:large, max-snippet:-1, max-video-preview:-1","","","","https://www.cypres.aero/speed-skydiving-with-marco-hepp/","","","","","","151326","21109","936","139","6.734","90.364","Very Easy","4.883","0","1","","3","1","0","1.110","76","65","0","7","7","0","","","","","27fa46937dde00ea43aa75d4d9b340b8","1.162","","","","","1.1","https://www.cypres.aero/speed-skydiving-with-marco-hepp/","2024-11-30 14:45:53"
"https://skydiveperris.com/","https://skydiveperris.com/","text/html; charset=UTF-8","200","OK","Indexable","","Skydive Perris: Skydiving Los Angeles & Southern California","59","524","Experience Skydive Perris, Southern California's ultimate skydiving destination for indoor and tandem skydiving near Los Angeles.","129","801","","0","0","","0","Welcome to the World's Best Skydiving Center!","45","","0","Experiences","11","Why Choose Us","13","index, follow, max-image-preview:large, max-snippet:-1, max-video-preview:-1","","","","https://skydiveperris.com/","","","","","","212614","34886","2305","458","5.033","67.578","Normal","7.848","0","0","","10","1","0","1.110","241","79","0","38","34","0","","","","","994d241ed06cc0d20cdfe479cf0330aa","2.771","","","","","1.1","https://skydiveperris.com/","2024-11-30 14:46:16"
