"Original Url","Address","Content Type","Status Code","Status","Indexability","Indexability Status","Title 1","Title 1 Length","Title 1 Pixel Width","Title 2","Title 2 Length","Title 2 Pixel Width","Meta Description 1","Meta Description 1 Length","Meta Description 1 Pixel Width","Meta Keywords 1","Meta Keywords 1 Length","H1-1","H1-1 Length","H1-2","H1-2 Length","H2-1","H2-1 Length","H2-2","H2-2 Length","Meta Robots 1","Meta Robots 2","Meta Robots 3","Meta Robots 4","X-Robots-Tag 1","Meta Refresh 1","Canonical Link Element 1","rel=""next"" 1","rel=""prev"" 1","HTTP rel=""next"" 1","HTTP rel=""prev"" 1","amphtml Link Element","Size (bytes)","Transferred (bytes)","Word Count","Sentence Count","Average Words Per Sentence","Flesch Reading Ease Score","Readability","Text Ratio","Crawl Depth","Folder Depth","Link Score","Inlinks","Unique Inlinks","Unique JS Inlinks","% of Total","Outlinks","Unique Outlinks","Unique JS Outlinks","External Outlinks","Unique External Outlinks","Unique External JS Outlinks","Closest Similarity Match","No. Near Duplicates","Spelling Errors","Grammar Errors","Hash","Response Time","Last Modified","Redirect URL","Redirect Type","Cookies","HTTP Version","URL Encoded Address","Crawl Timestamp"
"https://genius.com/","https://genius.com/","text/html; charset=utf-8","200","OK","Indexable","","Genius | Song Lyrics & Knowledge","32","299","","0","0","Genius is the world’s biggest collection of song lyrics and musical knowledge.","78","483","","0","Genius is the world’s biggest collection of song lyrics and musical knowledge","77","","0","Read All The Lyrics To Juice WRLD’s New Album ‘The Party Never Ends’","68","Freestyle Legend Debbie Deb Discusses Being Sampled By Kendrick Lamar","69","","","","","","","","","","","","","279003","69889","593","204","2.907","98.598","Very Easy","1.270","0","0","","4","1","0","1.150","96","81","0","8","4","0","","","","","75a974050949c611a4074f9949cf77c4","0.692","","","","","1.1","https://genius.com/","2024-11-30 14:44:22"
"https://en.wikipedia.org/wiki/Category:Songs_with_lyrics_by_Ira_Gershwin","https://en.wikipedia.org/wiki/Category:Songs_with_lyrics_by_Ira_Gershwin","text/html; charset=UTF-8","200","OK","Indexable","","Category:Songs with lyrics by Ira Gershwin - Wikipedia","54","475","","0","0","","0","0","","0","Category:Songs with lyrics by Ira Gershwin","42","","0","Subcategories","13","Pages in category ""Songs with lyrics by Ira Gershwin""","53","max-image-preview:standard","","","","","","https://en.wikipedia.org/wiki/Category:Songs_with_lyrics_by_Ira_Gershwin","","","","","","51433","12452","495","123","4.024","100.000","Very Easy","6.811","0","1","","4","1","0","1.150","126","113","0","14","10","0","","","","","675287bb4529ca8564f625459393a99d","0.954","Sat, 16 Nov 2024 09:44:22 GMT","","","","1.1","https://en.wikipedia.org/wiki/Category:Songs_with_lyrics_by_Ira_Gershwin","2024-11-30 14:44:23"
"http://www.hawaii.edu/oceanic/rotuma/music/Lyrics/lyrics.htm","http://www.hawaii.edu/oceanic/rotuma/music/Lyrics/lyrics.htm","text/html","200","OK","Indexable","","Lyrics to Rotuman Songs","23","221","","0","0","","0","0","","0","","0","","0","","0","","0","","","","","","","","","","","","","10546","10546","689","250","2.756","89.846","Easy","28.765","0","4","","0","0","0","0.000","123","120","0","0","0","0","","","","","ece283edfdcee9c8fa6c202a5764b4b2","1.177","","","","","1.1","http://www.hawaii.edu/oceanic/rotuma/music/Lyrics/lyrics.htm","2024-11-30 14:44:25"
"https://www.capitalfm.com/news/music/madison-beer-silence-between-songs-lyrics-meaning/","https://www.capitalfm.com/news/music/madison-beer-silence-between-songs-lyrics-meaning/","text/html; charset=utf-8","200","OK","Indexable","","Madison Beer explains her Silence Between Songs lyrics track by track - Capital","79","697","","0","0","Madison Beer reveals the meaning behind every song on Silence Between Songs on PopBuzz's Making The Album podcast.","114","763","","0","Madison Beer explains every song on Silence Between Songs | Making The Album","76","","0","On Air Now","10","Now Playing","11","max-image-preview:large","","","","","","https://www.capitalfm.com/news/music/madison-beer-silence-between-songs-lyrics-meaning/","","","","","","147675","26330","2380","385","6.182","87.808","Easy","10.007","0","3","","5","1","0","1.150","131","92","0","31","26","0","","","","","7ffe9bbb429faa69285a6155dc3d33a9","0.726","","","","","1.1","https://www.capitalfm.com/news/music/madison-beer-silence-between-songs-lyrics-meaning/","2024-11-30 14:44:41"
"https://www.youtube.com/watch?v=Qop5XLgwkNc","https://www.youtube.com/watch?v=Qop5XLgwkNc","text/html; charset=utf-8","200","OK","Indexable","","Jelly Roll - I Am Not Okay (Official Lyric Video) - YouTube","59","496","","0","0","Jelly Roll - I Am Not Okay (Official Lyric Video)From the new album, Beautifully Broken out nowListen here: https://jellyroll.lnk.to/beautifullybrokenListen ...","160","955","Jelly Roll, im not okay, i'm not okay, i am not okay, jelly roll im not ok, im not ok jelly roll, i am not ok jelly roll, jelly roll i am not ok, im not okay jelly roll, jelly roll i'm not ok, i'm not okay jelly roll, i am not ok, i am not okay jelly roll, jelly roll i'm not okay, jelly roll i am not okay, jellyroll im not ok, jelly roll im not okay lyrics, i am not ok lyrics, im not ok jelly roll lyrics, jellyroll, emmys, tulsa king, sylvester stallone, paramount, memoriam","478","","0","","0","","0","","0","","","","","","","https://www.youtube.com/watch?v=Qop5XLgwkNc","","","","","","1083142","210841","32","3","10.667","100.000","Very Easy","0.015","0","0","","0","0","0","0.000","13","12","0","1","1","0","","","","","2c681f05bb9fc03a2aef015aeb158179","0.477","","","","","1.1","https://www.youtube.com/watch?v=Qop5XLgwkNc","2024-11-30 14:44:39"
"https://www.amazonforum.com/s/question/0D54P00007nmDObSAM/how-do-i-see-lyrics-on-amazon-music-for-the-songs-that-do-have-lyrics?language=en_US","https://www.amazonforum.com/s/question/0D54P00007nmDObSAM/how-do-i-see-lyrics-on-amazon-music-for-the-songs-that-do-have-lyrics?language=en_US","","301","Moved Permanently","Non-Indexable","Redirected","","0","0","","0","0","","0","0","","0","","0","","0","","0","","0","","","","","","","","","","","","","0","0","0","","","","","0.000","0","3","","0","0","0","0.000","0","0","0","0","0","0","","","","","","2.170","","https://www.amazonforum.com/s/question/0D54P00007nmDObSAM/how-do-i-see-lyrics-on-amazon-music-for-the-songs-that-do-have-lyrics","HTTP Redirect","","1.1","https://www.amazonforum.com/s/question/0D54P00007nmDObSAM/how-do-i-see-lyrics-on-amazon-music-for-the-songs-that-do-have-lyrics?language=en_US","2024-11-30 14:44:49"
"https://lamurgadeaustin.org/songs/","https://lamurgadeaustin.org/songs/","text/html; charset=UTF-8","200","OK","Indexable","","Songs - La Murga de Austin","26","243","","0","0","The Heartbeat of Austin FC. La Murga de Austin is the supporters section band for Austin FC.","92","579","","0","","0","","0","Songsheets","10","Share these songs.","18","","","","","","","","","","","","","88459","19943","237","63","3.762","100.000","Very Easy","1.419","0","1","","1","1","0","1.150","39","34","0","6","5","0","","","","","5f5987d36b22e24a24756049708010dc","1.186","","","","","1.1","https://lamurgadeaustin.org/songs/","2024-11-30 14:44:46"
"https://in.pinterest.com/sruthibaiju/songs-lyrics/","https://in.pinterest.com/sruthibaiju/songs-lyrics/","text/html; charset=utf-8","200","OK","Indexable","","100 Songs lyrics... ideas | lyrics, songs, song lyrics","54","439","","0","0","Jul 30, 2017 - Explore Sruthi Baiju's board ""Songs lyrics..."" on Pinterest. See more ideas about lyrics, songs, song lyrics.","124","735","","0","Songs lyrics...","15","","0","Pinterest","9","","0","","","","","","","","","","","","","724411","97768","228","92","2.478","66.288","Normal","0.202","0","2","","0","0","0","0.000","113","98","0","0","0","0","","","","","84b959ae688db7c8477db48ee5e2054b","0.607","","","","","1.1","https://in.pinterest.com/sruthibaiju/songs-lyrics/","2024-11-30 14:44:34"
"https://www.lyrics.com/","https://www.lyrics.com/","text/html; charset=UTF-8","200","OK","Indexable","","Lyrics.com","10","97","","0","0","On Lyrics.com you can find all the lyrics you need. From oldies to the latest top40 music. &copy;2024 STANDS4 LLC","113","687","lyrics, lyric, ringtone, wallpaper, polyphonic, lyrixs, songtext, music, musicsongs, mp3, download, free, artist, artist, top40, Lyrics.com","139","Welcome to Lyrics.com!","22","","0","BIRDS OF A FEATHER","18","We need you!","12","","","","","","","","","","","","","619240","67530","12923","2731","4.732","99.455","Very Easy","10.316","0","0","","41","1","0","1.150","504","232","0","54","49","0","","","","","ddc51ffd2212234478dc2c47d6b4e02a","0.950","","","","","1.1","https://www.lyrics.com/","2024-11-30 14:44:29"
"https://community.pandora.com/t5/My-Collection/How-to-view-song-lyrics/td-p/70282","https://community.pandora.com/t5/My-Collection/How-to-view-song-lyrics/td-p/70282","text/html;charset=UTF-8","200","OK","Indexable","","Solved: How to view song lyrics - Pandora Community","51","474","","0","0","Solved: where are song lyrics? fred Moderator Edit: Changing title for clarity","78","464","","0","","0","","0","How to view song lyrics","23","","0","","","","","","","https://community.pandora.com/t5/My-Collection/How-to-view-song-lyrics/td-p/70282","","","","","","675856","79722","1748","432","4.046","91.461","Very Easy","1.455","0","4","","37","1","0","1.150","194","120","0","7","5","0","","","","","99d0fae073f2ebab17f8036cfa2b0f9a","2.456","","","","","1.1","https://community.pandora.com/t5/My-Collection/How-to-view-song-lyrics/td-p/70282","2024-11-30 14:44:38"
"https://ooliteracy.com/classic-nursery-rhymes-and-childrens-songs-with-lyrics/","https://ooliteracy.com/classic-nursery-rhymes-and-childrens-songs-with-lyrics/","text/html; charset=UTF-8","200","OK","Indexable","","List of Classic Nursery Rhymes and Children’s Songs (With Lyrics) - Ox and Owl Literacy %","89","788","","0","0","Help fuel your efforts in launching your child's language development with this great list of classic nursery rhymes and song.","126","770","","0","List of Classic Nursery Rhymes and Children’s Songs (With Lyrics)","65","","0","Nursery Rhymes & Children’s Songs","33","A Wise Old Owl","14","index, follow, max-image-preview:large, max-snippet:-1, max-video-preview:-1","","","","","","https://ooliteracy.com/classic-nursery-rhymes-and-childrens-songs-with-lyrics/","","","","","","259017","50480","9000","1701","5.291","100.000","Very Easy","18.480","0","1","","94","1","0","1.150","137","20","0","2","2","0","","","","","5f627249cd4b5f4621f79cf2f15b8977","1.480","","","","","1.1","https://ooliteracy.com/classic-nursery-rhymes-and-childrens-songs-with-lyrics/","2024-11-30 14:44:17"
"https://uk.ccli.com/songselect/","https://uk.ccli.com/songselect/","text/html; charset=UTF-8","200","OK","Indexable","","SongSelect by CCLI - Worship songs, lyrics, chord, and vocals sheets","68","603","Homepage","8","97","SongSelect by CCLI is the definitive source for Christian music, worship songs, song lyrics, chord and lead sheets, transposable sheet music and audio.","151","936","","0","What can SongSelect do for you?","31","Let's Keep in Touch","19","Intuitive Search","16","Sheet Music","11","index, follow, max-image-preview:large, max-snippet:-1, max-video-preview:-1","","","","","","https://uk.ccli.com/songselect/","","","","","","589274","164392","1950","630","3.095","61.609","Normal","7.304","0","1","","38","1","0","1.150","367","74","0","10","10","0","","","","","76f446ef4b18242d93419c56b79aa1cf","1.370","Sat, 30 Nov 2024 09:44:20 GMT","","","","1.1","https://uk.ccli.com/songselect/","2024-11-30 14:44:20"
"https://www.instagram.com/_english_songs_lyrics/?hl=en","https://www.instagram.com/_english_songs_lyrics/?hl=en","text/html; charset=""utf-8""","200","OK","Non-Indexable","Canonicalised","english songs lyrics (@_english_songs_lyrics) • Instagram photos and videos","75","675","","0","0","518K Followers, 184 Following, 1,390 Posts - english songs lyrics (@_english_songs_lyrics) on Instagram: ""🔅ᴅᴏɴ'ᴛ ᴊᴜᴅɢᴇ ᴍʏ ᴘᴀɢᴇ ʙʏ ᴍʏ ғᴏʟʟᴏᴡᴇʀꜱ 🤭
📜🅼🆄🆂🅸🅲 🅷🅴🅰🅻🆂 🅤 🅱🆄🆃 🅛🅨🅡🅘🅒🅢  🅺🅸🅻🅻🆂 💔.
🔸Dm for promotion 📩
🔸ᴛᴜʀɴ ᴏɴ ɴᴏᴛɪғɪᴄᴀᴛɪᴏɴs🔔
🔸ᴅᴀɪʟʏ ᴜᴘᴅᴀᴛᴇ🔥
🔸sᴜᴘᴘᴏʀᴛ ɴᴇᴇᴅᴇᴅ👇""","294","1511","","0","","0","","0","","0","","0","noarchive, noimageindex","","","","","","https://www.instagram.com/_english_songs_lyrics/","","","","","","559629","118060","0","","","","","0.000","0","1","","0","0","0","0.000","0","0","0","0","0","0","","","","","382641a67b3b5aa6bc83dfe17264b38e","0.561","","","","","1.1","https://www.instagram.com/_english_songs_lyrics/?hl=en","2024-11-30 14:44:30"
"https://songtown.com/on-songwriting/how-to-format-lyric-sheets/","https://songtown.com/on-songwriting/how-to-format-lyric-sheets/","text/html; charset=UTF-8","200","OK","Indexable","","Songwriters: How To Format Lyric Sheets Like A Pro: SongTown","60","565","","0","0","One of the most overlooked details in the songwriting business is how to properly format lyric sheets. Here are the “dos and don’ts” for aspiring...","148","898","","0","Songwriters: How To Format Lyric Sheets Like A Pro (Update for 2024)","68","","0","Professional Publishers, Producers, and Artists all speak a common language.","76","Your lyric sheet must look professional, I can’t say this enough…","65","follow, index, max-snippet:-1, max-video-preview:-1, max-image-preview:large","","","","","","https://songtown.com/on-songwriting/how-to-format-lyric-sheets/","","","","","","129167","28570","1684","268","6.284","87.674","Easy","8.469","0","2","","5","1","0","1.150","46","26","0","9","9","0","","","","","b55528dab426b39cacddeed6e6822b69","1.049","","","","","1.1","https://songtown.com/on-songwriting/how-to-format-lyric-sheets/","2024-11-30 14:44:47"
"https://www.reddit.com/r/DJs/comments/8kwqk2/how_are_you_able_to_put_one_songs_lyrics_on/","https://www.reddit.com/r/DJs/comments/8kwqk2/how_are_you_able_to_put_one_songs_lyrics_on/","text/html; charset=utf-8","302","Found","Non-Indexable","Redirected","","0","0","","0","0","","0","0","","0","","0","","0","","0","","0","","","","","","","","","","","","","408","408","0","","","","","0.000","0","5","","0","0","0","0.000","0","0","0","0","0","0","","","","","","0.388","","https://www.reddit.com/r/DJs/comments/8kwqk2/how_are_you_able_to_put_one_songs_lyrics_on/?rdt=51869","HTTP Redirect","","1.1","https://www.reddit.com/r/DJs/comments/8kwqk2/how_are_you_able_to_put_one_songs_lyrics_on/","2024-11-30 14:44:26"
"https://www.reddit.com/r/truespotify/comments/17yepjn/no_spotify_lyrics_to_popular_songs/","https://www.reddit.com/r/truespotify/comments/17yepjn/no_spotify_lyrics_to_popular_songs/","text/html; charset=utf-8","302","Found","Non-Indexable","Redirected","","0","0","","0","0","","0","0","","0","","0","","0","","0","","0","","","","","","","","","","","","","406","406","0","","","","","0.000","0","5","","0","0","0","0.000","0","0","0","0","0","0","","","","","","0.497","","https://www.reddit.com/r/truespotify/comments/17yepjn/no_spotify_lyrics_to_popular_songs/?rdt=47956","HTTP Redirect","","1.1","https://www.reddit.com/r/truespotify/comments/17yepjn/no_spotify_lyrics_to_popular_songs/","2024-11-30 14:44:17"
"https://www.praisecharts.com/song-lists/top-100-worship-songs-of-all-time","https://www.praisecharts.com/song-lists/top-100-worship-songs-of-all-time","text/html; charset=utf-8","200","OK","Indexable","","Top 100 Worship Songs of All Time - PraiseCharts","48","440","","0","0","Tried and true. Call them nostalgic, old, or classic, these songs have stood the test of time at PraiseCharts. Take a look through some of the most memorable praise &amp; worship songs of all time. Many of these songs have piano/vocal, choir sheet, and multitrack arrangements. Check them out here and listen on Spotify!","320","1962","","0","Top 100 Worship Songs of All Time","33","","0","More Lists","10","","0","","","","","","","https://www.praisecharts.com/song-lists/top-100-worship-songs-of-all-time","","","","","","321129","43689","575","99","5.808","98.243","Very Easy","1.424","0","1","","0","0","0","0.000","72","42","0","8","6","0","","","","","68fbf81d741c48a08d09de09b330a9f8","0.476","","","","","1.1","https://www.praisecharts.com/song-lists/top-100-worship-songs-of-all-time","2024-11-30 14:44:43"
"https://pbskids.org/daniel/art-and-songs/songs","https://pbskids.org/daniel/art-and-songs/songs","text/html","403","Forbidden","Non-Indexable","Client Error","","0","0","","0","0","","0","0","","0","","0","","0","","0","","0","","","","","","","","","","","","","986","986","0","","","","","0.000","0","2","","0","0","0","0.000","0","0","0","0","0","0","","","","","","0.546","","","","","1.1","https://pbskids.org/daniel/art-and-songs/songs","2024-11-30 14:44:43"
"https://hillsong.com/lyrics/en/highlands-song-of-ascent/","https://hillsong.com/lyrics/en/highlands-song-of-ascent/","text/html; charset=UTF-8","302","Found","Non-Indexable","Redirected","","0","0","","0","0","","0","0","","0","","0","","0","","0","","0","","","","","","","","","","","","","0","0","0","","","","","0.000","0","3","","0","0","0","0.000","0","0","0","0","0","0","","","","","","0.812","","https://hillsong.com/lyrics/highlands-song-of-ascent/","HTTP Redirect","","1.1","https://hillsong.com/lyrics/en/highlands-song-of-ascent/","2024-11-30 14:44:45"
"https://texaslonghorns.com/sports/2013/7/28/traditions_0728134501.aspx","https://texaslonghorns.com/sports/2013/7/28/traditions_0728134501.aspx","text/html; charset=utf-8","200","OK","Indexable","","Traditions: 'Texas Fight' - University of Texas Athletics","57","474","","0","0","Read more about ""Texas Fight"" at The Longhorn Band website

""Texas Fight,"" is the official fight song of The University of Texas and is played following touchdowns","165","1013","","0","University of Texas Athletics","29","","0","Main","4","Sport","5","","","","","","","https://texaslonghorns.com/sports/2013/7/28/traditions_0728134501.aspx","","","","","","411825","41130","435","73","5.959","88.181","Easy","1.709","0","4","","2","1","0","1.150","144","134","0","78","71","0","","","","","276355862d750875c05a6dc5dab98924","4.916","","","","","1.1","https://texaslonghorns.com/sports/2013/7/28/traditions_0728134501.aspx","2024-11-30 14:44:28"
"https://boldmusiclessons.com/songwriting-beginners-lyrics/","https://boldmusiclessons.com/songwriting-beginners-lyrics/","text/html; charset=UTF-8","200","OK","Indexable","","How to Write Song Lyrics for Beginners | Bold Music","51","458","","0","0","Rushton, one of our Bold Music instructors, teaches you his approach on writing song lyrics in this beginner songwriting series.","128","789","","0","Songwriting for Beginners: Part 1 – Lyrics","42","","0","Pen and Paper","13","Say What You Mean, Not What Rhymes","34","index, follow, max-image-preview:large, max-snippet:-1, max-video-preview:-1","","","","","","https://boldmusiclessons.com/songwriting-beginners-lyrics/","","","","","","284651","55075","1404","216","6.500","84.605","Easy","2.938","0","1","","1","1","0","1.150","43","27","0","6","6","0","","","","","117608bfaa5b4a6b4e6649fbb958536","1.028","Sat, 30 Nov 2024 06:55:40 GMT","","","","1.1","https://boldmusiclessons.com/songwriting-beginners-lyrics/","2024-11-30 14:44:17"
"https://www.scribbr.com/mla/song-citation/","https://www.scribbr.com/mla/song-citation/","text/html; charset=UTF-8","200","OK","Indexable","","How to Cite a Song in MLA | Format & Examples","45","422","","0","0","To cite a song, list the performer, the song title in quotation marks, and details of the website or album it appears on.","121","719","","0","How to Cite a Song in MLA | Format & Examples","45","","0","Table of contents","17","Citing songs in physical formats","32","index, follow, max-image-preview:large, max-snippet:-1, max-video-preview:-1","","","","","","https://www.scribbr.com/mla/song-citation/","","","","","","188119","27288","1472","309","4.764","78.088","Fairly Easy","5.880","0","2","","13","1","0","1.150","244","136","0","14","14","0","","","","","a6e42a5bbd5817904f760482b967341","1.124","Thu, 28 Nov 2024 22:45:46 GMT","","","","1.1","https://www.scribbr.com/mla/song-citation/","2024-11-30 14:44:19"
"https://www.scoutsongs.com/categories/patriotic-songs.html","https://www.scoutsongs.com/categories/patriotic-songs.html","text/html","200","OK","Indexable","","Patriotic Songs Lyrics","22","192","","0","0","Patriotic Song lyrics for popular American Patriotic Songs","58","355","","0","Patriotic Song Lyrics","21","","0","","0","","0","","","","","","","https://www.scoutsongs.com/categories/patriotic-songs.html","","","","","","25013","6666","197","44","4.477","100.000","Very Easy","5.269","0","1","","2","1","0","1.150","46","44","0","9","9","0","","","","","7b516a20f2445b5403f3f29d9431bd12","1.302","","","","","1.1","https://www.scoutsongs.com/categories/patriotic-songs.html","2024-11-30 14:44:17"
"https://www.westsidestory.com/lyrics","https://www.westsidestory.com/lyrics","text/html;charset=utf-8","200","OK","Indexable","","Lyrics — West Side Story","24","216","","0","0","","0","0","","0","West Side Story","15","","0","LYRICS","6","Jet Song","8","","","","","","","https://www.westsidestory.com/lyrics","","","","","","57185","11258","197","48","4.104","91.444","Very Easy","3.259","0","0","","4","1","0","1.150","58","36","0","0","0","0","","","","","a279d6cc15647e9b4bfea93ec4eb603","1.028","","","","","1.1","https://www.westsidestory.com/lyrics","2024-11-30 14:44:20"
"https://www.scottishbooktrust.com/songs-and-rhymes/tiny-tim-i-have-a-little-turtle","https://www.scottishbooktrust.com/songs-and-rhymes/tiny-tim-i-have-a-little-turtle","text/html; charset=utf-8","200","OK","Indexable","","Tiny Tim (I Have a Little Turtle) Lyrics - Scottish Book Trust","62","516","","0","0","Discover the Tiny Tim (I Have a Little Turtle) song at Scottish Book Trust, including lyrics. Browse our Bookbug Song and Rhyme library to find more to enjoy.","158","969","","0","Tiny Tim (I Have a Little Turtle)","33","","0","How to use this song with babies","32","How to use this song with toddlers","34","","","","","","","https://www.scottishbooktrust.com/songs-and-rhymes/tiny-tim-i-have-a-little-turtle","","","","","","144505","15339","278","46","6.043","85.061","Easy","10.209","0","1","","4","1","0","1.150","163","158","0","14","14","0","","","","","838a87ab08dc6a18a3b537e6139a3ffd","1.520","","","","","1.1","https://www.scottishbooktrust.com/songs-and-rhymes/tiny-tim-i-have-a-little-turtle","2024-11-30 14:44:49"
"https://home.army.mil/wood/1715/4022/1084/Army_Song_Lyrics.pdf","https://home.army.mil/wood/1715/4022/1084/Army_Song_Lyrics.pdf","","0","Connection Timeout","Non-Indexable","No Response","","0","0","","0","0","","0","0","","0","","0","","0","","0","","0","","","","","","","","","","","","","0","0","0","","","","","0.000","0","4","","0","0","0","0.000","0","0","0","0","0","0","","","","","","","","","","","","https://home.army.mil/wood/1715/4022/1084/Army_Song_Lyrics.pdf","2024-11-30 14:44:29"
"https://colorcodedlyrics.com/","https://colorcodedlyrics.com/","text/html; charset=UTF-8","200","OK","Indexable","","Color Coded Lyrics » Latest Kpop Songs brought to you by CCL team","65","604","","0","0","color coded lyrics, kpop, 파트별, 가사, 파트별 가사, BTS, TWICE, Blackpink, ASTRO, GOT7, NCT, Red Velvet, Oh my girl, Laboum, lyrics, korean, IU, 방탄소년단, 트와이스, ITZY, 있지, Iz*one, 엔시티, Color coded, Black pink, genius, NCT dream, Ateez, apink, chungha, 청하, 에이핑크, 아이유, EXO, iKON, seventeen, 세븐틴, 레드벨벳, Bigbang, Girls' Generation, SNSD, Mamamoo, 마마무, Stray Kids, 스트레이 키즈, Monsta X, GFriend, 몬스타엑스, (G)I-dle, LOOΠΔ, Loona, 아이즈원, Wanna One, 워너원, Cosmic Girls, 우주소녀, Winner, 위너, Jpop, Morning Musume, C-ute, Berryz, AKB48, Produce 101,","516","3085","","0","Color Coded Lyrics","18","Trending Songs","14","Posts navigation","16","","0","index, follow, max-image-preview:large, max-snippet:-1, max-video-preview:-1","","","","","","https://colorcodedlyrics.com/","https://colorcodedlyrics.com/page/2/","","","","","91273","12542","287","60","4.783","100.000","Very Easy","2.780","0","0","","5","1","0","1.150","130","49","0","1","1","0","","","","","c62c9473a41180fc852df0d001c047ab","0.984","Sat, 30 Nov 2024 08:59:33 GMT","","","","1.1","https://colorcodedlyrics.com/","2024-11-30 14:44:20"
"https://tomlehrersongs.com/","https://tomlehrersongs.com/","text/html; charset=UTF-8","200","OK","Indexable","","Tom Lehrer Songs – Songs and Lyrics by Tom Lehrer","49","468","","0","0","","0","0","","0","","0","by Tom Lehrer","13","","0","Songs and Lyrics","16","max-image-preview:large","","","","","","https://tomlehrersongs.com/","","","","","","75743","15653","1150","292","3.938","85.207","Easy","8.769","0","0","","6","1","0","1.150","210","102","0","0","0","0","","","","","f2a4dbfe2e68fb3a24c7de24caa7b7b3","1.321","","","","","1.1","https://tomlehrersongs.com/","2024-11-30 14:44:41"
"https://support.apple.com/en-us/105076","https://support.apple.com/en-us/105076","text/html;charset=utf-8","200","OK","Indexable","","See lyrics and sing in Apple Music on your iPhone or iPad - Apple Support","73","645","","0","0","Follow along as you listen to your favorite songs with perfectly timed lyrics that appear line-by-line and beat-by-beat. Adjust the vocals so that you can sing along to the music you love. All with your Apple Music subscription.","228","1379","","0","See lyrics and sing in Apple Music on your iPhone or iPad","57","","0","How to see lyrics on your iPhone or iPad","40","If you don't see lyrics on your iPhone or iPad","46","","","","","","","https://support.apple.com/en-us/105076","","","","","","127994","29156","564","91","6.198","85.644","Easy","3.395","0","1","","1","1","0","1.150","31","28","0","0","0","0","","","","","64399a80930e08e3dd8ff21e6be9e607","0.970","Thu, 15 Feb 2024 09:35:48 GMT","","","","1.1","https://support.apple.com/en-us/105076","2024-11-30 14:44:46"
"https://www.pinterest.com/apariciofam3/kids-song-lyrics/","https://www.pinterest.com/apariciofam3/kids-song-lyrics/","text/html; charset=utf-8","200","OK","Indexable","","68 Best Kids' Song Lyrics ideas | kindergarten songs, nursery songs, preschool songs","84","747","","0","0","Jun 1, 2019 - Explore Anna Breaux-Aparicio's board ""Kids' Song Lyrics"" on Pinterest. See more ideas about kindergarten songs, nursery songs, preschool songs.","157","987","","0","Kids' Song Lyrics","17","","0","Pinterest","9","","0","","","","","","","","","","","","","724279","101779","397","110","3.609","71.051","Fairly Easy","0.346","0","2","","0","0","0","0.000","105","90","0","0","0","0","","","","","cbc84e4585dcf3addb04afd0c2cf2365","0.645","","","","","1.1","https://www.pinterest.com/apariciofam3/kids-song-lyrics/","2024-11-30 14:44:45"
"https://www.pbs.org/wgbh/americanexperience/features/soundtrack-lyrics/","https://www.pbs.org/wgbh/americanexperience/features/soundtrack-lyrics/","text/html; charset=utf-8","200","OK","Indexable","","Lyrics of the Freedom Songs | American Experience | Official Site | PBS","71","621","Dismiss","7","70","""Soundtrack for a Revolution"" is a window into the musical and lyrical soul of civil rights movement. Read the lyrics of the songs that inspired the civil rights movement.","171","1033","","0","","0","Newsletter","10","Main Navigation","15","Lyrics of the Freedom Songs","27","","","","","","","","","","","","","177024","177024","2737","458","5.976","95.274","Very Easy","13.583","0","4","","2","1","0","1.150","41","23","0","19","15","0","","","","","199c2b580c6bcc4bd578cd16d627dbfb","1.679","","","","","1.1","https://www.pbs.org/wgbh/americanexperience/features/soundtrack-lyrics/","2024-11-30 14:44:51"
"https://www.tamu.edu/campus-community/traditions/gameday/aggie-songs.html","https://www.tamu.edu/campus-community/traditions/gameday/aggie-songs.html","text/html","200","OK","Indexable","","Aggie Songs | Texas A&M University","34","319","","0","0","Learn about the Aggie Songs that are part of Texas A&M University's many traditions.","84","527","","0","Aggie Songs","11","","0","Logins","6","Resources","9","","","","","","","https://www.tamu.edu/campus-community/traditions/gameday/aggie-songs.html","","","","","","98321","15637","714","133","5.368","91.548","Very Easy","15.915","0","3","","5","1","0","1.150","220","102","0","26","21","0","","","","","52ee5569e6e6371642be7507721da30d","1.337","Fri, 22 Nov 2024 20:32:46 GMT","","","","1.1","https://www.tamu.edu/campus-community/traditions/gameday/aggie-songs.html","2024-11-30 14:44:24"
"https://www.music.af.mil/Space-Force-Song/Semper-Supra-Lyrics/","https://www.music.af.mil/Space-Force-Song/Semper-Supra-Lyrics/","text/html; charset=utf-8","200","OK","Indexable","","Semper Supra Lyrics","19","182","","0","0","Lyrics to Semper Supra.  The official song of the United States Space Force.","76","464","Lyrics, Space, Semper, Supra","28","Semper Supra","12","","0","","0","","0","INDEX, FOLLOW","","","","","","","","","","","","51043","13142","148","34","4.353","74.374","Fairly Easy","5.313","0","2","","2","1","0","1.150","66","55","0","10","8","0","","","","","f04a091cffd41b48f1925f2ca1b8a9c0","3.557","","","","","1.1","https://www.music.af.mil/Space-Force-Song/Semper-Supra-Lyrics/","2024-11-30 14:44:36"
"https://www.goodhousekeeping.com/holidays/valentines-day-ideas/g34898856/best-love-song-quotes/","https://www.goodhousekeeping.com/holidays/valentines-day-ideas/g34898856/best-love-song-quotes/","text/html; charset=utf-8","200","OK","Indexable","","64 Best Love Song Lyrics - Quotes and Lines From Romantic Songs","63","592","","0","0","These love song lyrics include some of the most romantic quotes out there. Say ""I love you"" with help from artists like Taylor Swift, Selena Gomez and more.","156","961","","0","64 Best Love Song Lyrics You Can Quote to Your Valentine This Year","66","","0","""When A Man Loves A Woman"" by Percy Sledge","42","“It’s All Coming Back to Me Now” by Celine Dion","47","noarchive,noai,noimageai,max-image-preview:large,max-snippet:-1,max-video-preview:30","","","","all","","https://www.goodhousekeeping.com/holidays/valentines-day-ideas/g34898856/best-love-song-quotes/","","","","","","510943","100717","1035","177","5.847","82.460","Easy","1.369","0","4","","4","1","0","1.150","77","61","0","18","13","0","","","","","d2cc01b2a63931bb80be8aef2dbd2166","0.569","","","","","1.1","https://www.goodhousekeeping.com/holidays/valentines-day-ideas/g34898856/best-love-song-quotes/","2024-11-30 14:44:19"
"https://newsroom.spotify.com/2021-11-18/you-can-now-find-the-lyrics-to-your-favorite-songs-in-spotify-heres-how/","https://newsroom.spotify.com/2021-11-18/you-can-now-find-the-lyrics-to-your-favorite-songs-in-spotify-heres-how/","text/html; charset=UTF-8","200","OK","Indexable","","You Can Now Find the Lyrics to Your Favorite Songs in Spotify. Here’s How. — Spotify","84","750","","0","0","","0","0","","0","You Can Now Find the Lyrics to Your Favorite Songs in Spotify. Here’s How.","74","On the Spotify mobile app","25","Up Next","7","Up Next","7","index, follow, max-image-preview:large, max-snippet:-1, max-video-preview:-1","","","","","","https://newsroom.spotify.com/2021-11-18/you-can-now-find-the-lyrics-to-your-favorite-songs-in-spotify-heres-how/","","","","","","148759","46580","674","131","5.145","83.750","Easy","5.819","0","2","","7","1","0","1.150","78","39","0","29","14","0","","","","","a3403e8a63911efe245ec8248045098a","0.701","","","","","1.1","https://newsroom.spotify.com/2021-11-18/you-can-now-find-the-lyrics-to-your-favorite-songs-in-spotify-heres-how/","2024-11-30 14:44:27"
"https://lyricstudio.net/","https://lyricstudio.net/","text/html; charset=utf-8","200","OK","Indexable","","LyricStudio","11","99","","0","0","Say goodbye to writer's block. LyricStudio suggests unique lyric ideas based on your topics and style.","102","627","","0","","0","","0","","0","","0","","","","","","","","","","","","","14092","4674","0","","","","","0.902","0","0","","0","0","0","0.000","0","0","0","0","0","0","","","","","ca4ce0c94224d372c4a39f99d6cf323a","0.735","Wed, 06 Nov 2024 17:34:28 GMT","","","","1.1","https://lyricstudio.net/","2024-11-30 14:44:35"
"https://www.theteachersguide.com/ChildrensSongs.htm","https://www.theteachersguide.com/ChildrensSongs.htm","text/html","200","OK","Indexable","","Children's Songs Lyrics, Midis, Printouts, and Videos from The Teacher's Guide","78","691","","0","0","We have printable lyric sheets, midis, and videos to hundreds of children's songs. Lyrics are available in pdf format so you can hand out a copy to all of your students.","169","1021","children's songs, children's songs lyrics, lyrics to kids songs, kid songs lyrics","81","The Teacher's Guide-Free Worksheets, SMARTboard templates, and lesson plans for teachers.","89","Children's Songs","16","","0","","0","","","","","","","","","","","","","43026","43026","999","286","3.493","90.490","Very Easy","12.780","0","0","","28","1","0","1.150","290","244","0","9","9","0","","","","","5330438cbbdb35e00d514e88b58333d2","1.183","Mon, 30 Oct 2023 02:56:38 GMT","","","","1.1","https://www.theteachersguide.com/ChildrensSongs.htm","2024-11-30 14:44:18"
"https://www.npr.org/sections/codeswitch/2014/05/11/310708342/recall-that-ice-cream-truck-song-we-have-unpleasant-news-for-you","https://www.npr.org/sections/codeswitch/2014/05/11/310708342/recall-that-ice-cream-truck-song-we-have-unpleasant-news-for-you","text/html;charset=UTF-8","200","OK","Indexable","","Recall That Ice Cream Truck Song? We Have Unpleasant News For You : Code Switch : NPR","85","803","","0","0","This is the story of why our beloved ice cream truck plays blackface minstrel music that sends kids dashing into homes in a Pavlovian frenzy searching for money to buy a Popsicle.","179","1112","","0","Recall That Ice Cream Truck Song? We Have Unpleasant News For You","65","","0","Code Switch","11","","0","noarchive,index,follow,max-image-preview:large","","","","","","https://www.npr.org/sections/codeswitch/2014/05/11/310708342/recall-that-ice-cream-truck-song-we-have-unpleasant-news-for-you","","","","","","92107","22801","1469","232","6.332","79.008","Fairly Easy","9.933","0","6","","1","1","0","1.150","95","71","0","20","18","0","","","","","b4d9d091b1de5a09904696290c1a0b46","1.447","","","","","1.1","https://www.npr.org/sections/codeswitch/2014/05/11/310708342/recall-that-ice-cream-truck-song-we-have-unpleasant-news-for-you","2024-11-30 14:44:23"
"https://community.spotify.com/t5/Content-Questions/quot-Couldn-t-load-the-lyrics-for-this-song-quot-error/td-p/5528963","https://community.spotify.com/t5/Content-Questions/quot-Couldn-t-load-the-lyrics-for-this-song-quot-error/td-p/5528963","text/html;charset=UTF-8","200","OK","Indexable","","""Couldn't load the lyrics for this song"" error - The Spotify Community","70","598","","0","0","As of version 8.8.20.544 and the version prior to that has caused the lyrics from my personal playlist in my device 'Samsung-SMJ250F' to disappear,","147","915","","0","Spotify Community","17","","0","Help Wizard","11","FAQs","4","","","","","","","https://community.spotify.com/t5/Content-Questions/quot-Couldn-t-load-the-lyrics-for-this-song-quot-error/td-p/5528963","","","","","","895272","107433","2156","556","3.878","94.402","Very Easy","1.501","0","4","","49","1","0","1.150","354","213","0","18","13","0","","","","","ff7d4837009053ab115b34514033f16d","3.830","","","","","1.1","https://community.spotify.com/t5/Content-Questions/quot-Couldn-t-load-the-lyrics-for-this-song-quot-error/td-p/5528963","2024-11-30 14:44:31"
"https://open.spotify.com/playlist/2PdJe8RyEXzlO8O9EdBvif","https://open.spotify.com/playlist/2PdJe8RyEXzlO8O9EdBvif","text/html; charset=utf-8","200","OK","Indexable","","Best Video Game Songs (with Vocals & Lyrics) - for gaming, study, workout, relax & focus - playlist by prevessin | Spotify","122","1048","","0","0","Playlist · Best Video Game Songs (with Vocals & Lyrics) - for gaming, study, workout, relax & focus · 102 items · 2.6K saves","124","752","","0","","0","","0","","0","","0","","","","","","","https://open.spotify.com/playlist/2PdJe8RyEXzlO8O9EdBvif","","","","","","33272","5877","0","","","","","0.000","0","1","","0","0","0","0.000","0","0","0","0","0","0","","","","","1d156e6d2a0c00fa78f1bac22b307ff0","0.980","","","","","1.1","https://open.spotify.com/playlist/2PdJe8RyEXzlO8O9EdBvif","2024-11-30 14:44:33"
"https://style.mla.org/formatting-song-lyrics/","https://style.mla.org/formatting-song-lyrics/","text/html; charset=UTF-8","200","OK","Indexable","","How do I format a quotation of song lyrics? | MLA Style Center","62","546","","0","0","MLA Style Center, the only authorized Web site on MLA style, provides free resources on research, writing, and documentation.","125","781","","0","The MLA Style Center","20","The MLA Style Center","20","How do I format a quotation of song lyrics?","43","","0","max-image-preview:large","","","","","","https://style.mla.org/formatting-song-lyrics/","","","","","","49650","13608","251","45","5.578","92.306","Very Easy","4.317","0","1","","6","1","0","1.150","34","28","0","6","6","0","","","","","b2eae85ef3f932429484ef9f95fa6435","1.285","","","","","1.1","https://style.mla.org/formatting-song-lyrics/","2024-11-30 14:44:24"
"https://www.amphi.com/cms/lib/AZ01901095/Centricity/Domain/3614/Armed%20Forces%20Medley%20Lyrics.pdf","https://www.amphi.com/cms/lib/AZ01901095/Centricity/Domain/3614/Armed%20Forces%20Medley%20Lyrics.pdf","application/pdf","200","OK","Indexable","","","0","0","","0","0","","0","0","","0","","0","","0","","0","","0","","","","","","","","","","","","","0","0","0","","","","","0.000","0","6","","0","0","0","0.000","0","0","0","0","0","0","","","","","","1.092","Fri, 29 Sep 2017 15:44:08 GMT","","","","1.1","https://www.amphi.com/cms/lib/AZ01901095/Centricity/Domain/3614/Armed%20Forces%20Medley%20Lyrics.pdf","2024-11-30 14:44:29"
"https://www.cs.cmu.edu/~mleone/dead-lyrics.html","https://www.cs.cmu.edu/~mleone/dead-lyrics.html","text/html","200","OK","Indexable","","Grateful Dead Lyrics","20","178","","0","0","","0","0","","0","Grateful Dead Lyrics","20","","0","","0","","0","","","","","","","","","","","","","23827","5847","1359","339","4.009","100.000","Very Easy","22.899","0","1","","0","0","0","0.000","309","309","0","1","1","0","","","","","1debb86e2aedd250a27ad581b28b0249","1.115","","","","","1.1","https://www.cs.cmu.edu/~mleone/dead-lyrics.html","2024-11-30 14:44:22"
"https://lingoclip.com/","https://lingoclip.com/","text/html","200","OK","Indexable","","LingoClip - Enjoy learning languages with music","47","420","","0","0","Discover a new and fun way to learn English and other languages by filling in the lyrics of your favorite songs.","112","675","","0","Enjoy learning languages with music","35","How it works","12","Discover a new and fun way to learn English and other languages by playing with the videos and lyrics of your favorite songs.","125","It's very easy and fun, just play a song and enjoy testing your listening comprehension by filling in the gaps in the song lyrics as fast as you can. Let your brain do the rest.","177","NOODP","","","","","","","","","","","","39622","10605","497","91","5.462","77.030","Fairly Easy","11.009","0","0","","6","1","0","1.150","21","16","0","6","6","0","","","","","bef41655ff9e95b3421d7a0e7eaa906e","1.036","Fri, 11 Oct 2024 11:33:04 GMT","","","","1.1","https://lingoclip.com/","2024-11-30 14:44:51"
"https://www.emmasdiary.co.uk/baby/lets-play/nursery-rhymes","https://www.emmasdiary.co.uk/baby/lets-play/nursery-rhymes","text/html; charset=utf-8","200","OK","Indexable","","Popular Nursery Rhymes, Songs & Lyrics for Baby | Emmas Diary","61","564","","0","0","Find the most popular nursery rhymes/songs for babies & children including lyrics. Some of the nursery rhyme includes Mr Tumble, Twinkle Twinkle Little Star, Humpty Dumpty, etc.","177","1114","","0","POPULAR NURSERY RHYMES WITH LYRICS","34","","0","The benefits of teaching your kids nursery rhymes","49","Our list of nursery rhymes","26","max-image-preview:large","","","","","","https://www.emmasdiary.co.uk/baby/lets-play/nursery-rhymes","","","","","","327579","54594","5219","916","5.698","96.076","Very Easy","9.702","0","2","","7","1","0","1.150","638","472","0","5","5","0","","","","","5381b745d1f67fe8bdfba84dd408e8c6","0.518","Thu, 28 Nov 2024 05:00:57 GMT","","","","1.1","https://www.emmasdiary.co.uk/baby/lets-play/nursery-rhymes","2024-11-30 14:44:42"
"https://www.bobdylan.com/songs/","https://www.bobdylan.com/songs/","text/html; charset=UTF-8","200","OK","Indexable","","Songs | The Official Bob Dylan Site","35","304","","0","0","","0","0","","0","","0","","0","","0","","0","max-image-preview:large","","","","","","","","","","","","901234","81149","14841","4563","3.252","100.000","Very Easy","9.659","0","1","","55","1","0","1.150","3276","1601","0","24","19","0","","","","","1bdc883ff19d3f071d19708a99018702","2.137","Sat, 30 Nov 2024 09:44:52 GMT","","","","1.1","https://www.bobdylan.com/songs/","2024-11-30 14:44:52"
"https://alumni.ucla.edu/uclas-story/ucla-history-songs/","https://alumni.ucla.edu/uclas-story/ucla-history-songs/","text/html; charset=UTF-8","200","OK","Indexable","","UCLA Songs - UCLA Alumni","24","243","","0","0","","0","0","","0","UCLA Songs","10","","0","""By the Old Pacific""","20","""Hail to the Hills of Westwood""","31","index, follow, max-image-preview:large, max-snippet:-1, max-video-preview:-1","","","","","","https://alumni.ucla.edu/uclas-story/ucla-history-songs/","","","","","","129542","129542","1098","234","4.692","87.346","Easy","8.599","0","2","","2","1","0","1.150","161","66","0","14","9","0","","","","","154b40d41634ae6a3f9d8325c892f84e","1.675","","","","","1.1","https://alumni.ucla.edu/uclas-story/ucla-history-songs/","2024-11-30 14:44:41"
"http://www.tomwaits.com/songs/","http://www.tomwaits.com/songs/","text/html; charset=UTF-8","200","OK","Indexable","","Tom Waits | Songs","17","165","","0","0","","0","0","","0","Tom Waits","9","Songs","5","","0","","0","","","","","","","","","","","","","44438","10193","1779","450","3.953","100.000","Very Easy","17.229","0","1","","31","1","0","1.150","421","390","0","4","4","0","","","","","a6fd9d7b4909397ad477b2e5774074e0","0.863","","","","","1.1","http://www.tomwaits.com/songs/","2024-11-30 14:44:44"
"https://www.usatoday.com/story/entertainment/music/2019/12/13/taylor-swift-songs-30-best-lyrics-all-her-albums/4179419002/","https://www.usatoday.com/story/entertainment/music/2019/12/13/taylor-swift-songs-30-best-lyrics-all-her-albums/4179419002/","text/html; charset=utf-8","200","OK","Indexable","","Taylor Swift's 94 best lyrics including 'Tortured Poets Department'","67","579","","0","0","Taylor Swift is a master songwriter. Here are her best lyrics, from her debut to pop stardom to folk, rerecords and ""The Tortured Poets Department.""","148","909","","0","Taylor Swift's 94 best lyrics definitively ranked","49","","0","","0","","0","NOODP, NOYDIR, max-image-preview:large","","","","","","https://www.usatoday.com/story/entertainment/music/2019/12/13/taylor-swift-songs-30-best-lyrics-all-her-albums/4179419002/","","","","","","246732","79656","4640","641","7.239","92.826","Very Easy","11.232","0","8","","0","0","0","0.000","112","97","0","27","23","0","","","","","c90e8a60e9ddc87995d399e72b8e3411","0.516","","","","","1.1","https://www.usatoday.com/story/entertainment/music/2019/12/13/taylor-swift-songs-30-best-lyrics-all-her-albums/4179419002/","2024-11-30 14:44:27"
"https://www.chosic.com/find-song-by-lyrics/","https://www.chosic.com/find-song-by-lyrics/","text/html; charset=UTF-8","200","OK","Indexable","","Song Finder by Lyrics - Chosic","30","265","","0","0","Finds songs that contain the lyrics you remember! Find song by lyrics (or partial lyrics) tool can help you solve your earworm quickly.","135","818","","0","Song Finder by Lyrics","21","","0","Search for songs by partial lyrics","34","Chosic","6","index, follow, max-image-preview:large, max-snippet:-1, max-video-preview:-1","","","","","","https://www.chosic.com/find-song-by-lyrics/","","","","","","127082","34246","210","31","6.774","88.771","Easy","1.853","0","1","","3","1","0","1.150","62","48","0","3","3","0","","","","","157ca9b3e161c5babf68f3c8342ed849","0.698","Fri, 29 Nov 2024 08:40:49 GMT","","","","1.1","https://www.chosic.com/find-song-by-lyrics/","2024-11-30 14:44:19"
"https://www.rutgers.edu/about/traditional-songs","https://www.rutgers.edu/about/traditional-songs","text/html; charset=UTF-8","200","OK","Indexable","","Rutgers Traditional Songs, Lyrics, Alma Mater","45","401","","0","0","The Rutgers alma mater, ""On the Banks of the Old Raritan"" and other traditional songs, lyrics, and audio clips.","111","671","","0","Rutgers Traditional Songs","25","","0","Enter a Search Term","19","Utility Mobile","14","","","","","","","https://www.rutgers.edu/about/traditional-songs","","","","","","120952","120952","1423","233","6.107","93.207","Very Easy","14.178","0","1","","1","1","0","1.150","153","72","0","10","8","0","","","","","1e64bf266ba94b78f51ee3845c7d373","0.975","Wed, 27 Nov 2024 22:14:45 GMT","","","","1.1","https://www.rutgers.edu/about/traditional-songs","2024-11-30 14:44:20"
"https://online.berklee.edu/takenote/how-to-write-song-lyrics/","https://online.berklee.edu/takenote/how-to-write-song-lyrics/","text/html; charset=iso-8859-1","500","Proxy Error","Non-Indexable","Server Error","","0","0","","0","0","","0","0","","0","","0","","0","","0","","0","","","","","","","","","","","","","273","273","0","","","","","0.000","0","2","","0","0","0","0.000","0","0","0","0","0","0","","","","","","1.381","","","","","1.1","https://online.berklee.edu/takenote/how-to-write-song-lyrics/","2024-11-30 14:44:46"
"https://www.freshbots.org/","https://www.freshbots.org/","text/html; charset=utf-8","200","OK","Indexable","","Advanced AI Song Lyrics Generator | Songwriting Inspiration Engine","66","597","","0","0","Create unique, rhyming song lyrics on any topic with our AI song lyrics generator. Discover the power of AI in songwriting.","123","753","","0","","0","","0","","0","","0","","","","","","","https://www.freshbots.org/","","","","","","52299","12392","45","18","2.500","100.000","Very Easy","0.422","0","0","","3","1","0","1.150","17","9","0","1","1","0","","","","","856fdd8f294ade4a9c472f867f46efb7","0.307","","","","","1.1","https://www.freshbots.org/","2024-11-30 14:44:20"
"https://icmp-elevate.com/most-powerful-love-songs-lyrics-of-all-time","https://icmp-elevate.com/most-powerful-love-songs-lyrics-of-all-time","text/html; charset=UTF-8","200","OK","Indexable","","Most Powerful Love Songs Lyrics of All Time | Elevate","53","472","","0","0","Love songs lyrics, some of the most memorable words we hear. They stick with us because we can all relate to the feeling of finding or losing love....","150","918","","0","Most Powerful Love Songs Lyrics of All Time","43","","0","Love songs lyrics are some of the most moving and memorable words we ever hear. They stick in our minds because we can all relate to the feeling of finding or losing love.","171","Learning to write great love song lyrics","40","index, follow, max-snippet:-1, max-video-preview:-1, max-image-preview:large","","","","","","https://icmp-elevate.com/most-powerful-love-songs-lyrics-of-all-time","","","","","","199615","41085","3060","493","6.207","90.223","Very Easy","11.029","0","0","","20","1","0","1.150","178","58","0","9","9","0","","","","","2289a9d431528ae3a5f77c8711e466b5","1.677","","","","","1.1","https://icmp-elevate.com/most-powerful-love-songs-lyrics-of-all-time","2024-11-30 14:44:47"
"https://play.google.com/store/apps/details?id=com.abnteam.karaokeofflinesinglyrics&hl=en_US","https://play.google.com/store/apps/details?id=com.abnteam.karaokeofflinesinglyrics&hl=en_US","text/html; charset=utf-8","200","OK","Indexable","","Karaoke Offline Songs Lyrics - Apps on Google Play","50","451","","0","0","Music Karaoke With Lyrics Offline","33","208","","0","Karaoke Offline Songs Lyrics","28","","0","About this app","14","Data safety","11","NOODP","","","","","","https://play.google.com/store/apps/details?id=com.abnteam.karaokeofflinesinglyrics&hl=en_US","","","","","","1100230","159256","297","77","3.857","75.023","Fairly Easy","0.208","0","2","","0","0","0","0.000","28","20","0","3","3","0","","","","","44f644fa6f1ebdccaeca77f22a2f8ee5","0.506","","","","","1.1","https://play.google.com/store/apps/details?id=com.abnteam.karaokeofflinesinglyrics&hl=en_US","2024-11-30 14:44:48"
"https://stacker.com/music/lyrics-60-famously-misunderstood-songs-explained","https://stacker.com/music/lyrics-60-famously-misunderstood-songs-explained","text/html; charset=UTF-8","200","OK","Indexable","","Lyrics to 60 Famously Misunderstood Songs, Explained | Stacker","62","568","","0","0","From ""hold me closer Tony Danza"" to ""There's a wino down the road,"" Stacker clears up some of the biggest mondegreens in music.","127","814","Music, Entertainment, Songs, Lyrics, Pop Culture","48","Lyrics to 60 famously misunderstood songs, explained","52","","0","Social","6","Main navigation","15","","","","","","","https://stacker.com/music/lyrics-60-famously-misunderstood-songs-explained","","","","","","222060","57598","5854","876","6.683","86.939","Easy","53.337","0","1","","3","1","0","1.150","61","48","0","80","78","0","","","","","96a758145f7633fb06064e94eadeb605","1.340","Sat, 30 Nov 2024 09:44:34 GMT","","","","1.1","https://stacker.com/music/lyrics-60-famously-misunderstood-songs-explained","2024-11-30 14:44:34"
"https://www.theknot.com/content/taylor-swift-lyrics-captions","https://www.theknot.com/content/taylor-swift-lyrics-captions","text/html; charset=utf-8","200","OK","Indexable","","120 Best Taylor Swift Lyrics to Quote in Your Instagram Captions","64","571","","0","0","Looking for Taylor Swift lyric quotes & Eras Tour captions for your photos on Instagram? Here are the best Taylor Swift captions from each of her albums.","153","949","","0","120+ Taylor Swift Lyrics To Quote In Your Eras Tour, Couple & Wedding Instagram Captions","88","","0","Taylor Swift Eras Tour Captions for Instagram","45","Taylor Swift Love Lyrics For IG Couple Captions","47","","","","","","","https://www.theknot.com/content/taylor-swift-lyrics-captions","","","","","","790173","133911","3020","500","6.040","89.436","Easy","2.956","0","1","","7","1","0","1.150","299","218","0","30","30","0","","","","","aca0e61e5e3c5eb7118e67142bbb83e1","0.579","","","","","1.1","https://www.theknot.com/content/taylor-swift-lyrics-captions","2024-11-30 14:44:31"
"https://msa.maryland.gov/msa/mdmanual/01glance/html/symbols/lyricsco.html","https://msa.maryland.gov/msa/mdmanual/01glance/html/symbols/lyricsco.html","text/html","200","OK","Indexable","","Maryland, My Maryland - State Song lyrics","41","367","","0","0","","0","0","","0","MARYLAND AT A GLANCE","20","","0","STATE SYMBOLS","13","","0","","","","","","","","","","","","","6510","6510","536","144","3.722","71.580","Fairly Easy","49.581","0","5","","0","0","0","0.000","25","23","0","1","1","0","","","","","3cc99b4f017b98fc8e80bd1e97add100","1.140","","","","","1.1","https://msa.maryland.gov/msa/mdmanual/01glance/html/symbols/lyricsco.html","2024-11-30 14:44:27"
"https://www.panoramatours.com/en/salzburg/salzburg-highlights/sound-of-music/songs-and-lyrics/","https://www.panoramatours.com/en/salzburg/salzburg-highlights/sound-of-music/songs-and-lyrics/","text/html;charset=utf-8","200","OK","Indexable","","Songs and lyrics - sing with us like in The Sound of Music ♬♬","61","525","","0","0","♬ The Sound of Music Lyrics - find all songs and their lyrics. Sing like Maria and the children in the movie!♬","110","651","","0","Songs and Lyrics from The Sound of Music","40","","0","Song texts","10","","0","","","","","","","https://www.panoramatours.com/en/salzburg/salzburg-highlights/sound-of-music/songs-and-lyrics/","","","","","","269783","50007","2569","483","5.319","95.497","Very Easy","5.331","0","5","","0","0","0","0.000","38","31","0","9","9","0","","","","","21af80f105e1f8666e602e37506680","1.041","","","","","1.1","https://www.panoramatours.com/en/salzburg/salzburg-highlights/sound-of-music/songs-and-lyrics/","2024-11-30 14:44:28"
"https://www.rush.com/songs/2112/","https://www.rush.com/songs/2112/","text/html; charset=UTF-8","200","OK","Indexable","","2112 Lyrics | Rush.com","22","205","","0","0","","0","0","","0","Rush.com","8","2112","4","","0","","0","max-image-preview:large","","","","","","https://www.rush.com/songs/2112/","","","","","","37879","10177","1088","209","5.206","100.000","Very Easy","15.941","0","2","","3","1","0","1.150","28","23","0","14","14","0","","","","","ad905b17dfaaf98331ca38de0e593dee","1.353","","","","","1.1","https://www.rush.com/songs/2112/","2024-11-30 14:44:39"
"https://toolbaz.com/writer/lyric-generator","https://toolbaz.com/writer/lyric-generator","text/html; charset=UTF-8","200","OK","Indexable","","[FREE] Song Lyrics Generator AI - (No Login, Unlimited)","55","480","","0","0","Looking for a song lyrics generator? Look no further! Our generator creates lyrics using a unique AI algorithm. No two songs are ever the same!","143","882","","0","Song Lyrics Generator","21","","0","Create your own lyrics with our generator!","42","Cookies!","8","follow, index, max-snippet:-1, max-video-preview:-1, max-image-preview:large","","","","","","https://toolbaz.com/writer/lyric-generator","","","","","","206276","33767","710","168","4.226","65.756","Normal","2.441","0","1","","5","1","0","1.150","163","80","0","2","2","0","","","","","a903d7d400a83c906c41e97b6ed66c5c","0.777","","","","","1.1","https://toolbaz.com/writer/lyric-generator","2024-11-30 14:44:40"
"https://www.azlyrics.com/","https://www.azlyrics.com/","text/html","302","Moved Temporarily","Non-Indexable","Redirected","","0","0","","0","0","","0","0","","0","","0","","0","","0","","0","","","","","","","","","","","","","138","138","0","","","","","0.000","0","0","","0","0","0","0.000","0","0","0","0","0","0","","","","","","0.531","","https://b.azlyrics.com/?u=/","HTTP Redirect","","1.1","https://www.azlyrics.com/","2024-11-30 14:44:18"
"https://www.guavafamily.com/blogs/guava/lullaby-lyrics-for-babies-to-sleep","https://www.guavafamily.com/blogs/guava/lullaby-lyrics-for-babies-to-sleep","text/html; charset=utf-8","200","OK","Indexable","","Lullaby Lyrics for Babies to Sleep
 – Guava Family","50","431","","0","0","Lullaby Lyrics for Babies to Sleep Your little one is fresh from the bath, wrapped in soft pajamas, tucked in their cozy baby bassinet crib—and completely wide awake. This scenario is all too common for parents, whether you’ve just welcomed your first child or you’re on baby number four. Coaxing your little one to slee","320","1954","","0","Lullaby Lyrics for Babies to Sleep","34","","0","crib","4","bassinet","8","","","","","","","https://www.guavafamily.com/blogs/guava/lullaby-lyrics-for-babies-to-sleep","","","","","","307011","49472","3232","591","5.469","89.174","Easy","8.036","0","2","","5","1","0","1.150","71","25","0","19","18","0","","","","","bd4df012b35fea14a22856b9760192a8","0.744","","","","","1.1","https://www.guavafamily.com/blogs/guava/lullaby-lyrics-for-babies-to-sleep","2024-11-30 14:44:38"
"https://oasisinet.com/lyrics/","https://oasisinet.com/lyrics/","text/html; charset=UTF-8","200","OK","Indexable","","Song Lyrics – Oasis","19","175","","0","0","","0","0","","0","Song Lyrics","11","","0","Albums","6","Live Albums","11","max-image-preview:large, max-snippet:-1, max-video-preview:-1","","","","","","https://oasisinet.com/lyrics/","https://oasisinet.com/lyrics/page/2/","","","","","97682","20421","1502","356","4.219","100.000","Very Easy","9.154","0","1","","3","1","0","1.150","304","163","0","25","16","0","","","","","1e8d7750a2580e58d923010c035c65ae","0.893","","","","","1.1","https://oasisinet.com/lyrics/","2024-11-30 14:44:50"
"https://english.stackexchange.com/questions/617741/word-for-a-song-recording-where-the-lyrics-have-been-removed","https://english.stackexchange.com/questions/617741/word-for-a-song-recording-where-the-lyrics-have-been-removed","text/html; charset=utf-8","200","OK","Indexable","","music - Word for a song recording where the lyrics have been removed - English Language & Usage Stack Exchange","110","1017","","0","0","","0","0","","0","Word for a song recording where the lyrics have been removed","60","Subscribe to RSS","16","2 Answers 2","11","You must log in to answer this question.","40","","","","","","","https://english.stackexchange.com/questions/617741/word-for-a-song-recording-where-the-lyrics-have-been-removed","","","","","","158451","36352","1226","223","5.498","87.121","Easy","5.695","0","2","","12","1","0","1.150","125","85","0","25","21","0","","","","","e2fd756e42cf1630aaac0120b9de4973","1.044","Fri, 08 Nov 2024 14:01:26 GMT","","","","1.1","https://english.stackexchange.com/questions/617741/word-for-a-song-recording-where-the-lyrics-have-been-removed","2024-11-30 14:44:44"
"https://onlinelibrary.wiley.com/doi/10.1111/pere.12448","https://onlinelibrary.wiley.com/doi/10.1111/pere.12448","text/html; charset=UTF-8","403","Forbidden","Non-Indexable","Client Error","","0","0","","0","0","","0","0","","0","","0","","0","","0","","0","","","","","","","","","","","","","0","0","0","","","","","0.000","0","2","","0","0","0","0.000","0","0","0","0","0","0","","","","","","0.169","","","","","1.1","https://onlinelibrary.wiley.com/doi/10.1111/pere.12448","2024-11-30 14:44:20"
"https://www.paulsimon.com/songs/","https://www.paulsimon.com/songs/","text/html; charset=UTF-8","200","OK","Indexable","","Songs+Lyrics - The Paul Simon Official Site","43","379","","0","0","","0","0","","0","Songs+Lyrics","12","","0","","0","","0","index, follow, max-image-preview:large, max-snippet:-1, max-video-preview:-1","","","","","","https://www.paulsimon.com/songs/","","","","","","254134","40709","981","253","3.877","100.000","Very Easy","1.947","0","1","","28","1","0","1.150","289","227","0","15","15","0","","","","","c1fb0c5159c9c492f63bd514c833747c","1.116","","","","","1.1","https://www.paulsimon.com/songs/","2024-11-30 14:44:20"
"https://indypl.bibliocommons.com/list/share/1291776917/1343426709","https://indypl.bibliocommons.com/list/share/1291776917/1343426709","text/html;charset=utf-8","200","OK","Indexable","","We Read the Songs - Lyrics in Picture Books | The Indianapolis Public Library | BiblioCommons","93","827","","0","0","We Read the Songs - Lyrics in Picture Books by IndyPL_KaseyP - a staff-created list : Picture books written and illustrated to celebrate the songs of our hearts. With some accompanying Youtube links at the bottom. #IndyPLkids","225","1400","","0","We Read the Songs - Lyrics in Picture Books","43","","0","Search","6","","0","","","","","","","https://indypl.bibliocommons.com/list/share/1291776917/1343426709","","","","","","241791","37440","2199","539","4.080","84.700","Easy","6.119","0","3","","53","1","0","1.150","201","108","0","54","29","0","","","","","9c6eefd24c95eb9cbff2275f9d47e7fe","1.933","","","","","1.1","https://indypl.bibliocommons.com/list/share/1291776917/1343426709","2024-11-30 14:44:51"
"https://www.countryliving.com/life/g30503596/romantic-love-song-lyrics/","https://www.countryliving.com/life/g30503596/romantic-love-song-lyrics/","text/html; charset=utf-8","200","OK","Indexable","","40 Best Romantic Song Lyrics - Most Romantic Love Song Lyrics of All Time","73","667","","0","0","We've rounded up some of the best romantic song lyrics, from Nat King Cole to Bruno Mars. These quotes are just right for a Valentine's Day card or love letter.","160","981","Most Popular","12","40 Best Song Lyrics About Love to Have You Feeling Romantic This Valentine's Day","80","","0","Keith Urban, 'Somebody Like You'","32","Little River Band, 'Lady'","25","noarchive,noai,noimageai,max-image-preview:large,max-snippet:-1,max-video-preview:30","","","","all","","https://www.countryliving.com/life/g30503596/romantic-love-song-lyrics/","","","","","","439868","86561","938","184","5.098","87.117","Easy","1.483","0","3","","4","1","0","1.150","71","57","0","16","11","0","","","","","4a67d2e3374899e20d2f8a1bf59878a1","0.497","","","","","1.1","https://www.countryliving.com/life/g30503596/romantic-love-song-lyrics/","2024-11-30 14:44:17"
"https://www.christmassongsandcarols.com/collections/christmas-song-lyrics","https://www.christmassongsandcarols.com/collections/christmas-song-lyrics","text/html; charset=utf-8","200","OK","Indexable","","Free Christmas Song Lyrics & Christmas Video Songs | Love to Sing","65","594","","0","0","Over 80 free Christmas songs and carols lyrics. We wish you a Merry Christmas lyrics, Joy to the World lyrics, 12 Days of Christmas lyrics and more of your favorite Christmas songs. Each song includes a free Christmas video song and free printable pdf Christmas song lyrics download.","283","1762","","0","Christmas Song Lyrics","21","","0","Just added to your cart","23","Subscribe to our Christmas Club and get a free song!","52","","","","","","","https://www.christmassongsandcarols.com/collections/christmas-song-lyrics","","","","","","309105","48963","1202","210","5.724","87.639","Easy","2.758","0","1","","4","1","0","1.150","136","113","0","14","14","0","","","","","f05b5da8692658712fb19a9865c5e2b2","0.341","","","","","1.1","https://www.christmassongsandcarols.com/collections/christmas-song-lyrics","2024-11-30 14:44:22"
"https://www.jw.org/en/library/music-songs/original-songs/with-eyes-of-faith/","https://www.jw.org/en/library/music-songs/original-songs/with-eyes-of-faith/","text/html; charset=utf-8","200","OK","Indexable","","With Eyes of Faith | JW.ORG Original Songs | Lyrics","51","446","","0","0","Imagine the wondrous future God has in store for mankind.","57","367","","0","With Eyes of Faith","18","Select Your Language","20","Jehovah’s Witnesses","19","","0","max-image-preview:large","","","","","","https://www.jw.org/en/library/music-songs/original-songs/with-eyes-of-faith/","","","","","","543814","88304","377","106","3.557","94.838","Very Easy","3.619","0","5","","5","1","0","1.150","361","157","0","6","5","0","","","","","3ee897d7f05b73520bd825f7a6c7b45f","1.854","Fri, 29 Nov 2024 22:40:01 GMT","","","","1.1","https://www.jw.org/en/library/music-songs/original-songs/with-eyes-of-faith/","2024-11-30 14:44:38"
"https://www.grangalaflamenco.com/en/blog/what-are-the-lyrics-of-flamenco-songs-about/","https://www.grangalaflamenco.com/en/blog/what-are-the-lyrics-of-flamenco-songs-about/","text/html; charset=UTF-8","200","OK","Indexable","","What are the lyrics of flamenco songs about?","44","398","","0","0","The theme is a fundamental part of flamenco since, as an expression of art from the popular classes, its songs refer precisely to worldly concerns and not","154","949","","0","What are the lyrics of flamenco songs about?","44","","0","Common themes of flamenco songs","31","The metric of lyrics in flamenco","32","index, follow, max-image-preview:large, max-snippet:-1, max-video-preview:-1","","","","","","https://www.grangalaflamenco.com/en/blog/what-are-the-lyrics-of-flamenco-songs-about/","","","","","","410687","85349","1278","179","7.140","72.622","Fairly Easy","1.912","0","3","","36","1","0","1.150","74","26","0","11","7","0","","","","","abf07d8ab7dabb7b3eb9cfefe5c85caa","2.495","Sat, 30 Nov 2024 09:44:26 GMT","","","","1.1","https://www.grangalaflamenco.com/en/blog/what-are-the-lyrics-of-flamenco-songs-about/","2024-11-30 14:44:25"
"https://support.spotify.com/us/article/lyrics/","https://support.spotify.com/us/article/lyrics/","text/html; charset=utf-8","200","OK","Indexable","","View lyrics - Spotify","21","171","","0","0","","0","0","","0","View lyrics","11","","0","Spotify free","12","Premium","7","","","","","","","https://support.spotify.com/us/article/lyrics/","","","","","","512097","121107","316","73","4.329","86.250","Easy","0.423","0","3","","1","1","0","1.150","58","56","0","5","5","0","","","","","1dc800c119b7d2172b206b75303a27c","2.399","","","","","1.1","https://support.spotify.com/us/article/lyrics/","2024-11-30 14:44:40"
"https://library.unc.edu/music/unc-school-songs/","https://library.unc.edu/music/unc-school-songs/","text/html; charset=UTF-8","200","OK","Indexable","","UNC School Songs – UNC University Libraries","43","401","","0","0","","0","0","","0","UNC School Songs","16","","0","Hark the Sound by William Starr Myers, 1897","43","Here Comes Carolina by Russell Aubrey Thompson ’24","50","max-image-preview:large","","","","","","https://library.unc.edu/music/unc-school-songs/","","","","","","136226","25332","800","182","4.396","89.644","Easy","3.823","0","2","","1","1","0","1.150","20","10","0","5","4","0","","","","","43fbe6147dd7bced3ef62bfc9b7c82e1","1.817","","","","","1.1","https://library.unc.edu/music/unc-school-songs/","2024-11-30 14:44:25"
"https://mgoblue.com/news/2002/12/16/University_of_Michigan_Song_Lyrics","https://mgoblue.com/news/2002/12/16/University_of_Michigan_Song_Lyrics","text/html; charset=utf-8","200","OK","Indexable","","University of Michigan Song Lyrics - University of Michigan Athletics","69","597","","0","0","University of Michigan Song Lyrics The Victors | The Yellow and Blue The Victors (L.Elbel)/Regents of the University of Michigan Now for a cheer they are her...","160","980","","0","University of Michigan Athletics","32","University of Michigan Song Lyrics","34","The Victors","11","The Yellow and Blue","19","","","","","","","","","","","","","96190","21032","427","97","4.402","100.000","Very Easy","3.348","0","4","","2","1","0","1.150","3","2","0","15","15","0","","","","","6bd72d8afec0a887f9a124a1ad58e3b2","3.601","","","","","1.1","https://mgoblue.com/news/2002/12/16/University_of_Michigan_Song_Lyrics","2024-11-30 14:44:49"
"https://welcome.fsu.edu/resources/fsu-song-lyrics","https://welcome.fsu.edu/resources/fsu-song-lyrics","text/html; charset=UTF-8","200","OK","Indexable","","FSU Song Lyrics | Welcome FSU","29","281","","0","0","","0","0","","0","FSU Song Lyrics","15","","0","Fight Song","10","Hymn to the Garnet & the Gold","29","","","","","","","https://welcome.fsu.edu/resources/fsu-song-lyrics","","","","","","45815","10970","211","54","3.907","97.019","Very Easy","4.957","0","1","","5","1","0","1.150","73","42","0","9","9","0","","","","","9ea73129055511af91206c2871cab30","1.203","Tue, 05 Nov 2024 23:37:48 GMT","","","","1.1","https://welcome.fsu.edu/resources/fsu-song-lyrics","2024-11-30 14:44:43"
"https://www.oktoberfesttours.travel/oktoberfest-munich/music/ein-prosit/","https://www.oktoberfesttours.travel/oktoberfest-munich/music/ein-prosit/","text/html; charset=UTF-8","200","OK","Indexable","","Ein Prosit Song - Lyrics, Pronunciation and Video","49","428","","0","0","Ein Prosit song lyrics, including English pronunciation. Singing the Ein Prosit song is essential if you're visiting Oktoberfest in Munich.","139","826","","0","Ein Prosit Song","15","","0","Ein Prosit song lyrics (German)","31","","0","index, follow, max-image-preview:large, max-snippet:-1, max-video-preview:-1","","","","","","https://www.oktoberfesttours.travel/oktoberfest-munich/music/ein-prosit/","","","","","","52737","14019","628","112","5.607","84.213","Easy","7.010","0","3","","4","1","0","1.150","32","19","0","8","8","0","","","","","137e3f4c6548f33fbfb6a3d8c11c3bac","1.188","","","","","1.1","https://www.oktoberfesttours.travel/oktoberfest-munich/music/ein-prosit/","2024-11-30 14:44:46"
"https://www.kenyon.edu/offices-and-services/office-of-campus-events/traditions/songs/","https://www.kenyon.edu/offices-and-services/office-of-campus-events/traditions/songs/","text/html;charset=UTF-8","200","OK","Indexable","","Kenyon Songs | Kenyon College","29","279","","0","0","","0","0","","0","Kenyon Songs","12","","0","You are here:","13","Song Lyrics","11","","","","","","","","","","","","","95176","9929","660","127","5.197","98.374","Very Easy","5.634","0","4","","2","1","0","1.150","79","65","0","9","9","0","","","","","4570a523ab164a23757b2983d538b837","1.451","","","","","1.1","https://www.kenyon.edu/offices-and-services/office-of-campus-events/traditions/songs/","2024-11-30 14:44:22"
"https://st-takla.org/Lyrics-Spiritual-Songs/Spiritual_Songs_Lyrics_000-Index.html","https://st-takla.org/Lyrics-Spiritual-Songs/Spiritual_Songs_Lyrics_000-Index.html","text/html; charset=windows-1256","200","OK","Indexable","","English / Coptic Praise & Worship Lyrics (Free Gospel Lyrics) - Coptic 
Spiritual Songs Lyrics Database & Alhan | St-Takla.org","126","1082","","0","0","Coptic Spiritual Songs Lyrics (text) - St. TekleHaymanot - Alexandrina - Egypte","79","479","lyrics, song, text, lyric, songs, texts, book, txt, spiritual, jesus, coptic, christian, gospel, bible, saints, church, coptic lyrics, gospel lyrics, christian lyrics, ost, soundtrack","183","English / Coptic Praise & Worship Lyrics","40","","0","","0","","0","","","","","","","","","","","","","44546","8903","391","65","6.015","84.972","Easy","10.171","0","1","","36","1","0","1.150","205","112","0","1","1","0","","","","","4ac407f55e07ad1fee779ba20f2d72d7","0.696","","","","","1.1","https://st-takla.org/Lyrics-Spiritual-Songs/Spiritual_Songs_Lyrics_000-Index.html","2024-11-30 14:44:37"
"https://www.benharper.com/songs-lyrics","https://www.benharper.com/songs-lyrics","text/html; charset=utf-8","200","OK","Indexable","","Ben Harper - Songs & Lyrics","27","244","","0","0","Browse the complete and definitive collection of Ben Harper song lyrics, including originals, covers, collaborations and medleys.","129","789","ben harper,lyrics,tour dates,setlists,innocent criminals,no mercy in this land,call it what it is,news,photos,videos,childhood home,get up,charlie musselwhite,t-shirts,merchandise,discography,relentless7,burn one down,steal my kisses,weissenborn,slide guitar,streaming audio,fan contests,diamonds on the inside,morning yearning,mailing list","340","Songs & Lyrics","14","11th Commandment","16","Search","6","","0","","","","","","","https://www.benharper.com/songs-lyrics","","","","","","329815","35102","3440","533","6.454","100.000","Very Easy","5.238","0","0","","23","1","0","1.150","1225","786","0","7","7","0","","","","","5309ad2183db4352b663052adcab65ee","2.060","Sat, 30 Nov 2024 09:06:27 GMT","","","","1.1","https://www.benharper.com/songs-lyrics","2024-11-30 14:44:43"
"https://www.army.mil/values/song.html","https://www.army.mil/values/song.html","text/html; charset=utf-8","200","OK","Indexable","","The Army Song - Army Values","27","262","","0","0","The following is the Army Song","30","193","The Army Song, Army Values, 7 army values, seven army values, core army values, the army values","95","","0","","0","The Army Song","13","","0","","","","","","","","","","","","","6227","2177","431","89","4.843","92.980","Very Easy","38.663","0","1","","2","1","0","1.150","19","16","0","0","0","0","","","","","b3952370938ac123806e45d16ae1ef29","1.466","Wed, 29 Mar 2023 11:24:14 GMT","","","","1.1","https://www.army.mil/values/song.html","2024-11-30 14:44:24"
"https://americanenglish.state.gov/files/ae/resource_files/twinkle-lyrics_0.pdf","https://americanenglish.state.gov/files/ae/resource_files/twinkle-lyrics_0.pdf","application/pdf","200","OK","Indexable","","","0","0","","0","0","","0","0","","0","","0","","0","","0","","0","","","","","","","","","","","","","0","0","0","","","","","0.000","0","3","","0","0","0","0.000","0","0","0","0","0","0","","","","","","1.082","Sat, 03 Jun 2023 07:13:47 GMT","","","","1.1","https://americanenglish.state.gov/files/ae/resource_files/twinkle-lyrics_0.pdf","2024-11-30 14:44:21"
"https://www.eslsongs.com/","https://www.eslsongs.com/","text/html; charset=UTF-8","200","OK","Indexable","","ESLSongs.com | The best pop song lyrics to teach ESL English","60","549","","0","0","ESLSongs is a collection of the best pop songs to study grammar & vocabulary in ESL classes. Find great song lyrics to teach English with worksheets!","149","932","esl,song,lyrics,teach,english","29","ESLSongs","8","","0","A collection of song lyrics to teach English vocabulary and grammar in the ESL classroom","88","Welcome to ESLSongs","19","max-image-preview:large","","","","","","https://www.eslsongs.com/","","","","","","55998","13303","816","163","5.006","100.000","Very Easy","7.561","0","0","","3","1","0","1.150","135","129","0","0","0","0","","","","","5e4688c6470176e852750a45dfde6412","1.034","Sat, 30 Nov 2024 09:02:11 GMT","","","","1.1","https://www.eslsongs.com/","2024-11-30 14:44:50"
"https://www.mygriefassist.com.au/inspiration-resources/songs/","https://www.mygriefassist.com.au/inspiration-resources/songs/","text/html;charset=utf-8","200","OK","Indexable","","Song Lyrics About Grief and Loss | MyGriefAssist","48","430","","0","0","Here is a selection of songs from modern singers and songwriters to traditional favourites that echo the feelings of loss and grief.","132","802","","0","Songs","5","","0","","0","","0","","","","","","","https://www.mygriefassist.com.au/inspiration-resources/songs/","","","","","","62253","62253","5186","819","6.332","100.000","Very Easy","43.793","0","2","","2","1","0","1.150","18","17","0","1","1","0","","","","","c16e6c9d0d56124a52a8d444d3b4a869","1.282","","","","","1.1","https://www.mygriefassist.com.au/inspiration-resources/songs/","2024-11-30 14:44:49"
"https://www.billyjoel.com/lyrics/","https://www.billyjoel.com/lyrics/","text/html; charset=UTF-8","200","OK","Indexable","","Lyrics | Billy Joel Official Site","33","251","","0","0","","0","0","","0","Lyrics","6","","0","","0","","0","index, follow, max-image-preview:large, max-snippet:-1, max-video-preview:-1","","","","","","https://www.billyjoel.com/lyrics/","","","","","","139982","32550","563","140","4.021","100.000","Very Easy","2.241","0","1","","7","1","0","1.150","162","134","0","31","19","0","","","","","ef371b53decd7a58241770d6cbc5ff22","1.433","Sat, 30 Nov 2024 09:44:45 GMT","","","","1.1","https://www.billyjoel.com/lyrics/","2024-11-30 14:44:45"
"https://www.tiktok.com/discover/i-write-the-songs-lyrics-satanic","https://www.tiktok.com/discover/i-write-the-songs-lyrics-satanic","text/html; charset=utf-8","200","OK","Indexable","","TikTok - Make Your Day","22","207","","0","0","","0","0","","0","","0","","0","","0","","0","","","","","","","","","","","","","187318","51445","0","","","","","0.000","0","1","","0","0","0","0.000","0","0","0","0","0","0","","","","","d34f4b239b80bd6898d5a314ac368845","0.552","","","","","1.1","https://www.tiktok.com/discover/i-write-the-songs-lyrics-satanic","2024-11-30 14:44:47"
"https://madely.us/","https://madely.us/","text/html; charset=UTF-8","200","OK","Indexable","","MADELY Malayalam Christian Song Lyrics","38","370","","0","0","The Ready to Sing Malayalam & Manglish Christian Devotional Song Lyrics Site. Easy to Search, Read and Sing! വരൂ! നമുക്കു പാടി പുകഴ്‌ത്താം!","139","846","Malayalam Manglish Lyrics, Christian Devotional Lyrics, Syro Malabar Song Lyrics, Qurbana Pattukal, Holy Qurbana Songs, Malayalam Songs, Manglish Songs, Syro-Malabar","165","5820 മലയാള ഭക്തി ഗാനങ്ങള്‍ Malayalam Christian Devotional Song Lyrics Ready to Sing Song Lyrics in both Malayalam & Manglish കുര്‍ബാന പാട്ടുകള്‍ പ്രവേശന ഗാനങ്ങള്‍ കുര്‍ബാന സ്വീകരണ ഗാനങ്ങള്‍ സമാപന ഗാനങ്ങള്‍ ക്രിസ്‌മസ്‌ കരോള്‍ ഗാനങ്ങള്‍ ക്രിസ്‌മസ്‌ കുര്‍ബാന ക്രമം സുറിയാനി ഗാനങ്ങള്‍ മാതാവിനോടുള്ള ഗാനങ്ങള്‍","304","","0","","0","","0","index, follow, max-image-preview:large, max-snippet:-1, max-video-preview:-1","","","","","","https://madely.us/","","","","","","163503","38047","385","105","3.667","63.578","Normal","1.595","0","0","","3","1","0","1.150","111","99","0","1","1","0","","","","","5332a176c8875e64265a8490bb34c879","1.128","","","","","1.1","https://madely.us/","2024-11-30 14:44:43"
"https://www.hollywoodreporter.com/lists/misheard-song-lyrics/","https://www.hollywoodreporter.com/lists/misheard-song-lyrics/","text/html; charset=UTF-8","200","OK","Indexable","","Misheard Song Lyrics: 55 Commonly Misunderstood Lyrics","54","518","","0","0","THR has compiled a list of some of the most commonly misheard lyrics, including in popular songs from Adele, The Beatles, Selena Gomez and Bon Jovi.","148","945","","0","The Most Commonly Misheard Lyrics in Popular Songs","50","","0","site categories","15","NSYNC – “It’s Gonna Be Me”","26","max-image-preview:large","noai, noimageai","index, follow","max-image-preview:large","","","https://www.hollywoodreporter.com/lists/misheard-song-lyrics/","","","","","","899866","127952","3159","531","5.949","79.962","Fairly Easy","2.568","0","2","","11","1","0","1.150","174","97","0","89","61","0","","","","","29b89e7961238b4c26e32804f58db657","2.229","","","","","1.1","https://www.hollywoodreporter.com/lists/misheard-song-lyrics/","2024-11-30 14:44:22"
"https://www.woodyguthrie.org/lyrics.htm","https://www.woodyguthrie.org/lyrics.htm","text/html","200","OK","Indexable","","Woody Guthrie Lyrics","20","187","","0","0","An alphabetical listing of published and recorded song lyrics written by folk singer-songwriter Woody Guthrie. In most cases Woody's stylized spelling, punctuation, and grammar have been retained.","196","1222","Woody,Woody Guthrie,WoodyGuthrie,Woodie,Woodie Guthrie,WoodieGuthrie,Guthrie,folk,folk singer,songwriter,folk songwriter,folk music,folk music icon,folk music legend,this land,this land is,this land is your,this land is your land,Arlo,Arlo Guthrie,ArloGuthrie,Bob Dylan,BobDylan,Nora Guthrie,NoraGuthrie,Dustbowl,Dust Bowl,Dust Bowl Ballads,Deportee song,Deportee songwriter","374","Woody Guthrie Lyrics","20","","0","Listing of Lyrics by Woody Guthrie","34","","0","","","","","","","","","","","","","80793","13968","1523","120","12.692","81.246","Easy","11.636","0","0","","3","1","0","1.150","470","421","0","9","8","0","","","","","4ea42e765034ae4a2948860b3bd9da11","1.676","Wed, 03 Jul 2024 17:27:00 GMT","","","","1.1","https://www.woodyguthrie.org/lyrics.htm","2024-11-30 14:44:52"
"https://vocaloidlyrics.fandom.com/wiki/Vocaloid_Lyrics_Wiki","https://vocaloidlyrics.fandom.com/wiki/Vocaloid_Lyrics_Wiki","text/html; charset=UTF-8","200","OK","Indexable","","Vocaloid Lyrics Wiki | Fandom","29","263","","0","0","The Vocaloid Lyrics Wiki is a collaborative website for the purpose of presenting vocal synthesizer original songs.Please read the Basics of Editing before editing or creating pages, especially if you are new to Fandom. You can also find all of the guidelines under ""Wiki Content"" in the top...","294","1777","","0","Vocaloid Lyrics Wiki","20","Home","4","Featured Song Article","21","Asian text","10","","","","","","","https://vocaloidlyrics.fandom.com/wiki/Vocaloid_Lyrics_Wiki","","","","","","1072481","105206","2735","932","2.935","62.929","Normal","1.889","0","1","","55","1","0","1.150","994","872","0","20","20","0","","","","","9f15598b3dd1156624a075451996b0a7","0.680","Thu, 28 Nov 2024 17:37:32 GMT","","","","1.1","https://vocaloidlyrics.fandom.com/wiki/Vocaloid_Lyrics_Wiki","2024-11-30 14:44:26"
"https://www.facebook.com/permalink.php/?story_fbid=1003459749780349&id=105612492898417","https://www.facebook.com/permalink.php/?story_fbid=1003459749780349&id=105612492898417","text/html; charset=""utf-8""","200","OK","Indexable","","HE LOOKED BEYOND MY FAULT
Dottie... - Baptist Songs Lyrics","58","555","","0","0","HE LOOKED BEYOND MY FAULT
Dottie Rambo 

Amazing grace shall always be my song of praise.
For it was grace that bought my liberty,
I do not know just why...","156","999","","0","","0","","0","","0","","0","noodp,noydir","","","","","","https://www.facebook.com/permalink.php/?story_fbid=1003459749780349&id=105612492898417","","","","","","684034","134072","0","","","","","0.000","0","1","","0","0","0","0.000","0","0","0","0","0","0","","","","","b8e0afdc7b975c3ca05a49ff858a2c9a","0.392","","","","","1.1","https://www.facebook.com/permalink.php/?story_fbid=1003459749780349&id=105612492898417","2024-11-30 14:44:24"
"https://www.babycenter.com/baby/sleep/lullaby-lyrics-a-primer_1508569","https://www.babycenter.com/baby/sleep/lullaby-lyrics-a-primer_1508569","text/html; charset=utf-8","200","OK","Indexable","","26 baby lullabies to help your child sleep (with lyrics) | BabyCenter","69","579","","0","0","Looking to add some inspiration to your bedtime routine? Try these beautiful lullabies, which run from classics to modern hits.","127","781","","0","26 baby lullabies to help your child sleep (with lyrics)","56","","0","What is a lullaby?","18","Why should I sing lullabies to my baby?","39","max-image-preview:large","","","","","","https://www.babycenter.com/baby/sleep/lullaby-lyrics-a-primer_1508569","","","","","","444902","79889","3247","670","4.846","73.778","Fairly Easy","4.988","0","2","","0","0","0","0.000","263","208","0","54","53","0","","","","","945fadd80aa17a955fc69832b5d171e2","1.677","","","","","1.1","https://www.babycenter.com/baby/sleep/lullaby-lyrics-a-primer_1508569","2024-11-30 14:44:36"
"https://www.browardcenter.org/assets/doc/HAMILTUNES-Song-Lyrics-12b159cc3b.pdf","https://www.browardcenter.org/assets/doc/HAMILTUNES-Song-Lyrics-12b159cc3b.pdf","application/pdf","200","OK","Indexable","","","0","0","","0","0","","0","0","","0","","0","","0","","0","","0","","","","","","","","","","","","","412009","412009","0","","","","","0.000","0","2","","0","0","0","0.000","0","0","0","0","0","0","","","","","","1.008","Fri, 04 Jan 2019 14:26:27 GMT","","","","1.1","https://www.browardcenter.org/assets/doc/HAMILTUNES-Song-Lyrics-12b159cc3b.pdf","2024-11-30 14:44:36"
"https://apps.apple.com/us/app/musixmatch-lyrics-finder/id448278467","https://apps.apple.com/us/app/musixmatch-lyrics-finder/id448278467","text/html","200","OK","Indexable","","‎Musixmatch Lyrics Finder on the App Store","42","381","","0","0","Musixmatch is the world’s largest lyrics catalog, giving you synchronized song lyrics with multilingual translations for all your music.
Selected for the Editor…","161","967","Musixmatch Lyrics Finder, musiXmatch srl, Music,Education, ios apps, app, appstore, app store, iphone, ipad, ipod touch, itouch, itunes","135","Musixmatch Lyrics Finder 12+","28","","0","Lyrics for your music","21","musiXmatch srl","14","","","","","","","https://apps.apple.com/us/app/musixmatch-lyrics-finder/id448278467","","","","","","743134","151890","1554","313","4.965","77.781","Fairly Easy","1.337","0","3","","0","0","0","0.000","39","39","0","7","3","0","","","","","6b7ab9745be8ce962a7ad998d6a668f8","0.698","","","","","1.1","https://apps.apple.com/us/app/musixmatch-lyrics-finder/id448278467","2024-11-30 14:44:21"
"https://bands.yalecollege.yale.edu/yale-precision-marching-band/music/yale-fight-songs","https://bands.yalecollege.yale.edu/yale-precision-marching-band/music/yale-fight-songs","text/html; charset=utf-8","200","OK","Indexable","","Yale Fight Songs
 | Yale Bands","30","261","","0","0","","0","0","","0","Yale Fight Songs","16","","0","Yale Bands","10","","0","","","","","","","https://bands.yalecollege.yale.edu/yale-precision-marching-band/music/yale-fight-songs","","","","","","60177","22403","512","119","4.303","95.892","Very Easy","5.641","0","2","","3","1","0","1.150","41","32","0","0","0","0","","","","","84a3b924bca6238cc51b9311592e4d46","0.988","Sat, 30 Nov 2024 09:40:42 GMT","","","","1.1","https://bands.yalecollege.yale.edu/yale-precision-marching-band/music/yale-fight-songs","2024-11-30 14:44:37"
"https://www.mappmagazine.com/articles/a-case-for-lyrics-and-how-they-impact-our-emotions","https://www.mappmagazine.com/articles/a-case-for-lyrics-and-how-they-impact-our-emotions","text/html;charset=utf-8","200","OK","Indexable","","A Case for Lyrics and How They Impact Our Emotions — MAPP Magazine","66","644","","0","0","On August 28th, 2015, a few months before graduating with my Master of 
Applied Positive Psychology (MAPP) degree from the University of 
Pennsylvania, I walked into the office of James Pennebaker, a leading 
researcher in language and emotional experiences. I was excited and ready 
to talk about how words matter. Specifically, how lyrics, the words in a 
song, matter. I couldn’t wait for the conversation about his favorite 
lyrics, how artists could influence the world, and for all of the resources 
he could share that would support this hypothesis and set me up to start 
writing my capstone. I knew this was going to be good!","642","3861","","0","Articles","8","A Case for Lyrics and How They Impact Our Emotions","50","","0","","0","","","","","","","https://www.mappmagazine.com/articles/a-case-for-lyrics-and-how-they-impact-our-emotions","","","","","","103305","23784","2386","416","5.736","72.695","Fairly Easy","16.636","0","1","","4","1","0","1.150","38","14","0","21","12","0","","","","","86e2101d1ef0a2f38226224ad973cffe","1.128","","","","","1.1","https://www.mappmagazine.com/articles/a-case-for-lyrics-and-how-they-impact-our-emotions","2024-11-30 14:44:47"
"https://jonimitchell.com/music/song.cfm?id=208","https://jonimitchell.com/music/song.cfm?id=208","text/html;charset=UTF-8","200","OK","Indexable","","Joni Mitchell -  - lyrics","25","185","","0","0","","0","0","","0","Joni Mitchell","13","Song Lyrics","11","","0","This song appears on:","21","","","","","","","","","","","","","19346","19346","84","29","2.897","88.074","Easy","3.125","0","1","","0","0","0","0.000","27","23","0","10","10","0","","","","","bf35eead993e70bf7f3cf7708b9768b5","1.897","","","","","1.1","https://jonimitchell.com/music/song.cfm?id=208","2024-11-30 14:44:27"
"https://www.huapala.org/","https://www.huapala.org/","text/html","200","OK","Indexable","","Huapala - Hawaiian Music and Hula Archives","42","394","","0","0","Huapala Hawaiian Music and Hula Archives","40","269","Huapala, Hawaiian music archives, hula lyrics, Hawaiian songs, Hawaiian lyrics, Hawaii, Hawai'i, Hawaiʻi","104","","0","","0","","0","","0","","","","","","","","","","","","","15927","4361","733","131","5.595","76.622","Fairly Easy","24.218","0","0","","0","0","0","0.000","140","116","0","2","1","0","","","","","a29c20178f914f0b4e418cede8b1719e","1.381","Mon, 11 Jul 2022 15:17:57 GMT","","","","1.1","https://www.huapala.org/","2024-11-30 14:44:32"
"https://traditions.gatech.edu/gtsongs.html","https://traditions.gatech.edu/gtsongs.html","text/html","200","OK","Indexable","","Georgia Tech Traditions: GT Songs","33","307","","0","0","","0","0","","0","GT Songs","8","","0","","0","","0","","","","","","","","","","","","","10515","10515","756","115","6.574","100.000","Very Easy","36.979","0","0","","3","1","0","1.150","44","15","0","0","0","0","","","","","6bb14ec806b61d7dd22bad2a5a447be7","1.400","Sat, 22 Jan 2022 15:05:57 GMT","","","","1.1","https://traditions.gatech.edu/gtsongs.html","2024-11-30 14:44:23"
