"Original Url","Address","Content Type","Status Code","Status","Indexability","Indexability Status","Title 1","Title 1 Length","Title 1 Pixel Width","Title 2","Title 2 Length","Title 2 Pixel Width","Meta Description 1","Meta Description 1 Length","Meta Description 1 Pixel Width","Meta Keywords 1","Meta Keywords 1 Length","H1-1","H1-1 Length","H1-2","H1-2 Length","H2-1","H2-1 Length","H2-2","H2-2 Length","Meta Robots 1","X-Robots-Tag 1","Meta Refresh 1","Canonical Link Element 1","rel=""next"" 1","rel=""prev"" 1","HTTP rel=""next"" 1","HTTP rel=""prev"" 1","amphtml Link Element","Size (bytes)","Transferred (bytes)","Word Count","Sentence Count","Average Words Per Sentence","Flesch Reading Ease Score","Readability","Text Ratio","Crawl Depth","Folder Depth","Link Score","Inlinks","Unique Inlinks","Unique JS Inlinks","% of Total","Outlinks","Unique Outlinks","Unique JS Outlinks","External Outlinks","Unique External Outlinks","Unique External JS Outlinks","Closest Similarity Match","No. Near Duplicates","Spelling Errors","Grammar Errors","Hash","Response Time","Last Modified","Redirect URL","Redirect Type","Cookies","HTTP Version","URL Encoded Address","Crawl Timestamp"
"http://nothing.community/en/d/9207-video-editing-on-phone-2a","http://nothing.community/en/d/9207-video-editing-on-phone-2a","text/html","301","Moved Permanently","Non-Indexable","Redirected","","0","0","","0","0","","0","0","","0","","0","","0","","0","","0","","","","","","","","","","134","134","0","","","","","0.000","0","2","","0","0","0","0.000","0","0","0","0","0","0","","","","","","0.453","","https://nothing.community/en/d/9207-video-editing-on-phone-2a","HTTP Redirect","","1.1","http://nothing.community/en/d/9207-video-editing-on-phone-2a","2024-11-26 00:56:10"
"https://kdenlive.org/en/","https://kdenlive.org/en/","text/html; charset=UTF-8","200","OK","Indexable","","Kdenlive - Video Editing Freedom","32","291","","0","0","Kdenlive is a powerful free and open source cross-platform video editing program made by the KDE community. Feature rich and production ready.","142","906","","0","Kdenlive","8","","0","Latest News","11","Kdenlive 24.08.3 released","25","index, follow, max-image-preview:large, max-snippet:-1, max-video-preview:-1","","","https://kdenlive.org/en/","","","","","","263315","42157","158","54","2.926","73.217","Fairly Easy","0.679","0","1","","6","1","0","1.320","41","24","0","25","20","0","","","","","8ec6bc07973890f08f9f2a3d12e3d02d","0.869","Mon, 25 Nov 2024 18:10:16 GMT","","","","1.1","https://kdenlive.org/en/","2024-11-26 00:55:53"
"https://www.tri-c.edu/programs/creative-arts/film-and-media-arts/digital-video-editing-certificate.html","https://www.tri-c.edu/programs/creative-arts/film-and-media-arts/digital-video-editing-certificate.html","text/html; charset=UTF-8","200","OK","Indexable","","Tri-C Film and Media Arts: Editing Certificate Program: Cleveland, Ohio","71","619","","0","0","","0","0","film, media, filmmaking, video, video production, film production, video editing, edit videos","93","Film and Media Arts: Editing - Short-Term Certificate","53","","0","Getting Started","15","Classes & Programs","18","","","","","","","","","","111125","111125","454","91","4.989","57.541","Fairly Hard","7.109","0","3","","1","1","0","1.320","97","61","0","14","10","0","","","","","773c82d522c64031fdf8b2821d6b7692","1.336","Mon, 25 Nov 2024 08:09:30 GMT","","","","1.1","https://www.tri-c.edu/programs/creative-arts/film-and-media-arts/digital-video-editing-certificate.html","2024-11-26 00:56:29"
"http://www.liftgammagain.com/forum/index.php?threads/nvidia-enable-video-editing-mode.17505/","http://www.liftgammagain.com/forum/index.php?threads/nvidia-enable-video-editing-mode.17505/","text/html; charset=iso-8859-1","301","Moved Permanently","Non-Indexable","Redirected","","0","0","","0","0","","0","0","","0","","0","","0","","0","","0","","","","","","","","","","301","301","0","","","","","0.000","0","1","","0","0","0","0.000","0","0","0","0","0","0","","","","","","1.122","","https://www.liftgammagain.com/forum/index.php?threads/nvidia-enable-video-editing-mode.17505/","HTTP Redirect","","1.1","http://www.liftgammagain.com/forum/index.php?threads/nvidia-enable-video-editing-mode.17505/","2024-11-26 00:56:10"
"https://www.pinnaclesys.com/en/products/studio/ultimate/","https://www.pinnaclesys.com/en/products/studio/ultimate/","text/html; charset=utf-8","200","OK","Indexable","","Movie & video editing software - Pinnacle Studio 26 Ultimate","60","531","","0","0","Create professional level movies with Pinnacle Studio 26 Ultimate, advanced video editing software with video masking, color grading, multi-camera editing, and more.","165","1025","","0","NEW Pinnacle Studio 26 Ultimate Pro-level video editing software for Windows","76","Pinnacle Studio Ultimate Bundle","31","Create with inspiration. Edit with Pinnacle.","44","Passion. Power. Precision.","26","","","","https://www.pinnaclesys.com/en/products/studio/ultimate/","","","","","","156487","25420","3293","621","5.303","54.398","Fairly Hard","14.843","0","4","","40","1","0","1.320","110","53","0","20","19","0","","","","","5951149274399bc3e70935a4578d4890","2.031","","","","","1.1","https://www.pinnaclesys.com/en/products/studio/ultimate/","2024-11-26 00:55:59"
"https://www.capcut.com/tools/online-video-editor","https://www.capcut.com/tools/online-video-editor","text/html; charset=utf-8","200","OK","Indexable","","Free Online Video Editor | Easy to Create Videos Online - CapCut","64","562","","0","0","Looking for the best online video editor to create videos free? CapCut's online editor offers feature-rich online video editing tools for video creation.","153","907","","0","Free Online Video Editor","24","","0","Dreamina","8","Long video to shorts","20","","","","https://www.capcut.com/tools/online-video-editor","","","","","","325786","54380","1918","377","5.088","58.319","Fairly Hard","3.893","0","1","","0","0","0","0.000","167","135","0","7","7","0","","","","","6bd3a7d70fae35772102482afe0a86ee","0.966","","","","","1.1","https://www.capcut.com/tools/online-video-editor","2024-11-26 00:56:29"
"https://clideo.com/video-editor","https://clideo.com/video-editor","text/html; charset=UTF-8","200","OK","Indexable","","Online Video Editor — Clideo","28","249","","0","0","Video editing made easy! Our online video editor works on Mac, Windows, Linux, Android and iPhone — create split-screen videos, add music, captions, filters, and more!","167","1036","","0","Online Video Editor","19","","0","Create your own video and edit it in any way on both your phone and computer","76","How to create a video online","28","","","","https://clideo.com/video-editor","","","","","","150113","36928","917","157","5.841","71.839","Fairly Easy","7.104","0","0","","4","1","0","1.320","102","78","0","2","2","0","","","","","814572db87fee23dd6863503acb11d36","0.810","","","","","1.1","https://clideo.com/video-editor","2024-11-26 00:56:24"
"https://en.wikipedia.org/wiki/Video_editing","https://en.wikipedia.org/wiki/Video_editing","text/html; charset=UTF-8","200","OK","Indexable","","Video editing - Wikipedia","25","217","","0","0","","0","0","","0","Video editing","13","","0","Contents","8","Types of editing","16","max-image-preview:standard","","","https://en.wikipedia.org/wiki/Video_editing","","","","","","122463","28221","2424","498","4.867","63.617","Normal","13.767","0","1","","47","1","0","1.320","306","222","0","47","42","0","","","","","d37c013f33abc6ab5d5ab2c8a306738a","0.328","Fri, 22 Nov 2024 14:04:54 GMT","","","","1.1","https://en.wikipedia.org/wiki/Video_editing","2024-11-26 00:56:26"
"https://www.descript.com/","https://www.descript.com/","text/html; charset=utf-8","403","Forbidden","Non-Indexable","Client Error","","0","0","","0","0","","0","0","","0","","0","","0","","0","","0","","","","","","","","","","0","0","0","","","","","0.000","0","0","","0","0","0","0.000","0","0","0","0","0","0","","","","","","0.409","","","","","1.1","https://www.descript.com/","2024-11-26 00:55:54"
"https://www.kapwing.com/video-editor","https://www.kapwing.com/video-editor","text/html","200","OK","Indexable","","Online Video Editor — Edit Video for Free — Kapwing","51","458","","0","0","Kapwing is a free web-based video editor with powerful features to speed up your content creation workflow. Make videos in just a few clicks — trim clips, add effects, subtitles, and much more.","193","1190","video editor, online video editor, video editor online, edit video online, video editing, edit video, video creator, edit video online, video editing online","156","Online Video Editor","19","","0","The online video editor that helps you create faster","52","How to edit a video online","26","","","","https://www.kapwing.com/video-editor","","","","","","343639","72346","3401","549","6.195","61.098","Normal","7.296","0","0","","3","1","0","1.320","161","88","0","9","8","0","","","","","2aed148d702b32dc51eab9cd44030b44","0.783","","","","","1.1","https://www.kapwing.com/video-editor","2024-11-26 00:55:54"
"https://www.asus.com/us/laptops/for-creators/all-series/filter?Category=Video-editing","https://www.asus.com/us/laptops/for-creators/all-series/filter?Category=Video-editing","text/html; charset=utf-8","200","OK","Indexable","","Video editing｜Laptops For Creators｜ASUS USA","43","413","","0","0","In ASUS 「Video editing」 - Laptops , you could find most appropriate Laptops based on product features, specification or price. And you also could get product's detail information and comparsion, even add it into the wish list in buy page.","238","1458","","0","","0","","0","ProArt PZ13 (HT5306)","20","ProArt P16 (H7606); Copilot+ PC","31","","","","https://www.asus.com/us/laptops/for-creators/all-series/filter?Category=Video-editing","","","","","","486486","65635","1921","557","3.449","100.000","Very Easy","2.130","0","4","","3","1","0","1.320","173","104","0","9","9","0","","","","","381bedb51603a908bf6e6619b6e2991f","0.365","Mon, 25 Nov 2024 19:35:06 GMT","","","","1.1","https://www.asus.com/us/laptops/for-creators/all-series/filter?Category=Video-editing","2024-11-26 00:56:37"
"https://riverside.fm/","https://riverside.fm/","text/html","200","OK","Indexable","","Riverside: HD Podcast & Video Software | Free Recording & Editing","65","584","","0","0","Riverside is your online studio for high-quality podcast and video recording and editing. Powered by AI, built for human conversations. Get started for free.","157","951","","0","Talk it to the next level.","26","","0","Made with Riverside","19","Record it.","10","","","","https://riverside.fm/","","","","","","187928","44333","835","217","3.848","68.988","Normal","5.046","0","0","","13","1","0","1.320","162","77","0","20","10","0","","","","","8d423a89f78cd14dc252559607df3287","1.025","Mon, 25 Nov 2024 15:30:10 GMT","","","","1.1","https://riverside.fm/","2024-11-26 00:55:53"
"https://www.canva.com/video-editor/","https://www.canva.com/video-editor/","text/html; charset=UTF-8","403","Forbidden","Non-Indexable","Client Error","","0","0","","0","0","","0","0","","0","","0","","0","","0","","0","","","","","","","","","","0","0","0","","","","","0.000","0","1","","0","0","0","0.000","0","0","0","0","0","0","","","","","","0.456","","","","","1.1","https://www.canva.com/video-editor/","2024-11-26 00:55:53"
"https://support.yuja.com/hc/en-us/articles/360045477574-Video-Editor-Overview","https://support.yuja.com/hc/en-us/articles/360045477574-Video-Editor-Overview","text/html; charset=utf-8","200","OK","Indexable","","Video Editor Overview – YuJa Help Center","40","371","","0","0","The Video Platform offers fully integrated video editing capabilities that are accessible from Manage Media. With video editing, you can...","139","845","","0","Video Editor Overview","21","","0","Accessing the Video Editor","26","Using the Video Editor","22","","","","https://support.yuja.com/hc/en-us/articles/360045477574-Video-Editor-Overview","","","","","","48882","11808","392","69","5.681","68.126","Normal","8.155","0","3","","3","1","0","1.320","73","64","0","8","8","0","","","","","1b1af152c4ceddb27ec8d2cbf3c4e1cc","1.175","","","","","1.1","https://support.yuja.com/hc/en-us/articles/360045477574-Video-Editor-Overview","2024-11-26 00:56:03"
"https://www.udemy.com/topic/video-editing/","https://www.udemy.com/topic/video-editing/","text/html; charset=UTF-8","403","Forbidden","Non-Indexable","Client Error","","0","0","","0","0","","0","0","","0","","0","","0","","0","","0","","","","","","","","","","0","0","0","","","","","0.000","0","2","","0","0","0","0.000","0","0","0","0","0","0","","","","","","0.376","","","","","1.1","https://www.udemy.com/topic/video-editing/","2024-11-26 00:56:28"
"https://www.adobe.com/express/feature/video/editor","https://www.adobe.com/express/feature/video/editor","text/html; charset=utf-8","200","OK","Indexable","","Free Online Video Editor | Adobe Express","40","359","","0","0","The Adobe Express free video editor helps you easily create your own professional and custom videos in minutes, no design skills needed.","136","855","","0","Free online video editor.","25","","0","How to edit videos.","19","Edit videos with ease, no experience needed.","44","max-image-preview:large","","","https://www.adobe.com/express/feature/video/editor","","","","","","25060","5649","1112","173","6.428","63.673","Normal","27.430","0","3","","0","0","0","0.000","24","21","0","1","1","0","","","","","2465310d2f74c377b00e43d5989d8ac6","0.246","Fri, 22 Nov 2024 19:11:10 GMT","","","","1.1","https://www.adobe.com/express/feature/video/editor","2024-11-26 00:55:57"
"https://helpx.adobe.com/premiere-pro/system-requirements.html","https://helpx.adobe.com/premiere-pro/system-requirements.html","text/html; charset=UTF-8","200","OK","Indexable","","Adobe Premiere Pro System Requirements","38","377","","0","0","The recommended system specification below are the best choice for users. Your system must meet minimum specifications to run Premiere Pro.","139","905","Adobe Premiere Pro,Reference,MAX 2021,Introduction,MAX 2022,MAX24update","71","Premiere Pro system requirements","32","","0","System requirements for Premiere Pro","36","Minimum and recommended system requirements for Windows","55","noodp","","","https://helpx.adobe.com/premiere-pro/system-requirements.html","","","","","","195722","30576","2186","740","2.954","75.698","Fairly Easy","7.120","0","1","","23","1","0","1.320","295","266","0","3","3","0","","","","","29f6bef58e934e7cefc722060ecff884","0.551","","","","","1.1","https://helpx.adobe.com/premiere-pro/system-requirements.html","2024-11-26 00:56:22"
"https://certifiedprofessional.adobe.com/en/resources/video-editing-certification","https://certifiedprofessional.adobe.com/en/resources/video-editing-certification","text/html","200","OK","Indexable","","How to become a Video Editor | Adobe Certified Professional","59","535","","0","0","Looking to get into a video editing career or take your position to the next level? Learn how to become a video editor with an editing certification today.","155","928","","0","How to become a video editor.","29","","0","Contact us","10","What’s a video editor?","22","","","","https://certifiedprofessional.adobe.com/en/resources/video-editing-certification","","","","","","37593","11506","1185","173","6.850","49.387","Hard","22.756","0","2","","14","1","0","1.320","77","37","0","7","7","0","","","","","f0b3c1d960cfb96178918fb53ade23bf","0.565","Mon, 18 Nov 2024 11:50:28 GMT","","","","1.1","https://certifiedprofessional.adobe.com/en/resources/video-editing-certification","2024-11-26 00:56:35"
"https://www.renderforest.com/","https://www.renderforest.com/","text/html; charset=utf-8","200","OK","Indexable","","All your design tools in one place | Renderforest","49","419","","0","0","Time to get your brand noticed. Create professional videos, logos, mockups, websites, and graphics — all in one place. Get started now!","135","835","website maker, site maker, logo maker, how to make a logo, create logo online, create website online, create video online, online video maker, video maker, free video maker, free logo maker, free site maker, free online video maker with music and pictures, how to create a website for free, best free website builder, text logo maker, free online logo maker and download, best logo maker.","388","All your design tools in one place","34","","0","Join Millions of Users to Save Time and Succeed!","48","Join Renderforest newsletter","28","","","","https://www.renderforest.com/","","","","","","346826","64635","1503","379","3.966","54.605","Fairly Hard","3.846","0","0","","16","1","0","1.320","384","236","0","33","23","0","","","","","e8c7eedfccac944632e148b6bb930fa0","1.371","","","","","1.1","https://www.renderforest.com/","2024-11-26 00:55:54"
"https://www.wevideo.com/","https://www.wevideo.com/","text/html; charset=UTF-8","200","OK","Indexable","","Video Creation | Interactive Video | WeVideo","44","387","","0","0","Turn passive viewers into active learners with interactive video. Try WeVideo today and unlock powerful video creation, interactivity, and analytics tools.","155","935","","0","Interactive video, data-driven learning","39","","0","Resource Center","15","Transform your instructional content with WeVideo","49","","","","https://www.wevideo.com/","","","","","","123205","23838","650","112","5.804","45.411","Hard","6.210","0","0","","2","1","0","1.320","87","58","0","7","7","0","","","","","305c682c88b8c560ef82f30cc0e3768f","1.033","Mon, 25 Nov 2024 14:51:55 GMT","","","","1.1","https://www.wevideo.com/","2024-11-26 00:56:27"
"https://bricartsmedia.org/class/video-editing-with-premiere/","https://bricartsmedia.org/class/video-editing-with-premiere/","text/html; charset=UTF-8","200","OK","Indexable","","Video Editing with Premiere | BRIC","34","301","","0","0","Learn how to navigate Premiere’s interface, import footage, and work with B-roll, audio, still images, basic effects, and transitions. By the end of the","152","905","","0","Video Editing with Premiere","27","","0","Class Info","10","Class Times","11","index, follow, max-image-preview:large, max-snippet:-1, max-video-preview:-1","","","https://bricartsmedia.org/class/video-editing-with-premiere/","","","","","","262886","48143","940","240","3.917","89.370","Easy","3.233","0","2","","2","1","0","1.320","167","56","0","19","13","0","","","","","96acb247f045023689dc955197423046","1.716","","","","","1.1","https://bricartsmedia.org/class/video-editing-with-premiere/","2024-11-26 00:56:35"
"https://www.skillshare.com/en/classes/learn-video-editing-with-adobe-premiere-pro-for-beginners-2025/874642364","https://www.skillshare.com/en/classes/learn-video-editing-with-adobe-premiere-pro-for-beginners-2025/874642364","text/html; charset=UTF-8","403","Forbidden","Non-Indexable","Client Error","","0","0","","0","0","","0","0","","0","","0","","0","","0","","0","","","","","","","","","","0","0","0","","","","","0.000","0","3","","0","0","0","0.000","0","0","0","0","0","0","","","","","","0.271","","","","","1.1","https://www.skillshare.com/en/classes/learn-video-editing-with-adobe-premiere-pro-for-beginners-2025/874642364","2024-11-26 00:56:26"
"https://online-video-cutter.com/video-editor","https://online-video-cutter.com/video-editor","text/html; charset=UTF-8","200","OK","Indexable","","Online Video Editor - Simple & Free Video Editing Tool","54","471","","0","0","Simple, fast, and free online video editor for creating content. Make videos and do edits in your browser without any effort! Easy-to-use video maker for everyone.","163","992","","0","Online Video Editor","19","","0","Easily edit videos in the browser","33","Easily edit videos right in the browser","39","","","","https://online-video-cutter.com/video-editor","","","","","","109369","28283","1421","236","6.021","74.330","Fairly Easy","8.209","0","0","","18","1","0","1.320","65","47","0","36","36","0","","","","","7614e5fb01f28e94da56221abd664776","0.615","","","","","1.1","https://online-video-cutter.com/video-editor","2024-11-26 00:56:02"
"https://www.avid.com/media-composer","https://www.avid.com/media-composer","text/html; charset=utf-8","200","OK","Indexable","","Avid Media Composer - Professional Video Editing Software","57","527","","0","0","Avid Media Composer is the most trusted professional video editing software for filmmakers, designed for film, television, and more.","132","817","","0","Avid Media Composer","19","","0","Media composer features","23","What's new","10","","","","https://www.avid.com/media-composer","","","","","","470520","77825","3748","595","6.299","55.213","Fairly Hard","5.738","0","0","","14","1","0","1.320","92","33","0","5","3","0","","","","","34af2333c1c2b33003f320c383410e7c","0.590","","","","","1.1","https://www.avid.com/media-composer","2024-11-26 00:55:59"
"https://forums.tomshardware.com/threads/please-suggest-some-good-free-video-editing-software-for-windows.3850869/","https://forums.tomshardware.com/threads/please-suggest-some-good-free-video-editing-software-for-windows.3850869/","text/html; charset=utf-8","200","OK","Indexable","","Question - Please suggest some good, free video-editing software for Windows | Tom's Hardware Forum","99","916","","0","0","Hi, please suggest me a good free video editing software for windows in which i can put multiple markers on a video(audio included) so that i can easily...","155","947","","0","","0","","0","","0","","0","","","","https://forums.tomshardware.com/threads/please-suggest-some-good-free-video-editing-software-for-windows.3850869/","","","","","","225916","39691","12362","4590","2.693","0.000","Very Hard","96.626","0","2","","0","0","0","0.000","0","0","0","0","0","0","","","","","fe988d0907906b0ce18e39b2698f3972","1.175","Mon, 25 Nov 2024 19:56:37 GMT","","","","1.1","https://forums.tomshardware.com/threads/please-suggest-some-good-free-video-editing-software-for-windows.3850869/","2024-11-26 00:56:36"
"https://play.google.com/store/apps/details?id=com.camerasideas.instashot&hl=en_US","https://play.google.com/store/apps/details?id=com.camerasideas.instashot&hl=en_US","text/html; charset=utf-8","200","OK","Indexable","","Video Editor & Maker - InShot - Apps on Google Play","51","455","","0","0","Video editor with music, effect, transition, emoji, meme and slideshow maker.","77","477","","0","Video Editor & Maker - InShot","29","","0","About this app","14","Data safety","11","NOODP","","","https://play.google.com/store/apps/details?id=com.camerasideas.instashot&hl=en_US","","","","","","1265615","199237","1224","289","4.235","63.541","Normal","0.657","0","2","","0","0","0","0.000","39","32","0","3","3","0","","","","","ae8a84da94c792e0b4ec63f4035db957","0.386","","","","","1.1","https://play.google.com/store/apps/details?id=com.camerasideas.instashot&hl=en_US","2024-11-26 00:55:56"
"https://invideo.io/make/online-video-editor/","https://invideo.io/make/online-video-editor/","text/html; charset=utf-8","200","OK","Indexable","","Free Online Video Editor | Invideo - Drag & Drop","48","413","","0","0","Create and edit videos online using invideo's fast & easy online video editor. Sign up today for free!","102","607","video editor
online video editor
video editing
free video editor
video editor online
video editor free
free online video editor
free video editor online
video editing free
online video editor free
video editors
free video editing
edit video online
video editor online no watermark
editor de videos
online video
video editer
video editor free online
easy video editor
video editing online
edit maker
online video editor no watermark
online video editing software
online free video editor
video online
edit videos online
free online video editor no watermark
free editing websites
free video editor without watermark
simple video editor
video editing online free
video editor online free no watermark
no watermark video editor
video editing websites free
online video editor free no watermark
video editing tools
editor video
video editor no watermark
video editing website
free no watermark video editor
video editing websites
video editing software online
video editor website
free video editor no download
editing software online
free edit software online
video editor without watermark
edit video free
free video editor online no watermark
free online editing software
quick video editor
free video editing website
free video editing websites
video editing tool
quick video editor online
online video editer
best online video editor
free online video editing software
online video editors
online video editor no watermark free
create video editor
vidoe editor
video editor free no download
video editting
edit videos free
editing video
edit videos for free
video editor no download
video editing sites
video.editor
professional video editor
video editing software free online
easy video maker
free video editing software online
video online editor
free editing software online
free editing website
free movie editor online
free online video editor no download
easy video making
free edit video
website video editor
editing websites for videos
online editing software","1968","Free Online Video Editor","24","","0","Free video templates","20","Online video editor for everyone","32","follow, index","","","https://invideo.io/make/online-video-editor/","","","","","","328506","40855","1287","220","5.850","59.371","Fairly Hard","2.738","0","2","","2","1","0","1.320","68","53","0","14","11","0","","","","","a4040432782026011ae4cb9fc6cd65b6","0.660","","","","","1.1","https://invideo.io/make/online-video-editor/","2024-11-26 00:56:31"
"https://www.openshot.org/","https://www.openshot.org/","text/html; charset=utf-8","200","OK","Indexable","","OpenShot Video Editor | Free, Open, and Award-Winning Video Editor for Linux, Mac, and Windows!","95","867","","0","0","OpenShot is an award-winning free and open-source video editor for Linux, Mac, and Windows. Create videos with exciting video effects, titles, audio tracks, and animations.","172","1063","video editor, create video, open-source, cross-platform, openshot, linux, mac, windows, free, animation, effects, keyframe, 3d, waveform, title","143","OpenShot is incredibly amazingly wonderfully fantastically simple and powerful!","79","","0","Our Features","12","Latest Posts","12","index,follow","","","https://www.openshot.org/","","","","","","76921","16013","431","88","4.898","59.163","Fairly Hard","6.025","0","0","","9","1","0","1.320","82","46","0","16","10","0","","","","","4dc1c07d4360a83b74e5164ef26eb1a1","4.093","Mon, 25 Nov 2024 19:56:01 GMT","","","","1.1","https://www.openshot.org/","2024-11-26 00:56:04"
"https://www.midlandstech.edu/programs-and-courses/english-and-humanities/video-editing","https://www.midlandstech.edu/programs-and-courses/english-and-humanities/video-editing","text/html; charset=UTF-8","200","OK","Indexable","","Video Editing - Training Certificate | Midlands Technical College","65","559","","0","0","Video Editing - Training Certificate: In eight weeks, students will learn techniques in video editing using Adobe Premiere, including adding transitions, applying basic effects, correcting color, and syncing sound. Students will also learn how to format video in standard and high-definition formats for export, how to upload videos, and the basics of various media platforms such as YouTube, Vimeo, and Facebook.  Concludes with a video production reel that can be utilized to gain employment.","494","3030","","0","Video Editing","13","","0","Midlands Technical College","26","Main navigation","15","","","","https://www.midlandstech.edu/programs-and-courses/english-and-humanities/video-editing","","","","","","109884","17810","887","175","5.069","62.344","Normal","12.687","0","2","","13","1","0","1.320","291","219","0","10","9","0","","","","","c41a2147444a9b2f5a1f627d97dd1900","3.170","Mon, 25 Nov 2024 18:55:51 GMT","","","","1.1","https://www.midlandstech.edu/programs-and-courses/english-and-humanities/video-editing","2024-11-26 00:56:04"
"https://www.pugetsystems.com/solutions/video-editing-workstations/","https://www.pugetsystems.com/solutions/video-editing-workstations/","text/html; charset=UTF-8","200","OK","Indexable","","Workstations for Video Editing | Puget Systems","46","415","","0","0","Video editing and post-production are some of the most demanding work a computer can perform. Configure a PC optimized for your workflow at Puget Systems.","154","1000","","0","Workstations for Video Editing","30","","0","Main Navigation","15","Custom-Built Workstations for Video Editors Who Need Power and Performance","74","index, follow, max-image-preview:large, max-snippet:-1, max-video-preview:-1","","","https://www.pugetsystems.com/solutions/video-editing-workstations/","","","","","","176613","30130","1243","162","7.673","68.370","Normal","6.190","0","2","","6","1","0","1.320","197","147","0","7","7","0","","","","","161c050ff8cf28cdd746800a3f619444","2.137","","","","","1.1","https://www.pugetsystems.com/solutions/video-editing-workstations/","2024-11-26 00:56:14"
"https://forum.dji.com/thread-288849-1-1.html","https://forum.dji.com/thread-288849-1-1.html","text/html; charset=utf-8","200","OK","Indexable","","One Click Video Editing Software | DJI FORUM","44","406","","0","0","I have tried the AI in the DJI Mimo App and the Light Cut App and for the life of me I can't figure out how to make the videos longer. I have a couple hours of  ...","164","976","One Click Video Editing Software","32","","0","","0","","0","","0","","","","https://forum.dji.com/thread-288849-1-1.html","","","","","","178212","25181","1297","352","3.685","81.902","Easy","4.295","0","0","","0","0","0","0.000","143","95","0","4","4","0","","","","","62dec3ac90601edfd1e5074ef6bea6d6","1.486","","","","","1.1","https://forum.dji.com/thread-288849-1-1.html","2024-11-26 00:56:26"
"https://www.apple.com/newsroom/2024/11/final-cut-pro-11-begins-a-new-chapter-for-video-editing-on-mac/","https://www.apple.com/newsroom/2024/11/final-cut-pro-11-begins-a-new-chapter-for-video-editing-on-mac/","text/html;charset=utf-8","200","OK","Indexable","","Final Cut Pro 11 begins a new chapter for video editing on Mac - Apple","70","619","","0","0","Today, Apple unveiled Final Cut Pro 11, along with powerful updates to Final Cut Pro for iPad, Final Cut Camera, and Logic Pro.","127","780","","0","Final Cut Pro 11 begins a new chapter for video editing on Mac","62","","0","","0","","0","","","","https://www.apple.com/newsroom/2024/11/final-cut-pro-11-begins-a-new-chapter-for-video-editing-on-mac/","","","","","","248526","43738","4510","661","6.823","63.424","Normal","13.769","0","4","","12","1","0","1.320","128","100","0","1","1","0","","","","","febb14f7365a153f611f15e70d0c4d49","0.790","","","","","1.1","https://www.apple.com/newsroom/2024/11/final-cut-pro-11-begins-a-new-chapter-for-video-editing-on-mac/","2024-11-26 00:56:28"
"https://scenery.video/","https://scenery.video/","text/html","301","Moved Permanently","Non-Indexable","Redirected","","0","0","","0","0","","0","0","","0","","0","","0","","0","","0","","","","","","","","","","166","166","0","","","","","0.000","0","0","","0","0","0","0.000","0","0","0","0","0","0","","","","","","0.724","","https://www.scenery.video/","HTTP Redirect","","1.1","https://scenery.video/","2024-11-26 00:56:33"
"https://community.spiceworks.com/t/professional-video-editing-software-that-does-not-require-internet/824232","https://community.spiceworks.com/t/professional-video-editing-software-that-does-not-require-internet/824232","","403","Forbidden","Non-Indexable","Client Error","","0","0","","0","0","","0","0","","0","","0","","0","","0","","0","","","","","","","","","","0","0","0","","","","","0.000","0","2","","0","0","0","0.000","0","0","0","0","0","0","","","","","","0.549","","","","","1.1","https://community.spiceworks.com/t/professional-video-editing-software-that-does-not-require-internet/824232","2024-11-26 00:55:53"
"https://www.reddit.com/r/premiere/comments/18slr6n/hi_i_am_new_to_video_editing_what_is_the/","https://www.reddit.com/r/premiere/comments/18slr6n/hi_i_am_new_to_video_editing_what_is_the/","text/html; charset=utf-8","302","Found","Non-Indexable","Redirected","","0","0","","0","0","","0","0","","0","","0","","0","","0","","0","","","","","","","","","","406","406","0","","","","","0.000","0","5","","0","0","0","0.000","0","0","0","0","0","0","","","","","","0.388","","https://www.reddit.com/r/premiere/comments/18slr6n/hi_i_am_new_to_video_editing_what_is_the/?rdt=63709","HTTP Redirect","","1.1","https://www.reddit.com/r/premiere/comments/18slr6n/hi_i_am_new_to_video_editing_what_is_the/","2024-11-26 00:56:21"
"https://repost.aws/questions/QUEi8b3PaoRBGf1tsH03TfUQ/ec2-video-editing-for-a-very-small-team","https://repost.aws/questions/QUEi8b3PaoRBGf1tsH03TfUQ/ec2-video-editing-for-a-very-small-team","text/html; charset=utf-8","200","OK","Indexable","","EC2 Video Editing for a very small team | AWS re:Post","53","470","","0","0","Short backstory: I own a very small business that just started up. I live stream sporting events to our website, mostly powered by AWS. One challenge we've had is editing our very long and very lar...","200","1216","","0","EC2 Video Editing for a very small team","39","","0","Relevant content","16","","0","","","","https://repost.aws/questions/QUEi8b3PaoRBGf1tsH03TfUQ/ec2-video-editing-for-a-very-small-team","","","","","","204975","45111","624","129","4.837","70.822","Fairly Easy","2.157","0","2","","1","1","0","1.320","40","38","0","6","6","0","","","","","1bf8f946015a5275883b2f011c913b8","1.296","","","","","1.1","https://repost.aws/questions/QUEi8b3PaoRBGf1tsH03TfUQ/ec2-video-editing-for-a-very-small-team","2024-11-26 00:55:53"
"https://shotstack.io/","https://shotstack.io/","text/html","200","OK","Indexable","","Shotstack - The Cloud Video Editing API","39","352","","0","0","Generate, automate, edit and create videos, at scale, in the cloud, using the Shotstack video editing API","105","634","","0","Scale Your Video Creation","25","","0","Struggling Finding a Video Creation Tool That Works?","52","Automate and Scale Your Video Creation With Shotstack","53","","","","https://shotstack.io/","","","","","","41619","13390","318","61","5.213","47.508","Hard","15.885","0","0","","5","1","0","1.320","90","68","0","5","4","0","","","","","c0006d57d851ceabfb4b27d4de23491a","1.044","Wed, 13 Nov 2024 06:14:48 GMT","","","","1.1","https://shotstack.io/","2024-11-26 00:56:23"
"https://www.visla.us/","https://www.visla.us/","text/html","200","OK","Indexable","","Visla: AI Video Creation and Editing for Business","49","425","","0","0","AI video creation is easy with Visla, which handles the storyboard, script, B-roll, voice-over, subtitles, and more. With collaborative features for asset management, editing, and review, your team can work together seamlessly to create amazing videos.","252","1533","Visla AI video creation and editing for business, Visla, AI video creation, AI video editing, video creation, visla, AI video editor, Video maker, video recording, screen recording, video collaboration, private stock, AI video generator","236","Faster. Easier. Better. Create videos that expand your business engage your audience share information go viral communicate ideas inspire actions expand your business engage your audience share information go viral communicate ideas inspire actions","248","","0","One Tool, No Expertise Required","31","Al Video Creation for ANY Enterprise Team","41","","","","https://www.visla.us/","","","","","","50999","12989","1071","245","4.371","54.763","Fairly Hard","14.674","0","0","","1","1","0","1.320","163","67","0","14","9","0","","","","","4d0f1606c433516b6e111e1c80f1966f","1.160","Mon, 25 Nov 2024 06:37:15 GMT","","","","1.1","https://www.visla.us/","2024-11-26 00:56:28"
"https://www.bls.gov/ooh/media-and-communication/film-and-video-editors-and-camera-operators.htm","https://www.bls.gov/ooh/media-and-communication/film-and-video-editors-and-camera-operators.htm","text/html","200","OK","Indexable","","Film and Video Editors and Camera Operators :     Occupational Outlook Handbook: :     U.S. Bureau of Labor Statistics","118","992","","0","0","Film and video editors and camera operators manipulate moving images that entertain or inform an audience.","106","676","","0","Film and Video Editors and Camera Operators","43","","0","Summary","7","What Film and Video Editors and Camera Operators Do About this section","70","index, follow","","","https://www.bls.gov/ooh/media-and-communication/film-and-video-editors-and-camera-operators.htm","","","","","","114116","39166","3608","553","6.524","52.327","Fairly Hard","24.459","0","2","","52","1","0","1.320","276","173","0","17","14","0","","","","","efc643603f4097066e3c2042fd7e61eb","1.196","","","","","1.1","https://www.bls.gov/ooh/media-and-communication/film-and-video-editors-and-camera-operators.htm","2024-11-26 00:56:33"
"https://filmora.wondershare.com/","https://filmora.wondershare.com/","text/html","200","OK","Indexable","","[Official] Wondershare Filmora – AI Video Editing Software","58","515","","0","0","Enjoy features like smart short clips, AI portrait cutout, auto caption, multi-camera editing and a vast library of effects and transitions in Filmora AI video editor, making video creation easy and fun for all skill levels.","224","1309","","0","Filmora 14","10","","0","More AI, Videos in Less Clicks","30","Simpler Steps, Richer Results","29","","","","https://filmora.wondershare.com/","","","","","","333917","64606","2066","355","5.820","55.642","Fairly Hard","6.443","0","0","","9","1","0","1.320","253","172","0","39","26","0","","","","","6a0262edb2f1332226f426c0652fbbbf","0.709","","","","","1.1","https://filmora.wondershare.com/","2024-11-26 00:56:21"
"https://community.usa.canon.com/t5/Camera-Software/Video-editing-software-recommendations/m-p/415315","https://community.usa.canon.com/t5/Camera-Software/Video-editing-software-recommendations/m-p/415315","text/html;charset=UTF-8","200","OK","Indexable","","Re: Video editing software - Canon Community","44","411","","0","0","What operating system does your computer use? For all my video editing on macOS, I use Final Cut Pro. What types of editing do you need to perform? Basic edits only such","169","1065","","0","Canon Community","15","","0","Video editing software recommendations","38","","0","","","","https://community.usa.canon.com/t5/Camera-Software/Video-editing-software-recommendations/m-p/415315","","","","","","276481","34219","1133","368","3.079","96.187","Very Easy","2.337","0","4","","28","1","0","1.320","168","130","0","22","13","0","","","","","1f91da49ca1bd60ea856ff03344cd931","2.036","","","","","1.1","https://community.usa.canon.com/t5/Camera-Software/Video-editing-software-recommendations/m-p/415315","2024-11-26 00:56:18"
"https://www.villa.edu/top-video-editing-skills-you-need-to-create-impactful-content/","https://www.villa.edu/top-video-editing-skills-you-need-to-create-impactful-content/","text/html","403","Forbidden","Non-Indexable","Client Error","","0","0","","0","0","","0","0","","0","","0","","0","","0","","0","","","","","","","","","","0","0","0","","","","","0.000","0","1","","0","0","0","0.000","0","0","0","0","0","0","","","","","","0.788","","","","","1.1","https://www.villa.edu/top-video-editing-skills-you-need-to-create-impactful-content/","2024-11-26 00:56:37"
"https://creativecow.net/forums/thread/video-editing-tools-4-laypeople-to-edit-zoom-webinars/","https://creativecow.net/forums/thread/video-editing-tools-4-laypeople-to-edit-zoom-webinars/","text/html; charset=UTF-8","200","OK","Indexable","","Video editing tools 4 laypeople to edit Zoom webinars - Corporate Video - Creative COW","86","769","","0","0","","0","0","","0","Creative Communities of the World Forums","40","Video editing tools 4 laypeople to edit Zoom webinars","53","Sign up:","8","Latest Stories","14","max-image-preview:large","","","https://creativecow.net/forums/thread/video-editing-tools-4-laypeople-to-edit-zoom-webinars/","","","","","","372114","54220","1321","215","6.144","75.588","Fairly Easy","2.566","0","3","","21","1","0","1.320","192","109","0","6","6","0","","","","","d01868feaaab32879dcaaeee7b9e03f","2.336","","","","","1.1","https://creativecow.net/forums/thread/video-editing-tools-4-laypeople-to-edit-zoom-webinars/","2024-11-26 00:56:11"
"https://forum.squarespace.com/topic/306787-video-editing/","https://forum.squarespace.com/topic/306787-video-editing/","text/html;charset=UTF-8","200","OK","Indexable","","Video Editing - Images & Videos - Squarespace Forum","51","473","","0","0","I would like to edit some of my videos inside the platform. Any suggestions on editing videos inside Squarespace without having to delete the video and re-upload?","162","1007","video","5","Video Editing","13","","0","Recommended Posts","17","Create an account or sign in to comment","39","","","","https://forum.squarespace.com/topic/306787-video-editing/","","","","","","135631","23272","1029","269","3.825","92.043","Very Easy","4.296","0","2","","26","1","0","1.320","172","65","0","18","18","0","","","","","f0e2eab931c738db9eb5953ca92ee0b8","0.742","Mon, 25 Nov 2024 06:51:23 GMT","","","","1.1","https://forum.squarespace.com/topic/306787-video-editing/","2024-11-26 00:55:55"
"https://support.echo360.com/hc/en-us/articles/11077290017421-EchoVideo-Using-the-Media-Editor","https://support.echo360.com/hc/en-us/articles/11077290017421-EchoVideo-Using-the-Media-Editor","text/html; charset=utf-8","200","OK","Indexable","","EchoVideo: Using the Media Editor – Support","43","397","","0","0","The look and feel of the Player is changing in December with the Q4 release. Upcoming changes are identified in this article by providing...","140","852","","0","EchoVideo: Using the Media Editor","33","Accessing the Video Editor","26","Related articles","16","Get Help","8","","","","https://support.echo360.com/hc/en-us/articles/11077290017421-EchoVideo-Using-the-Media-Editor","","","","","","60019","17468","2949","381","7.740","77.113","Fairly Easy","29.586","0","3","","3","1","0","1.320","62","49","0","7","7","0","","","","","7a03c09ac481f29f2565435517cdadaa","1.173","","","","","1.1","https://support.echo360.com/hc/en-us/articles/11077290017421-EchoVideo-Using-the-Media-Editor","2024-11-26 00:56:32"
"https://apps.apple.com/us/app/inshot-video-editor/id997362197","https://apps.apple.com/us/app/inshot-video-editor/id997362197","text/html","200","OK","Indexable","","‎InShot - Video Editor on the App Store","39","333","","0","0","InShot: Empowering Creators with Advanced Video and Photo Editing. Unlock effortless editing with easy-to-use features and powerful AI tools, elevating your vid…","161","1009","InShot - Video Editor, SHANTANU PTE. LTD., Photo & Video,Entertainment, ios apps, app, appstore, app store, iphone, ipad, ipod touch, itouch, itunes","148","InShot - Video Editor 4+","24","","0","Video maker with AI Effect","26","SHANTANU PTE. LTD.","18","","","","https://apps.apple.com/us/app/inshot-video-editor/id997362197","","","","","","1060475","220905","2072","411","5.041","77.023","Fairly Easy","1.202","0","3","","0","0","0","0.000","48","48","0","7","2","0","","","","","f1b339f837e984d1c7d467d85a5f94ed","1.529","","","","","1.1","https://apps.apple.com/us/app/inshot-video-editor/id997362197","2024-11-26 00:56:30"
"https://www.cyberlink.com/index_en_US.html","https://www.cyberlink.com/index_en_US.html","","302","","Non-Indexable","Redirected","","0","0","","0","0","","0","0","","0","","0","","0","","0","","0","","","","","","","","","","0","0","0","","","","","0.000","0","0","","0","0","0","0.000","0","0","0","0","0","0","","","","","","1.186","","https://www.cyberlink.com/index_en_US.html?r=1","HTTP Redirect","","1.1","https://www.cyberlink.com/index_en_US.html","2024-11-26 00:56:34"
"https://open.spotify.com/show/6GgDsTzRKpVh9A10valV53","https://open.spotify.com/show/6GgDsTzRKpVh9A10valV53","text/html; charset=utf-8","403","Forbidden","Non-Indexable","Client Error","","0","0","","0","0","","0","0","","0","","0","","0","","0","","0","","","","","","","","","","0","0","0","","","","","0.000","0","1","","0","0","0","0.000","0","0","0","0","0","0","","","","","","0.485","","","","","1.1","https://open.spotify.com/show/6GgDsTzRKpVh9A10valV53","2024-11-26 00:55:58"
"https://www.pcmag.com/picks/the-best-video-editing-software","https://www.pcmag.com/picks/the-best-video-editing-software","text/html; charset=UTF-8","403","Forbidden","Non-Indexable","Client Error","","0","0","","0","0","","0","0","","0","","0","","0","","0","","0","","","","","","","","","","0","0","0","","","","","0.000","0","1","","0","0","0","0.000","0","0","0","0","0","0","","","","","","0.401","","","","","1.1","https://www.pcmag.com/picks/the-best-video-editing-software","2024-11-26 00:56:28"
"http://forums.stardewvalley.net/threads/video-editing-on-mobile.32168/","http://forums.stardewvalley.net/threads/video-editing-on-mobile.32168/","text/html","301","Moved Permanently","Non-Indexable","Redirected","","0","0","","0","0","","0","0","","0","","0","","0","","0","","0","","","","","","","","","","0","0","0","","","","","0.000","0","2","","0","0","0","0.000","0","0","0","0","0","0","","","","","","0.882","","https://forums.stardewvalley.net/threads/video-editing-on-mobile.32168/","HTTP Redirect","","1.1","http://forums.stardewvalley.net/threads/video-editing-on-mobile.32168/","2024-11-26 00:55:56"
"https://nofilmschool.com/2019/01/breaking-editor-0","https://nofilmschool.com/2019/01/breaking-editor-0","text/html; charset=utf-8","200","OK","Indexable","","How I Built (and Rebuilt) a Professional Video Editing Career | No Film School","78","676","","0","0","Tips, advice, and insight into carving out a long career as television and feature film editor from a working professional.","123","734","Reality TV, feature film, editing","33","How I Built (and Rebuilt) a Professional Video Editing Career","61","","0","I am an editor and I've never been to film school.","50","How to Become a Video Editor Phase One: The Novice","50","max-image-preview:large","","","https://nofilmschool.com/2019/01/breaking-editor-0","","","","","","218871","59636","3404","468","7.274","85.501","Easy","8.706","0","2","","1","1","0","1.320","114","65","0","6","4","0","","","","","5b47bf1fab2721ecbb123f76da35eece","0.921","","","","","1.1","https://nofilmschool.com/2019/01/breaking-editor-0","2024-11-26 00:56:36"
"https://support.panopto.com/s/article/Edit-a-Video","https://support.panopto.com/s/article/Edit-a-Video","text/html;charset=UTF-8","200","OK","Indexable","","How to Edit a Video","19","173","Panopto Community","17","183","","0","0","","0","Welcome to Panopto Support","26","Welcome to the Panopto Forums","29","Who can use this feature?","25","1. Open the Video","17","","","","","","","","","","304065","55943","534","124","4.306","91.882","Very Easy","1.050","0","2","","0","0","0","0.000","23","20","0","0","0","0","","","","","80a6744f60942e4a72df757f84706e16","1.278","","","","","1.1","https://support.panopto.com/s/article/Edit-a-Video","2024-11-26 00:56:20"
"https://www.vegascreativesoftware.com/us/vegas-pro/","https://www.vegascreativesoftware.com/us/vegas-pro/","text/html; charset=utf-8","200","OK","Indexable","","VEGAS Pro: Video Editing Software for Content Creators","54","495","","0","0","Stay in your creative flow with VEGAS Pro: Start editing now! ✓ AI-powered compositing ✓ Powerful and intuitive timeline ✓ Enhcanced color grading","146","903","","0","This is VEGAS Pro","17","","0","Flexible editing space","22","Modeless workflow","17","index, follow, noodp","","","https://www.vegascreativesoftware.com/us/vegas-pro/","","","","","","123327","19686","1350","282","4.787","69.624","Normal","11.352","0","2","","12","1","0","1.320","206","154","0","8","8","0","","","","","9ecdb5b361a2aea1a88fbc4704bd5df0","1.195","","","","","1.1","https://www.vegascreativesoftware.com/us/vegas-pro/","2024-11-26 00:56:22"
"https://lwks.com/","https://lwks.com/","text/html; charset=UTF-8","200","OK","Indexable","","Lightworks - Easy to Use Pro Video Editing Software","51","456","","0","0","Lightworks unlocks your potential as a video editor. A unique video editing journey crafted for all levels, from your first edit to Hollywood legend!","149","889","","0","From First Edit to Hollywood Pro","32","","0","Hollywood Strength Editing for All","34","Put the Audio Back Into Audio-Visual","36","","","","https://lwks.com/","","","","","","134846","22791","2985","573","5.209","59.867","Fairly Hard","16.070","0","0","","11","1","0","1.320","49","23","0","11","9","0","","","","","4a24fc0fe6bb0e9d3f24aeb3c8ac463b","0.290","Thu, 21 Nov 2024 07:27:36 GMT","","","","1.1","https://lwks.com/","2024-11-26 00:56:20"
"https://www.techsmith.com/camtasia/","https://www.techsmith.com/camtasia/","text/html; charset=UTF-8","200","OK","Indexable","","Camtasia – Easy, Powerful Video Editing Software","48","442","","0","0","Everything you need for easy video creation combined with the power of AI.","74","466","","0","Effortless video creation without boundaries","44","","0","Simple screen recorder. Impressive results.","43","Your complete video editing solution","36","index, follow, max-image-preview:large, max-snippet:-1, max-video-preview:-1","","","https://www.techsmith.com/camtasia/","","","","","","203953","40609","1042","190","5.484","65.600","Normal","5.255","0","1","","7","1","0","1.320","135","83","0","19","11","0","","","","","b5dd64f8a9a173ed756bab7145488222","2.135","","","","","1.1","https://www.techsmith.com/camtasia/","2024-11-26 00:56:07"
"https://www.topazlabs.com/","https://www.topazlabs.com/","text/html","200","OK","Indexable","","Topaz Labs | Professional-grade photo and video editing powered by AI.","70","632","","0","0","Photo and video enhancement software powered by deep learning gets you the best image quality available for noise reduction, sharpening, upscaling, and more.","157","996","","0","Get the best deal of the year. Over 50% off.","44","Get the best deal of the year. Over 50% off.","44","Video AITM 5","12","Photo AITM 3","12","","","","https://www.topazlabs.com/","","","","","","99101","23068","664","240","2.767","64.896","Normal","4.208","0","0","","9","1","0","1.320","70","24","0","6","5","0","","","","","cbb7d3029d89f97df4a881f73c3671de","0.663","Mon, 25 Nov 2024 15:13:11 GMT","","","","1.1","https://www.topazlabs.com/","2024-11-26 00:56:29"
"https://www.fiverr.com/categories/video-animation/video-editing","https://www.fiverr.com/categories/video-animation/video-editing","text/html","403","Forbidden","Non-Indexable","Client Error","","0","0","","0","0","","0","0","","0","","0","","0","","0","","0","","","","","","","","","","0","0","0","","","","","0.000","0","2","","0","0","0","0.000","0","0","0","0","0","0","","","","","","0.581","","","","","1.1","https://www.fiverr.com/categories/video-animation/video-editing","2024-11-26 00:56:20"
"https://traceup.com/soccer-video-editing-tip-for-college-recruiting","https://traceup.com/soccer-video-editing-tip-for-college-recruiting","text/html; charset=UTF-8","200","OK","Indexable","","Soccer Video Editing Tip for College Recruiting","47","411","","0","0","We recently started using a soccer video camera, which auto edits all the game film for each player on the team. Taking video editing off my plate has been a huge time-saver, but it also unlocked an advantage I wasn't expecting.","228","1403","","0","","0","","0","Soccer Video Editing Tip for College Recruiting","47","","0","index, follow, max-image-preview:large, max-snippet:-1, max-video-preview:-1","","","https://traceup.com/soccer-video-editing-tip-for-college-recruiting","","","","","","121647","29294","662","93","7.118","75.010","Fairly Easy","4.622","0","0","","4","1","0","1.320","49","29","0","10","9","0","","","","","81e5ec66551b7c47ae08b441b833342a","1.299","","","","","1.1","https://traceup.com/soccer-video-editing-tip-for-college-recruiting","2024-11-26 00:56:18"
"https://graphics.stanford.edu/papers/roughcut/","https://graphics.stanford.edu/papers/roughcut/","text/html; charset=UTF-8","200","OK","Indexable","","","0","0","","0","0","","0","0","","0","Computational Video Editing for Dialogue-Driven Scenes","54","","0","","0","","0","","","","","","","","","","5749","5749","446","64","6.969","62.050","Normal","47.845","0","2","","0","0","0","0.000","4","4","0","0","0","0","","","","","657ad9f7bad5a3b2203c996e6634f6e3","1.430","","","","","1.1","https://graphics.stanford.edu/papers/roughcut/","2024-11-26 00:56:28"
"https://gopro.com/en/us/shop/quik-app-video-photo-editor","https://gopro.com/en/us/shop/quik-app-video-photo-editor","text/html;charset=utf-8","403","HTTP Forbidden","Non-Indexable","Client Error","","0","0","","0","0","","0","0","","0","","0","","0","","0","","0","","","","","","","","","","719","719","0","","","","","0.000","0","3","","0","0","0","0.000","0","0","0","0","0","0","","","","","","0.325","","","","","1.1","https://gopro.com/en/us/shop/quik-app-video-photo-editor","2024-11-26 00:55:59"
"https://www.reddit.com/r/Reaper/comments/17s8ftq/how_good_is_the_video_editing_on_reaper_should_i/","https://www.reddit.com/r/Reaper/comments/17s8ftq/how_good_is_the_video_editing_on_reaper_should_i/","text/html; charset=utf-8","302","Found","Non-Indexable","Redirected","","0","0","","0","0","","0","0","","0","","0","","0","","0","","0","","","","","","","","","","406","406","0","","","","","0.000","0","5","","0","0","0","0.000","0","0","0","0","0","0","","","","","","0.408","","https://www.reddit.com/r/Reaper/comments/17s8ftq/how_good_is_the_video_editing_on_reaper_should_i/?rdt=36165","HTTP Redirect","","1.1","https://www.reddit.com/r/Reaper/comments/17s8ftq/how_good_is_the_video_editing_on_reaper_should_i/","2024-11-26 00:55:58"
"https://techcommunity.microsoft.com/discussions/microsoftstreamonsharepoint/editing-a-video-saved-to-onedrivesharepoint/1925236","https://techcommunity.microsoft.com/discussions/microsoftstreamonsharepoint/editing-a-video-saved-to-onedrivesharepoint/1925236","text/html; charset=utf-8","200","OK","Indexable","","Editing a video saved to OneDrive/SharePoint | Microsoft Community Hub","70","649","","0","0","Once we begin saving all TMRs to OneDrive - how will we edit those videos to trim, set a title, description or new thumbnail?&nbsp; Will we have to upload...","157","915","","0","Editing a video saved to OneDrive/SharePoint","44","","0","Forum Discussion","16","","0","index,follow","","","https://techcommunity.microsoft.com/discussions/microsoftstreamonsharepoint/editing-a-video-saved-to-onedrivesharepoint/1925236","","","","","","436276","63806","1623","285","5.695","82.417","Easy","2.561","0","3","","1","1","0","1.320","130","101","0","6","6","0","","","","","c8b823344437f956d0dc082cac804365","3.647","","","","","1.1","https://techcommunity.microsoft.com/discussions/microsoftstreamonsharepoint/editing-a-video-saved-to-onedrivesharepoint/1925236","2024-11-26 00:56:37"
"https://support.google.com/youtube/answer/11221953?hl=en","https://support.google.com/youtube/answer/11221953?hl=en","text/html; charset=UTF-8","200","OK","Indexable","","Video editing tips - YouTube Help","33","293","","0","0","So your first shoot is complete - but how do you turn your footage into a great video? In this video, YouTube Creator TheNotoriousKIA gives you a complete beginner's guide to video editing. Check out","199","1235","","0","Video editing tips","18","","0","Was this helpful?","17","Need more help?","15","follow,index","","","https://support.google.com/youtube/answer/11221953?hl=en","","","","","","1188178","364794","980","168","5.833","72.115","Fairly Easy","0.556","0","2","","1","1","0","1.320","79","74","0","9","7","0","","","","","87edbc7c80f6c6289a87f314a4764c3b","0.557","","","","","1.1","https://support.google.com/youtube/answer/11221953?hl=en","2024-11-26 00:56:33"
"https://www.screencastify.com/","https://www.screencastify.com/","text/html","200","OK","Indexable","","Screencastify | Screen Recording and Video Editing","50","451","","0","0","Screencastify is the leading Chrome screen recorder for education. Install the extension to record, edit, and share videos in seconds. Create lesson videos, video assignments, and training and tutorials, and make assessment easier","230","1421","","0","create interactive video","24","","0","millions of teachers & students use Screencastify to create amazing videos","74","video tools designed for educators","34","","","","https://www.screencastify.com/","","","","","","79692","18976","973","246","3.955","60.400","Normal","9.369","0","0","","9","1","0","1.320","73","34","0","8","8","0","","","","","d661baded94a66cc4f51c9e920044c6e","0.571","Thu, 21 Nov 2024 18:11:57 GMT","","","","1.1","https://www.screencastify.com/","2024-11-26 00:56:31"
"https://www.arapahoe.edu/academics-programs/catalog/courses/2022-2023/mgd-1064-digital-video-editing-i","https://www.arapahoe.edu/academics-programs/catalog/courses/2022-2023/mgd-1064-digital-video-editing-i","text/html; charset=UTF-8","200","OK","Indexable","","MGD 1064 - Digital Video Editing I | Arapahoe Community College","63","575","","0","0","","0","0","","0","Digital Video Editing I","23","","0","Super Menu","10","Main navigation","15","","","","https://www.arapahoe.edu/academics-programs/catalog/courses/2022-2023/mgd-1064-digital-video-editing-i","","","","","","45112","8507","154","44","3.500","48.915","Hard","12.212","0","4","","1","1","0","1.320","132","103","0","16","14","0","","","","","5386874c551630281324c4424395ce6f","32.842","Mon, 25 Nov 2024 19:56:02 GMT","","","","1.1","https://www.arapahoe.edu/academics-programs/catalog/courses/2022-2023/mgd-1064-digital-video-editing-i","2024-11-26 00:55:55"
"https://www.premiumbeat.com/blog/category/video-editing/","https://www.premiumbeat.com/blog/category/video-editing/","text/html; charset=UTF-8","200","OK","Indexable","","Video Editing Archives - The Beat: A Blog by PremiumBeat","56","511","","0","0","The latest video editing and post-production tips, tricks, and tutorials. Applications covered include DaVinci Resolve, Premiere Pro, After Effects, Final Cut, and Blender.","172","1031","","0","Video Editing","13","","0","The latest video editing and post-production tips, tricks, and tutorials. Applications covered include DaVinci Resolve, Premiere Pro, After Effects, Final Cut, and Blender.","172","","0","index, follow, max-image-preview:large, max-snippet:-1, max-video-preview:-1","","","https://www.premiumbeat.com/blog/category/video-editing/","https://www.premiumbeat.com/blog/category/video-editing/page/2/","","","","","101214","17997","570","119","4.790","74.925","Fairly Easy","5.216","0","3","","9","1","0","1.320","148","84","0","21","8","0","","","","","eba1436f3e71356e23e6118574caecd3","1.457","","","","","1.1","https://www.premiumbeat.com/blog/category/video-editing/","2024-11-26 00:56:25"
"https://it.rutgers.edu/editing-video-recordings/","https://it.rutgers.edu/editing-video-recordings/","text/html; charset=UTF-8","200","OK","Indexable","","Editing video recordings - Information Technology","49","440","","0","0","","0","0","","0","Editing video recordings","24","","0","Information Technology","22","","0","index, follow, max-image-preview:large, max-snippet:-1, max-video-preview:-1","","","https://it.rutgers.edu/editing-video-recordings/","","","","","","134415","39624","396","67","5.910","53.854","Fairly Hard","3.907","0","1","","7","1","0","1.320","92","72","0","12","9","0","","","","","bec5f509f8fc53140b1481999c6e6adc","2.900","","","","","1.1","https://it.rutgers.edu/editing-video-recordings/","2024-11-26 00:56:33"
"https://answers.microsoft.com/en-us/windows/forum/all/i-want-to-keep-the-default-video-editing-app-in/8cb54057-d221-40e1-a538-f82f3e803ef1","https://answers.microsoft.com/en-us/windows/forum/all/i-want-to-keep-the-default-video-editing-app-in/8cb54057-d221-40e1-a538-f82f3e803ef1","text/html; charset=utf-8","302","Found","Non-Indexable","Redirected","","0","0","","0","0","","0","0","","0","","0","","0","","0","","0","","","","","","","","","","0","0","0","","","","","0.000","0","5","","0","0","0","0.000","0","0","0","0","0","0","","","","","","0.935","","https://answers.microsoft.com/en-us/site/silentsignin?returnUrl=https%3A%2F%2Fanswers.microsoft.com%2Fen-us%2Fwindows%2Fforum%2Fall%2Fi-want-to-keep-the-default-video-editing-app-in%2F8cb54057-d221-40e1-a538-f82f3e803ef1","HTTP Redirect","","1.1","https://answers.microsoft.com/en-us/windows/forum/all/i-want-to-keep-the-default-video-editing-app-in/8cb54057-d221-40e1-a538-f82f3e803ef1","2024-11-26 00:56:22"
"https://www.sonycreativesoftware.com/","https://www.sonycreativesoftware.com/","text/html; charset=utf-8","200","OK","Indexable","","Sony Creative Software - Catalyst Video Editing","47","415","","0","0","","0","0","","0","","0","","0","","0","","0","","","","https://www.sonycreativesoftware.com/","","","","","","17462","17462","140","45","3.111","42.333","Hard","5.562","0","0","","1","1","0","1.320","28","28","0","13","8","0","","","","","35e0fbf8caaed7ebf9092f25a43abb8c","1.232","","","","","1.1","https://www.sonycreativesoftware.com/","2024-11-26 00:56:34"
"https://discussions.apple.com/thread/255574637","https://discussions.apple.com/thread/255574637","text/html;charset=utf-8","200","OK","Indexable","","I need advice on the best video editing s… - Apple Community","60","540","","0","0","","0","0","","0","I need advice on the best video editing software for Mac","56","","0","Similar questions","17","Apple Footer","12","","","","https://discussions.apple.com/thread/255574637","","","","","","201211","48789","1583","306","5.173","76.368","Fairly Easy","6.292","0","1","","3","1","0","1.320","90","58","0","2","1","0","","","","","bb3eec90836b01e18401f3a202cac614","0.914","Wed, 06 Nov 2024 17:14:16 GMT","","","","1.1","https://discussions.apple.com/thread/255574637","2024-11-26 00:56:02"
"https://www.instagram.com/dunnadidit/?hl=en","https://www.instagram.com/dunnadidit/?hl=en","text/html; charset=""utf-8""","200","OK","Non-Indexable","Canonicalised","Dunna Did It - YouTuber (Photo/Video/Editing) (@dunnadidit) • Instagram photos and videos","89","813","","0","0","70K Followers, 1,085 Following, 1,054 Posts - Dunna Did It - YouTuber (Photo/Video/Editing) (@dunnadidit) on Instagram: ""📷 Your friendly neighborhood camera nerd 🤓 
👇 YouTube Channel & More HERE""","198","1245","","0","","0","","0","","0","","0","noarchive, noimageindex","","","https://www.instagram.com/dunnadidit/","","","","","","557854","118524","0","","","","","0.000","0","1","","0","0","0","0.000","0","0","0","0","0","0","","","","","e312359c6dcff52933cf97816b19e1ae","0.611","","","","","1.1","https://www.instagram.com/dunnadidit/?hl=en","2024-11-26 00:56:31"
"https://www.veed.io/tools/video-editor","https://www.veed.io/tools/video-editor","text/html; charset=utf-8","200","OK","Indexable","","Free Online Video Editor | Fast, Easy, User-Friendly - VEED","59","503","","0","0","Create amazing videos online with our fast and easy video maker. Tons of pro features with auto-subtitles and templates. Trim and crop in a few clicks.","151","935","","0","Free Online Video Editor","24","","0","Loved by creators.","18","","0","","","","https://www.veed.io/tools/video-editor","","","","","","334187","46471","1383","227","6.093","68.643","Normal","5.725","0","1","","5","1","0","1.320","220","170","0","6","5","0","","","","","e5660c391b001b2fef7c312a769a09c6","0.149","","","","","1.1","https://www.veed.io/tools/video-editor","2024-11-26 00:55:53"
"https://www.ccsf.edu/degrees-certificates/video-arts","https://www.ccsf.edu/degrees-certificates/video-arts","text/html; charset=UTF-8","200","OK","Indexable","","Video Production and Editing | CCSF","35","321","","0","0","About Video Production and Editing Broadcast Electronic Media Arts Video Production and Editing students learn the skills and craft necessary to tell effective,","160","983","","0","","0","","0","Utility Menu","12","Search","6","","","","https://www.ccsf.edu/degrees-certificates/video-arts","","","","","","139374","20248","1191","242","4.921","63.823","Normal","8.489","0","1","","7","1","0","1.320","222","100","0","21","16","0","","","","","41f4833cf0257a0ba861068fabd6e200","3.690","Mon, 25 Nov 2024 19:56:31 GMT","","","","1.1","https://www.ccsf.edu/degrees-certificates/video-arts","2024-11-26 00:56:30"
"https://www.blackmagicdesign.com/products/davinciresolve","https://www.blackmagicdesign.com/products/davinciresolve","text/html; charset=utf-8","200","OK","Indexable","","DaVinci Resolve 19 | Blackmagic Design","38","353","","0","0","Professional video editing, color correction, visual effects and audio post production all in a single application. Free and paid versions for Mac, Windows and Linux.","166","1005","","0","DaVinci Resolve 19","18","Products","8","DaVinci Resolve 19","18","DaVinci Resolve 19","18","","","","","","","","","","311055","29156","3650","615","5.935","61.743","Normal","11.654","0","1","","16","1","0","1.320","288","96","0","12","6","0","","","","","73dea766f54d14742f0dbc4393190149","0.975","","","","","1.1","https://www.blackmagicdesign.com/products/davinciresolve","2024-11-26 00:56:29"
"https://arxiv.org/abs/2303.09535","https://arxiv.org/abs/2303.09535","text/html; charset=utf-8","200","OK","Indexable","","[2303.09535] FateZero: Fusing Attentions for Zero-shot Text-based Video Editing","79","713","","0","0","Abstract page for arXiv paper 2303.09535: FateZero: Fusing Attentions for Zero-shot Text-based Video Editing","108","683","","0","Computer Science > Computer Vision and Pattern Recognition","58","Title:FateZero: Fusing Attentions for Zero-shot Text-based Video Editing","72","quick links","11","Submission history","18","","","","https://arxiv.org/abs/2303.09535","","","","","","49409","49409","715","200","3.575","57.197","Fairly Hard","12.849","0","1","","2","1","0","1.320","49","42","0","27","26","0","","","","","c18e8b0e0e814960b63f9edad3486f57","0.523","Thu, 12 Oct 2023 00:36:42 GMT","","","","1.1","https://arxiv.org/abs/2303.09535","2024-11-26 00:56:24"
"https://github.com/Zulko/moviepy","https://github.com/Zulko/moviepy","text/html; charset=utf-8","200","OK","Indexable","","GitHub - Zulko/moviepy: Video editing with Python","49","443","","0","0","Video editing with Python. Contribute to Zulko/moviepy development by creating an account on GitHub.","100","643","","0","Search code, repositories, users, issues, pull requests...","58","Provide feedback","16","Navigation Menu","15","Use saved searches to filter your results more quickly","54","","","","https://github.com/Zulko/moviepy","","","","","","372964","63204","835","260","3.212","59.097","Fairly Hard","2.690","0","1","","19","1","0","1.320","196","121","0","12","9","0","","","","","5770fc04863894637cad7d0f1283965","0.952","","","","","1.1","https://github.com/Zulko/moviepy","2024-11-26 00:55:57"
"https://forum.cockos.com/forumdisplay.php?f=54","https://forum.cockos.com/forumdisplay.php?f=54","text/html; charset=ISO-8859-1","200","OK","Indexable","","REAPER for Video Editing/Mangling - Cockos Incorporated Forums","62","587","","0","0","Using REAPER to edit/manipulate video","37","245","REAPER for Video Editing/Mangling, forum,bulletin board,cockos,ninjam,jesusonic,reaper,daw,music","96","","0","","0","","0","","0","","","","","","","","","","111542","19970","854","327","2.612","97.196","Very Easy","5.965","0","0","","15","1","0","1.320","249","222","0","10","10","0","","","","","27558f70e1b0083ca4230f703431e889","1.293","","","","","1.1","https://forum.cockos.com/forumdisplay.php?f=54","2024-11-26 00:56:24"
"https://eu.community.samsung.com/t5/galaxy-s23-series/s23-ultra-one-ui-6-1-issue-with-video-editing/td-p/9546434","https://eu.community.samsung.com/t5/galaxy-s23-series/s23-ultra-one-ui-6-1-issue-with-video-editing/td-p/9546434","","302","Found","Non-Indexable","Redirected","","0","0","","0","0","","0","0","","0","","0","","0","","0","","0","","","","","","","","","","0","0","0","","","","","0.000","0","4","","0","0","0","0.000","0","0","0","0","0","0","","","","","","1.186","","https://eu.community.samsung.com/t5/galaxy-s23-series/s23-ultra-one-ui-6-1-issue-with-video-editing/td-p/9546434","HTTP Redirect","","1.1","https://eu.community.samsung.com/t5/galaxy-s23-series/s23-ultra-one-ui-6-1-issue-with-video-editing/td-p/9546434","2024-11-26 00:56:32"
"https://www.logicprohelp.com/forums/topic/149241-video-editing-in-logic-pro-what-are-its-capabilites-or-should-i-use-dedicated-video-editing-software/","https://www.logicprohelp.com/forums/topic/149241-video-editing-in-logic-pro-what-are-its-capabilites-or-should-i-use-dedicated-video-editing-software/","text/html;charset=UTF-8","200","OK","Indexable","","Video Editing in Logic Pro - What are its capabilites? Or should I use dedicated video editing software? - Logic Pro - Logic Pro Help","133","1138","","0","0","Hi All! I want to create a video montage of myself recording drums to a few projects I've recorded over the years to showcase my drumming work. This will include 20 second snippets of around 8 songs. I'll just be miming in the videos and using only the pre recorded songs' audio. Merging audio and...","300","1859","","0","Video Editing in Logic Pro - What are its capabilites? Or should I use dedicated video editing software?","104","","0","Recommended Posts","17","Create an account or sign in to comment","39","noai, noimageai","","","https://www.logicprohelp.com/forums/topic/149241-video-editing-in-logic-pro-what-are-its-capabilites-or-should-i-use-dedicated-video-editing-software/","","","","","","166380","21713","1601","302","5.301","90.539","Very Easy","5.560","0","3","","44","1","0","1.320","180","52","0","13","7","0","","","","","4b489b3bbbb76e804cb5e1d69b16fd93","1.192","Mon, 25 Nov 2024 19:56:35 GMT","","","","1.1","https://www.logicprohelp.com/forums/topic/149241-video-editing-in-logic-pro-what-are-its-capabilites-or-should-i-use-dedicated-video-editing-software/","2024-11-26 00:56:34"
"https://help.descript.com/hc/en-us/articles/10601763396493-Video-editing-tutorial","https://help.descript.com/hc/en-us/articles/10601763396493-Video-editing-tutorial","text/html; charset=UTF-8","403","Forbidden","Non-Indexable","Client Error","","0","0","","0","0","","0","0","","0","","0","","0","","0","","0","","","","","","","","","","0","0","0","","","","","0.000","0","3","","0","0","0","0.000","0","0","0","0","0","0","","","","","","0.184","","","","","1.1","https://help.descript.com/hc/en-us/articles/10601763396493-Video-editing-tutorial","2024-11-26 00:56:23"
"https://runwayml.com/","https://runwayml.com/","text/html; charset=utf-8","200","OK","Indexable","","Runway | Tools for human imagination.","37","344","","0","0","Runway is an applied research company shaping the next era of art, entertainment and human creativity.","102","644","","0","Introducing Gen-3 Alpha.","24","","0","","0","","0","","","","","","","","","","153515","53078","263","64","4.109","48.583","Hard","2.515","0","0","","1","1","0","1.320","57","41","0","6","6","0","","","","","a402fe4bdd43dc911dcd94cbb9f6a2c5","0.311","","","","","1.1","https://runwayml.com/","2024-11-26 00:56:23"
"https://pictory.ai/","https://pictory.ai/","text/html; charset=UTF-8","200","OK","Indexable","","Pictory - Easy Video Creation For EVERYONE","42","391","","0","0","With Pictory you can create and edit professional quality videos using text in minutes, no technical skills required or software to download.","141","856","","0","The easiest way to create professional videos for","49","EVERYONE! YouTubers Course Creators Business Professionals Content Creators Teachers Content Marketers Digital Marketers Educational Professionals L & D Professionals Social Media Managers Enterprise Teams","205","In partnership with","19","Create professional videos in minutes","37","index, follow, max-image-preview:large, max-snippet:-1, max-video-preview:-1","","","https://pictory.ai/","","","","","","538369","75405","1527","302","5.056","60.980","Normal","2.332","0","0","","12","1","0","1.320","144","99","0","16","13","0","","","","","55fad9635e4f7ffc8a94f5d242c42972","0.550","","","","","1.1","https://pictory.ai/","2024-11-26 00:55:54"
"https://www.aims.edu/degrees-certificates/video-editing-effects","https://www.aims.edu/degrees-certificates/video-editing-effects","text/html; charset=UTF-8","200","OK","Indexable","","Associate Degree in Video Editing and Effects | Aims Community College","70","641","","0","0","Thinking about a career in video editing? Get hands-on technical training and learn to edit and add special effects to videos with a video editing degree.","154","932","","0","Video Editing and Effects","25","","0","Next Steps","10","Do you have questions?","22","","","","https://www.aims.edu/degrees-certificates/video-editing-effects","","","","","","128208","52270","710","141","5.035","54.449","Fairly Hard","6.554","0","1","","2","1","0","1.320","121","92","0","11","11","0","","","","","3f508a3173bc7404e4c5ef02caf121fd","2.512","Mon, 25 Nov 2024 19:56:01 GMT","","","","1.1","https://www.aims.edu/degrees-certificates/video-editing-effects","2024-11-26 00:56:00"
"https://www.reddit.com/r/premiere/comments/1c8whai/trying_to_help_my_dad_build_a_new_video_editing_pc/","https://www.reddit.com/r/premiere/comments/1c8whai/trying_to_help_my_dad_build_a_new_video_editing_pc/","text/html; charset=utf-8","302","Found","Non-Indexable","Redirected","","0","0","","0","0","","0","0","","0","","0","","0","","0","","0","","","","","","","","","","408","408","0","","","","","0.000","0","5","","0","0","0","0.000","0","0","0","0","0","0","","","","","","0.367","","https://www.reddit.com/r/premiere/comments/1c8whai/trying_to_help_my_dad_build_a_new_video_editing_pc/?rdt=63800","HTTP Redirect","","1.1","https://www.reddit.com/r/premiere/comments/1c8whai/trying_to_help_my_dad_build_a_new_video_editing_pc/","2024-11-26 00:56:02"
"https://www.vsco.co/","https://www.vsco.co/","text/html","200","OK","Indexable","","VSCO Photo Editor & Video Editor - Desktop & Mobile App","55","507","","0","0","VSCO offers community, tools & exposure for photographers. Use our photo editor & video editor tools, connect with our global photographer network & get hired.","159","1000","","0","YOUR HOME FOR PHOTOGRAPHY","25","","0","PLANS FOR EVERYONE","18","PHOTO EDITING TOOLS","19","","","","https://www.vsco.co/","","","","","","161368","27631","1074","276","3.891","64.879","Normal","4.600","0","0","","0","0","0","0.000","299","90","0","8","8","0","","","","","1362b9175d9d64ae58fcd26990707d38","0.718","Mon, 25 Nov 2024 17:50:50 GMT","","","","1.1","https://www.vsco.co/","2024-11-26 00:56:26"
"https://knowledge.kaltura.com/help/video-editor","https://knowledge.kaltura.com/help/video-editor","","0","Connection Timeout","Non-Indexable","No Response","","0","0","","0","0","","0","0","","0","","0","","0","","0","","0","","","","","","","","","","0","0","0","","","","","0.000","0","1","","0","0","0","0.000","0","0","0","0","0","0","","","","","","","","","","","","https://knowledge.kaltura.com/help/video-editor","2024-11-26 00:55:55"
"https://www.videoleapapp.com/","https://www.videoleapapp.com/","text/html","200","OK","Indexable","","Easy Video Editor & Maker | Videoleap","37","333","","0","0","Create standout videos with Videoleap, your intuitive video editor and video maker. Explore premade templates, advanced features, and AI tools. Start today.","156","963","","0","Your go-to video editor to create standout content","50","","0","A powerful and easy video editor","32","Make videos for social media","28","","","","https://www.videoleapapp.com/","","","","","","146902","24515","1317","243","5.420","59.884","Fairly Hard","6.607","0","0","","26","1","0","1.320","169","51","0","19","18","0","","","","","fa5289d57ca81c7c7a57d5a04f9f84a2","0.966","Mon, 25 Nov 2024 16:53:57 GMT","","","","1.1","https://www.videoleapapp.com/","2024-11-26 00:56:30"
"https://community.adobe.com/t5/premiere-pro/mouse-or-wacom-for-video-editing/m-p/11419067","https://community.adobe.com/t5/premiere-pro/mouse-or-wacom-for-video-editing/m-p/11419067","","301","Moved Permanently","Non-Indexable","Redirected","","0","0","","0","0","","0","0","","0","","0","","0","","0","","0","","","","","","","","","","0","0","0","","","","","0.000","0","4","","0","0","0","0.000","0","0","0","0","0","0","","","","","","0.737","","https://community.adobe.com/t5/premiere-pro-discussions/mouse-or-wacom-for-video-editing/m-p/11419067","HTTP Redirect","","1.1","https://community.adobe.com/t5/premiere-pro/mouse-or-wacom-for-video-editing/m-p/11419067","2024-11-26 00:55:57"
"https://support.microsoft.com/en-us/windows/create-films-with-a-video-editor-94e651f8-a5be-ae03-3c50-e49f013d47f6","https://support.microsoft.com/en-us/windows/create-films-with-a-video-editor-94e651f8-a5be-ae03-3c50-e49f013d47f6","text/html; charset=utf-8","200","OK","Indexable","","Create films with a video editor - Microsoft Support","52","449","","0","0","Learn how to use Clipchamp to create, edit, and share your own custom videos.","77","491","","0","Create films with a video editor","32","","0","Global","6","To access Clipchamp:","20","","","","https://support.microsoft.com/en-us/windows/create-films-with-a-video-editor-94e651f8-a5be-ae03-3c50-e49f013d47f6","","","","","","149905","149905","789","159","4.962","69.805","Normal","4.284","0","2","","3","1","0","1.320","179","141","0","18","15","0","","","","","96d1dc3a8cd706669b3a87898b0594eb","0.633","","","","","1.1","https://support.microsoft.com/en-us/windows/create-films-with-a-video-editor-94e651f8-a5be-ae03-3c50-e49f013d47f6","2024-11-26 00:56:35"
"https://fxhome.com/product/hitfilm","https://fxhome.com/product/hitfilm","text/html; charset=UTF-8","200","OK","Indexable","","Download HitFilm - Free Video Editing Software - FXhome","55","507","","0","0","HitFilm is a free video editing and visual effects software with professional-grade VFX tools for you to make awesome content, films or gaming videos. Download it free!","168","1037","","0","Powerful VFX & video editing software. Make videos your way.","60","","0","Break boundaries with HitFilm","29","Create quality content, faster","30","index, follow, max-image-preview:large, max-snippet:-1, max-video-preview:-1","","","https://fxhome.com/product/hitfilm","","","","","","636322","117054","679","138","4.920","68.649","Normal","0.798","0","1","","7","1","0","1.320","45","19","0","10","8","0","","","","","44ce8121df2b720070e0dd3deee78c81","1.419","","","","","1.1","https://fxhome.com/product/hitfilm","2024-11-26 00:56:35"
"https://support.tiktok.com/en/using-tiktok/creating-videos/editing-tiktok-videos-and-photos","https://support.tiktok.com/en/using-tiktok/creating-videos/editing-tiktok-videos-and-photos","text/html; charset=utf-8","200","OK","Indexable","","Editing TikTok videos and photos | TikTok Help Center","53","477","","0","0","Editing TikTok videos and photos | TikTok Help Center","53","338","","0","Helpful links","13","","0","","0","","0","index, follow","","","","","","","","","1707143","1707143","2062","407","5.066","28.554","Very Hard","1.120","0","3","","12","1","0","1.320","230","217","0","0","0","0","","","","","e13312ecd01de17402a77bbb89def74b","0.778","","","","","1.1","https://support.tiktok.com/en/using-tiktok/creating-videos/editing-tiktok-videos-and-photos","2024-11-26 00:56:25"
"https://community.zoom.com/t5/Zoom-Meetings/Editing-a-Zoom-Video-Recording/m-p/172657","https://community.zoom.com/t5/Zoom-Meetings/Editing-a-Zoom-Video-Recording/m-p/172657","text/html;charset=UTF-8","200","OK","Indexable","","Solved: Editing a Zoom Video Recording - Zoom Community","55","527","","0","0","Solved: I need to edit a Zoom Cloud Recording. Could someone provide directions? I know how to trim the beginning and end, but need to edit a few","145","913","","0","","0","","0","Workplace","9","Business Services","17","","","","https://community.zoom.com/t5/Zoom-Meetings/Editing-a-Zoom-Video-Recording/m-p/172657","","","","","","301180","45794","1075","327","3.287","83.091","Easy","2.351","0","4","","17","1","0","1.320","189","134","0","73","54","0","","","","","30ad5e0667d807e3be1f7b1657ff5c2a","1.798","","","","","1.1","https://community.zoom.com/t5/Zoom-Meetings/Editing-a-Zoom-Video-Recording/m-p/172657","2024-11-26 00:56:28"
"https://www.blackbird.video/","https://www.blackbird.video/","text/html","200","OK","Indexable","","Cloud Video Editing - Rapidly View, Edit, Publish - Blackbird Video‎","68","570","","0","0","Blackbird is trusted by media companies globally working in sports, esports, news and entertainment. The world's fastest online cloud video editing platform.","157","972","","0","Create more content faster, for less cost","41","","0","Rapidly edit and publish clips and highlights","45","Reduce time and resources reversioning content","46","max-image-preview:large","","","https://www.blackbird.video/","","","","","","107475","25536","510","108","4.722","58.720","Fairly Hard","4.097","0","0","","7","1","0","1.320","72","46","0","11","6","0","","","","","c97495708d5e9c43bb50c51f07a688f3","1.291","Mon, 25 Nov 2024 19:10:53 GMT","","","","1.1","https://www.blackbird.video/","2024-11-26 00:56:27"
"https://studio.support.brightcove.com/media/manage/video-editor.html","https://studio.support.brightcove.com/media/manage/video-editor.html","text/html","200","OK","Indexable","","Brightcove Video Editor","23","208","","0","0","In this topic, you will learn how to edit and transform your media content using the Brightcove Video Editor. This editor is ideal for a variety of short form use cases.","169","1008","","0","Brightcove Video Editor","23","","0","Welcome to the Editor","21","Video Editor Permissions","24","","","","","","","","","","184049","184049","1395","203","6.872","82.390","Easy","11.426","0","2","","4","1","0","1.320","478","464","0","3","3","0","","","","","6c2d2d9d929207847a5a744aef1ac1ca","1.026","Mon, 25 Nov 2024 19:08:43 GMT","","","","1.1","https://studio.support.brightcove.com/media/manage/video-editor.html","2024-11-26 00:56:31"
"https://larryjordan.com/articles/configuring-an-m4-mac-for-video-editing/","https://larryjordan.com/articles/configuring-an-m4-mac-for-video-editing/","text/html; charset=UTF-8","200","OK","Indexable","","Configure an M4 Mac for Video Editing | Larry Jordan","52","467","","0","0","","0","0","","0","Configure an M4 Mac for Video Editing","37","Larry Recommends:","17","","0","","0","max-image-preview:large","","","https://larryjordan.com/articles/configuring-an-m4-mac-for-video-editing/","","","","","","153849","35259","3233","635","5.091","91.423","Very Easy","11.445","0","2","","29","1","0","1.320","101","54","0","8","7","0","","","","","4e03eff40c6b0b4bad7d605cb514e7a2","1.591","","","","","1.1","https://larryjordan.com/articles/configuring-an-m4-mac-for-video-editing/","2024-11-26 00:56:36"
"https://forum.affinity.serif.com/index.php?/topic/194892-affinity-media-management-video-editing/","https://forum.affinity.serif.com/index.php?/topic/194892-affinity-media-management-video-editing/","text/html;charset=UTF-8","200","OK","Indexable","","Affinity Media Management & Video Editing - Feedback for the Affinity V2 Suite of Products - Affinity | Forum","109","953","","0","0","Hello : ) Just wanted to reach out and ask whether there is some kind of ""Media Management"" & some kind of ""Video Editing"" Software planned or already in Affinitys/Serifs Pipeline. If not, both would be an idea of mine - these two could really add even more value to the existing suite. Thanks...","296","1812","requested features","18","Affinity Media Management & Video Editing","41","","0","Recommended Posts","17","Join the conversation","21","","","","https://forum.affinity.serif.com/index.php?/topic/194892-affinity-media-management-video-editing/","","","","","","215521","25797","1579","376","4.199","94.934","Very Easy","4.181","0","0","","45","1","0","1.320","200","53","0","66","58","0","","","","","9a5d4d656fbc191b5f29f67f97768f74","0.926","Mon, 25 Nov 2024 19:56:34 GMT","","","","1.1","https://forum.affinity.serif.com/index.php?/topic/194892-affinity-media-management-video-editing/","2024-11-26 00:56:33"
"https://forum.blackmagicdesign.com/viewtopic.php?f=33&t=176919","https://forum.blackmagicdesign.com/viewtopic.php?f=33&t=176919","","0","Connection Timeout","Non-Indexable","No Response","","0","0","","0","0","","0","0","","0","","0","","0","","0","","0","","","","","","","","","","0","0","0","","","","","0.000","0","0","","0","0","0","0.000","0","0","0","0","0","0","","","","","","","","","","","","https://forum.blackmagicdesign.com/viewtopic.php?f=33&t=176919","2024-11-26 00:55:53"
"https://www.videosoftdev.com/free-video-editor/download","https://www.videosoftdev.com/free-video-editor/download","text/html; charset=utf-8","200","OK","Indexable","","Download VSDC Free Video Editor from the Official Website","57","525","","0","0","Download the latest version of VSDC from the official developer's website. Low system requirements, 32-bit and 64-bit versions available.","137","848","vsdc download for pc, download vsdc free video editor","53","Download Free Video Editor","26","","0","Popular products","16","","0","","","","https://www.videosoftdev.com/free-video-editor/download","","","","","","55615","16805","356","81","4.395","78.563","Fairly Easy","3.695","0","1","","2","1","0","1.320","47","39","0","1","1","0","","","","","fb19947baf4021793b0b842c86cf38e1","0.595","Sun, 24 Nov 2024 19:34:52 GMT","","","","1.1","https://www.videosoftdev.com/free-video-editor/download","2024-11-26 00:55:59"
"https://www.redsharknews.com/eddie-ai-review-finally-a-chatgpt-for-video-editing","https://www.redsharknews.com/eddie-ai-review-finally-a-chatgpt-for-video-editing","text/html; charset=UTF-8","200","OK","Indexable","","Eddie AI review: Finally a ChatGPT for video editing?","53","458","","0","0","Eddie AI revolutionizes video editing with what it says is ChatGPT-like ease, offering quick and efficient editing solutions for professionals and novices alike. Explore its features and potential impact on video content creation.","230","1384","","0","Eddie AI review: Finally a ChatGPT for video editing?","53","","0","Production","10","Post & VFX","10","","","","https://www.redsharknews.com/eddie-ai-review-finally-a-chatgpt-for-video-editing","","","","","","86687","20153","1517","236","6.428","81.581","Easy","10.758","0","0","","5","1","0","1.320","70","39","0","11","10","0","","","","","5927431a55d4b409ff09289bb2b1f8ad","2.020","Mon, 25 Nov 2024 15:30:04 GMT","","","","1.1","https://www.redsharknews.com/eddie-ai-review-finally-a-chatgpt-for-video-editing","2024-11-26 00:56:21"
"https://clipchamp.com/en/video-editor/","https://clipchamp.com/en/video-editor/","text/html","200","OK","Indexable","","Free Online Video Editor | Clipchamp - Fast & Easy","50","439","","0","0","Create amazing videos with an easy video editor with pro AI-powered features and designer video templates with Clipchamp. No downloads required.","144","923","","0","Free online video editor with pro features","42","","0","Make amazing videos with our easy drag-and-drop video editor in your browser - no downloads required.","101","How to make a video in Clipchamp","32","max-snippet:-1, max-image-preview:large, max-video-preview:0, max-image-preview:standard","","","https://clipchamp.com/en/video-editor/","","","","","","337139","54334","1009","162","6.228","63.091","Normal","2.775","0","2","","7","1","0","1.320","137","67","0","24","20","0","","","","","f305d16ec14d67074e64ed9f902a4457","1.691","Mon, 25 Nov 2024 05:42:57 GMT","","","","1.1","https://clipchamp.com/en/video-editor/","2024-11-26 00:56:16"
