"Original Url","Address","Content Type","Status Code","Status","Indexability","Indexability Status","Title 1","Title 1 Length","Title 1 Pixel Width","Title 2","Title 2 Length","Title 2 Pixel Width","Meta Description 1","Meta Description 1 Length","Meta Description 1 Pixel Width","Meta Description 2","Meta Description 2 Length","Meta Description 2 Pixel Width","Meta Keywords 1","Meta Keywords 1 Length","H1-1","H1-1 Length","H1-2","H1-2 Length","H2-1","H2-1 Length","H2-2","H2-2 Length","Meta Robots 1","X-Robots-Tag 1","Meta Refresh 1","Canonical Link Element 1","rel=""next"" 1","rel=""prev"" 1","HTTP rel=""next"" 1","HTTP rel=""prev"" 1","amphtml Link Element","Size (bytes)","Transferred (bytes)","Word Count","Sentence Count","Average Words Per Sentence","Flesch Reading Ease Score","Readability","Text Ratio","Crawl Depth","Folder Depth","Link Score","Inlinks","Unique Inlinks","Unique JS Inlinks","% of Total","Outlinks","Unique Outlinks","Unique JS Outlinks","External Outlinks","Unique External Outlinks","Unique External JS Outlinks","Closest Similarity Match","No. Near Duplicates","Spelling Errors","Grammar Errors","Hash","Response Time","Last Modified","Redirect URL","Redirect Type","Cookies","HTTP Version","URL Encoded Address","Crawl Timestamp"
"https://h30434.www3.hp.com/t5/Desktops-Archive-Read-Only/HP-X3000-wireless-mouse-doens-t-work/td-p/5795650","https://h30434.www3.hp.com/t5/Desktops-Archive-Read-Only/HP-X3000-wireless-mouse-doens-t-work/td-p/5795650","text/html;charset=UTF-8","200","OK","Indexable","","HP X3000 wireless mouse doens't work - HP Support Community - 5795650","69","667","","0","0","Hi,   Since I've bought a new computer and upgraded from win7 to win10 my HPX3000 wireless mouse doen'st work. My ssytem does recognize it and sais - 5795650","157","1016","","0","0","","0","","0","","0","HP X3000 wireless mouse doens't work","36","Create an account on the HP Community to personalize your profile and ask a question","84","","","","https://h30434.www3.hp.com/t5/Desktops-Archive-Read-Only/HP-X3000-wireless-mouse-doens-t-work/td-p/5795650","","","","","","171496","36487","897","191","4.696","86.627","Easy","4.278","0","4","","10","1","0","1.590","143","122","0","2","2","0","","","","","b08dd700f4ebc3f9c1d6772b596818d9","1.117","","","","","1.1","https://h30434.www3.hp.com/t5/Desktops-Archive-Read-Only/HP-X3000-wireless-mouse-doens-t-work/td-p/5795650","2024-11-30 14:52:45"
"https://security.stackexchange.com/questions/264491/could-the-usb-receiver-of-a-wireless-mouse-keyboard-be-a-security-risk","https://security.stackexchange.com/questions/264491/could-the-usb-receiver-of-a-wireless-mouse-keyboard-be-a-security-risk","text/html; charset=utf-8","200","OK","Indexable","","malware - Could the USB-Receiver of a wireless mouse/keyboard be a security risk? - Information Security Stack Exchange","119","1073","","0","0","","0","0","","0","0","","0","Could the USB-Receiver of a wireless mouse/keyboard be a security risk?","71","Subscribe to RSS","16","2 Answers 2","11","You must log in to answer this question.","40","","","","https://security.stackexchange.com/questions/264491/could-the-usb-receiver-of-a-wireless-mouse-keyboard-be-a-security-risk","","","","","","157138","37206","1461","233","6.270","80.143","Easy","6.866","0","2","","12","1","0","1.590","121","83","0","29","25","0","","","","","784820e036540c568d2e01783fc65b04","0.646","Sat, 19 Oct 2024 20:59:54 GMT","","","","1.1","https://security.stackexchange.com/questions/264491/could-the-usb-receiver-of-a-wireless-mouse-keyboard-be-a-security-risk","2024-11-30 14:52:11"
"https://m.youtube.com/watch?v=-W5gwnXJV94&t=41s","https://m.youtube.com/watch?v=-W5gwnXJV94&t=41s","application/binary","302","Found","Non-Indexable","Redirected","","0","0","","0","0","","0","0","","0","0","","0","","0","","0","","0","","0","","","","","","","","","","0","0","0","","","","","0.000","0","0","","0","0","0","0.000","0","0","0","0","0","0","","","","","","0.509","","https://www.youtube.com/watch?app=desktop&v=-W5gwnXJV94&t=41s","HTTP Redirect","","1.1","https://m.youtube.com/watch?v=-W5gwnXJV94&t=41s","2024-11-30 14:52:46"
"https://www.lg.com/us/computer-accessories/lg-gram-msa2-wireless-mouse","https://www.lg.com/us/computer-accessories/lg-gram-msa2-wireless-mouse","text/html; charset=utf-8","200","OK","Indexable","","LG gram Wireless Mouse - MSA2 | LG USA","38","369","","0","0","Discover the LG gram Wireless Mouse that features Noiseless Mouse Click and Plug and Play Easy Installation. Find reviews, specs, and more for MSA2.","148","941","","0","0","","0","LG gram Wireless Mouse","22","","0","LG gram Wireless Mouse","22","","0","index,follow","","","https://www.lg.com/us/computer-accessories/lg-gram-msa2-wireless-mouse","","","","","","784036","118198","1096","324","3.383","84.684","Easy","0.795","0","2","","6","1","0","1.590","201","86","0","33","15","0","","","","","cda25a0b3e53bf03a1cd0f7d5871d401","2.812","","","","","1.1","https://www.lg.com/us/computer-accessories/lg-gram-msa2-wireless-mouse","2024-11-30 14:52:34"
"https://www.laptopsdirect.co.uk/15.6-toploading-laptop-bag-with-geniius-nx-7000-wireless-mouse-bun-carrycase-92880/version.asp","https://www.laptopsdirect.co.uk/15.6-toploading-laptop-bag-with-geniius-nx-7000-wireless-mouse-bun-carrycase-92880/version.asp","text/html; charset=utf-8","200","OK","Indexable","","15.6"" Toploading Laptop Bag with Genius NX-7000 Wireless Mouse - Laptops Direct","79","737","","0","0","Buy 15.6"" Toploading Laptop Bag with Genius NX-7000 Wireless Mouse from LaptopsDirect","85","568","","0","0","","0","15.6"" Toploading Laptop Bag with Genius NX-7000 Wireless Mouse","62","","0","Home","4","PC and Laptop Accessories","25","","","","https://www.laptopsdirect.co.uk/15.6-toploading-laptop-bag-with-geniius-nx-7000-wireless-mouse-bun-carrycase-92880/version.asp","","","","","","480211","120925","555","151","3.675","90.000","Easy","2.453","0","1","","6","1","0","1.590","505","410","0","18","17","0","","","","","386d949cbb78604b8ce647831a0d2306","3.730","","","","","1.1","https://www.laptopsdirect.co.uk/15.6-toploading-laptop-bag-with-geniius-nx-7000-wireless-mouse-bun-carrycase-92880/version.asp","2024-11-30 14:52:09"
"https://www.ebay.co.uk/itm/334556272806","https://www.ebay.co.uk/itm/334556272806","","301","Moved Permanently","Non-Indexable","Redirected","","0","0","","0","0","","0","0","","0","0","","0","","0","","0","","0","","0","","","","","","","","","","0","0","0","","","","","0.000","0","1","","0","0","0","0.000","0","0","0","0","0","0","","","","","","2.014","","https://www.ebay.co.uk/p/22048868668?iid=334556272806","HTTP Redirect","","1.1","https://www.ebay.co.uk/itm/334556272806","2024-11-30 14:52:07"
"https://www.bookstore.hawaii.edu/manoa/shop_product_detail.asp?catalog_group_id=MTc&catalog_group_name=VGVjSHViIEFjY2Vzc29yaWVz&catalog_id=73&catalog_name=TWljZSAmYW1wOyBLZXlib2FyZHM&pf_id=114753&product_name=TG9naXRlY2ggTTcyMCBUcmlhdGhsb24gV2lyZWxlc3MgTW91c2U&type=1&target=shop_product_list.asp","https://www.bookstore.hawaii.edu/manoa/shop_product_detail.asp?catalog_group_id=MTc&catalog_group_name=VGVjSHViIEFjY2Vzc29yaWVz&catalog_id=73&catalog_name=TWljZSAmYW1wOyBLZXlib2FyZHM&pf_id=114753&product_name=TG9naXRlY2ggTTcyMCBUcmlhdGhsb24gV2lyZWxlc3MgTW91c2U&type=1&target=shop_product_list.asp","text/html; charset=UTF-8","200","OK","Indexable","","Logitech M720 Triathlon Wireless Mouse | University of Hawai'i Manoa Bookstore","78","715","","0","0","","0","0","","0","0","","0","Welcome to University of Hawai'i Manoa Bookstore","48","University of Hawai'i Manoa Bookstore - Website Footer","54","Navigation","10","Error","5","","","","","","","","","","37344","37344","98","30","3.267","75.756","Fairly Easy","6.481","0","1","","2","1","0","1.590","93","71","0","9","8","0","","","","","49274bc5cf6710428a5e04fd9f66c4cb","1.815","","","","","1.1","https://www.bookstore.hawaii.edu/manoa/shop_product_detail.asp?catalog_group_id=MTc&catalog_group_name=VGVjSHViIEFjY2Vzc29yaWVz&catalog_id=73&catalog_name=TWljZSAmYW1wOyBLZXlib2FyZHM&pf_id=114753&product_name=TG9naXRlY2ggTTcyMCBUcmlhdGhsb24gV2lyZWxlc3MgTW91c2U&type=1&target=shop_product_list.asp","2024-11-30 14:52:27"
"https://www.amazon.com.au/Sabrent-Travel-Wireless-Receiver-MS-WSML/dp/B074HX9ZVV","https://www.amazon.com.au/Sabrent-Travel-Wireless-Receiver-MS-WSML/dp/B074HX9ZVV","text/html;charset=UTF-8","200","OK","Indexable","","Sabrent Mini Travel 2.4GHz Wireless Mouse with Nano Receiver (MS-WSML): Mice: Amazon.com.au","91","881","","0","0","Sabrent Mini Travel 2.4GHz Wireless Mouse with Nano Receiver (MS-WSML): Mice: Amazon.com.au","91","616","","0","0","","0","Sabrent Mini Travel 2.4GHz Wireless Mouse with Nano Receiver (MS-WSML)","70","About this item","15","Discover similar items","22","","0","","","","","","","","","","1310144","209708","6657","1101","6.046","69.382","Normal","3.072","0","2","","20","1","0","1.590","281","118","0","7","7","0","","","","","f54f9d7367b6850b8a1559125cb5da74","1.765","","","","","1.1","https://www.amazon.com.au/Sabrent-Travel-Wireless-Receiver-MS-WSML/dp/B074HX9ZVV","2024-11-30 14:52:46"
"https://www.amazon.ae/UGREEN-Ergonomic-Bluetooth-Adjustable-Chromebook/dp/B0D53N8WQL","https://www.amazon.ae/UGREEN-Ergonomic-Bluetooth-Adjustable-Chromebook/dp/B0D53N8WQL","text/html;charset=UTF-8","200","OK","Indexable","","UGREEN Ergonomic Mouse, Vertical Wireless Mouse, 2.4GHz Optical Bluetooth Mouse, 4 Adjustable DPI 1000/1600/2000/4000 Levels, 5 Buttons Mice for Laptop, PC, Chromebook, Desktop, Notebook etc, White: Buy Online at Best Price in UAE - Amazon.ae","242","2252","","0","0","Buy UGREEN Ergonomic Mouse, Vertical Wireless Mouse, 2.4GHz Optical Bluetooth Mouse, 4 Adjustable DPI 1000/1600/2000/4000 Levels, 5 Buttons Mice for Laptop, PC, Chromebook, Desktop, Notebook etc, White online on Amazon.ae at best prices. ✓ Fast and free shipping ✓ free returns ✓ cash on delivery available on eligible purchase.","328","2093","","0","0","","0","Add to your order","17","Add to your order","17","1 Year Extended Warranty Plan","29","2 Year Extended Warranty Plan","29","","","","","","","","","","2288556","383195","4114","968","4.250","79.672","Fairly Easy","1.104","0","2","","41","1","0","1.590","249","174","0","10","10","0","","","","","3e5ee592d1f18febb9527a37dabddf3a","0.474","","","","","1.1","https://www.amazon.ae/UGREEN-Ergonomic-Bluetooth-Adjustable-Chromebook/dp/B0D53N8WQL","2024-11-30 14:52:43"
"https://www.facebook.com/marketplace/item/8186692384676362/","https://www.facebook.com/marketplace/item/8186692384676362/","text/html; charset=""utf-8""","302","Found","Non-Indexable","Redirected","","0","0","","0","0","","0","0","","0","0","","0","","0","","0","","0","","0","","","","","","","","","","0","0","0","","","","","0.000","0","3","","0","0","0","0.000","0","0","0","0","0","0","","","","","","0.279","","https://www.facebook.com/login/?next=%2Fmarketplace%2F","HTTP Redirect","","1.1","https://www.facebook.com/marketplace/item/8186692384676362/","2024-11-30 14:52:15"
"https://www.mchose.store/products/mchose-a5-series-wireless-mouse","https://www.mchose.store/products/mchose-a5-series-wireless-mouse","text/html; charset=utf-8","200","OK","Indexable","","MCHOSE A5 Series Wireless Mouse","31","316","","0","0","Software: Download 26000 DPI. PAW3395 Sensor. ４kHz Polling Rate. TTC Gold Wheel Encoder. Nordic 52833/Nordic 52840/Realtek Low-power Chip. Huano Blue Shell Pink/Omron Micro Switch. 2.4 GHz/Type-C Cable/BT wireless. Outstanding Battery Life(Up to 130 hours). Dimensions: 121.6x61.5x37.7mm. Weight: 59g (± 2g).","308","2034","","0","0","","0","MCHOSE A5 Series Wireless Mouse","31","","0","How to obtain a 4K/8K receiver?","31","Customer Reviews","16","","","","https://www.mchose.store/products/mchose-a5-series-wireless-mouse","","","","","","407046","67245","1288","302","4.265","85.984","Easy","2.454","0","1","","9","1","0","1.590","108","42","0","21","14","0","","","","","c6328b2abce43ceabece558be9632c7f","0.868","","","","","1.1","https://www.mchose.store/products/mchose-a5-series-wireless-mouse","2024-11-30 14:52:20"
"https://www.vaxee.co/en/product.php?act=list&cid=43","https://www.vaxee.co/en/product.php?act=list&cid=43","","302","Found","Non-Indexable","Redirected","","0","0","","0","0","","0","0","","0","0","","0","","0","","0","","0","","0","","","","","","","","","","0","0","0","","","","","0.000","0","1","","0","0","0","0.000","0","0","0","0","0","0","","","","","","0.849","","https://vaxee.queue-it.net/?c=vaxee&e=001&ver=v3-javascript-3.7.4&cver=132&man=VAXEE001&t=https%3A%2F%2Fwww.vaxee.co%2Fen%2Fproduct.php%3Fact%3Dlist%26cid%3D43&kupver=cloudflare-1.2.3","HTTP Redirect","","1.1","https://www.vaxee.co/en/product.php?act=list&cid=43","2024-11-30 14:52:49"
"https://www.omen.com/us/en/accessories/mice/omen-photon-wireless-mouse.html","https://www.omen.com/us/en/accessories/mice/omen-photon-wireless-mouse.html","","0","DNS lookup failed","Non-Indexable","No Response","","0","0","","0","0","","0","0","","0","0","","0","","0","","0","","0","","0","","","","","","","","","","0","0","0","","","","","0.000","0","4","","0","0","0","0.000","0","0","0","0","0","0","","","","","","","","","","","","https://www.omen.com/us/en/accessories/mice/omen-photon-wireless-mouse.html","2024-11-30 14:52:35"
"https://www.quora.com/Do-people-prefer-using-a-wired-mouse-or-a-wireless-mouse-when-playing-games-on-a-personal-computer-PC","https://www.quora.com/Do-people-prefer-using-a-wired-mouse-or-a-wireless-mouse-when-playing-games-on-a-personal-computer-PC","text/html; charset=utf-8","200","OK","Indexable","","Do people prefer using a wired mouse or a wireless mouse when playing games on a personal computer (PC)? - Quora","112","1037","","0","0","This is pure preference. But I’ll explain some of the advantages and disadvantages of both solutions as there’s people who will say one or the other is better. Wired: Pros - Lighter weight. Cheaper. Always ready to go. Very good connection to the ...","250","1521","","0","0","","0","","0","","0","","0","","0","noarchive","","","https://www.quora.com/Do-people-prefer-using-a-wired-mouse-or-a-wireless-mouse-when-playing-games-on-a-personal-computer-PC","","","","","","586766","72347","11","3","3.667","80.059","Easy","0.020","0","0","","0","0","0","0.000","0","0","0","0","0","0","","","","","85bfd362f5e67bf7f2c5053397d57f63","0.441","","","","","1.1","https://www.quora.com/Do-people-prefer-using-a-wired-mouse-or-a-wireless-mouse-when-playing-games-on-a-personal-computer-PC","2024-11-30 14:52:38"
"https://download.lenovo.com/pccbbs/pubs/m710s/en/contents/crus05.html","https://download.lenovo.com/pccbbs/pubs/m710s/en/contents/crus05.html","text/html","200","OK","Indexable","","Replacing the mouse or wireless mouse | Lenovo","46","431","","0","0","","0","0","","0","0","","0","Replacing CRUs","14","","0","Replacing the mouse or wireless mouse","37","","0","","","","","","","","","","12067","12067","191","50","3.820","97.097","Very Easy","15.800","0","5","","10","1","0","1.590","53","43","0","0","0","0","","","","","1baa224afe573985a4e37d6243630c27","1.394","Thu, 22 Feb 2018 05:08:04 GMT","","","","1.1","https://download.lenovo.com/pccbbs/pubs/m710s/en/contents/crus05.html","2024-11-30 14:52:42"
"https://www.cclonline.com/910-002235-logitech-m185-wireless-mouse-grey--72915/","https://www.cclonline.com/910-002235-logitech-m185-wireless-mouse-grey--72915/","text/html; charset=utf-8","200","OK","Indexable","","Logitech M185 Wireless Mouse (Grey) - 910-002235 | CCL","54","510","","0","0","Logitech M185 Wireless Mouse (Grey), Mfg Code: 910-002235","57","386","","0","0","","0","Logitech M185 Wireless Mouse (Grey)","35","Logitech M185 Wireless Mouse (Grey)","35","910-002235","10","","0","","","","https://www.cclonline.com/910-002235-logitech-m185-wireless-mouse-grey--72915/","","","","","","360619","43546","1409","409","3.445","90.578","Very Easy","3.237","0","1","","5","1","0","1.590","401","167","0","7","7","0","","","","","79c055466e98b3f1c14bb4762031464f","0.903","","","","","1.1","https://www.cclonline.com/910-002235-logitech-m185-wireless-mouse-grey--72915/","2024-11-30 14:52:45"
"https://www.bhphotovideo.com/c/product/1728699-REG/logitech_910_006570_mx_master_3s_wireless.html/specs","https://www.bhphotovideo.com/c/product/1728699-REG/logitech_910_006570_mx_master_3s_wireless.html/specs","text/html; charset=UTF-8","403","Forbidden","Non-Indexable","Client Error","","0","0","","0","0","","0","0","","0","0","","0","","0","","0","","0","","0","","","","","","","","","","0","0","0","","","","","0.000","0","4","","0","0","0","0.000","0","0","0","0","0","0","","","","","","0.189","","","","","1.1","https://www.bhphotovideo.com/c/product/1728699-REG/logitech_910_006570_mx_master_3s_wireless.html/specs","2024-11-30 14:52:07"
"https://support.hp.com/us-en/document/ish_1997727-1501908-16","https://support.hp.com/us-en/document/ish_1997727-1501908-16","","0","Connection Timeout","Non-Indexable","No Response","","0","0","","0","0","","0","0","","0","0","","0","","0","","0","","0","","0","","","","","","","","","","0","0","0","","","","","0.000","0","2","","0","0","0","0.000","0","0","0","0","0","0","","","","","","","","","","","","https://support.hp.com/us-en/document/ish_1997727-1501908-16","2024-11-30 14:52:15"
"https://www.walmart.com/browse/electronics/wireless-mouse/3944_1089430_132959_1008621_4842284_164214","https://www.walmart.com/browse/electronics/wireless-mouse/3944_1089430_132959_1008621_4842284_164214","text/plain; charset=utf-8","307","Temporary Redirect","Non-Indexable","Redirected","","0","0","","0","0","","0","0","","0","0","","0","","0","","0","","0","","0","","","","","","","","","","21","21","0","","","","","0.000","0","3","","0","0","0","0.000","0","0","0","0","0","0","","","","","","0.696","","https://www.walmart.com/blocked?url=L2Jyb3dzZS9lbGVjdHJvbmljcy93aXJlbGVzcy1tb3VzZS8zOTQ0XzEwODk0MzBfMTMyOTU5XzEwMDg2MjFfNDg0MjI4NF8xNjQyMTQ=&uuid=cdea771a-af00-11ef-a012-02b902cc0dac&vid=&g=b","HTTP Redirect","","1.1","https://www.walmart.com/browse/electronics/wireless-mouse/3944_1089430_132959_1008621_4842284_164214","2024-11-30 14:52:26"
"https://zowie.benq.com/en-us/mouse/s2-dw.html","https://zowie.benq.com/en-us/mouse/s2-dw.html","text/html; charset=UTF-8","200","OK","Indexable","","S2-DW 4K Wireless Gaming Mouse | Stable Tracking & Quick Lifting | ZOWIE US","75","697","","0","0","Elevate your FPS gameplay with the ZOWIE S2-DW 4K Wireless Mouse. Featuring a shorter design for stable tracking, quick lifting, and a 4K enhanced receiver. Engineered for esports performance.","192","1211","","0","0","Symmetrical,Matte,DW Version,Wireless","37","ZOWIE S2-DW 4K Wireless Mouse for Esports","41","","0","Specifications","14","You Might Also Like","19","","","","https://zowie.benq.com/en-us/mouse/s2-dw.html","","","","","","318475","73303","1167","256","4.559","76.649","Fairly Easy","3.833","0","2","","29","1","0","1.590","200","72","0","5","5","0","","","","","c776130ffd63f2dceb0731d87e376193","1.478","Fri, 29 Nov 2024 18:50:18 GMT","","","","1.1","https://zowie.benq.com/en-us/mouse/s2-dw.html","2024-11-30 14:52:12"
"https://www.ultimateears.com/en-us/shop/p/m220-wireless-mouse.910-006126","https://www.ultimateears.com/en-us/shop/p/m220-wireless-mouse.910-006126","text/html","200","OK","Non-Indexable","Canonicalised","Logitech M220 Wireless Mouse with Silent Clicks","47","434","","0","0","","0","0","","0","0","","0","M220 Silent Wireless Mouse","26","","0","Color","5","Specs and Compatibility","23","index,follow","","","https://ue-web-publish-prod.vercel.app/en-us/shop/p/m220-wireless-mouse.910-006126?","","","","","","144062","30291","156","48","3.250","79.348","Fairly Easy","1.171","0","3","","2","1","0","1.590","33","22","0","14","10","0","","","","","1587739d5fd983702b0ff6d5f0a11f3a","0.907","","","","","1.1","https://www.ultimateears.com/en-us/shop/p/m220-wireless-mouse.910-006126","2024-11-30 14:52:15"
"https://www.kensington.com/p/products/electronic-control-solutions/computer-mice/suretrack-dual-wireless-mouse/","https://www.kensington.com/p/products/electronic-control-solutions/computer-mice/suretrack-dual-wireless-mouse/","text/html; charset=utf-8","200","OK","Indexable","","SureTrack™ Dual Wireless Mouse | Computer Mice | Laptop & Wireless Mice | Kensington","84","781","","0","0","","0","0","","0","0","","0","SureTrack™ Dual Wireless Mouse","30","","0","Suggestions","11","Recommended Products","20","","","","https://www.kensington.com/p/products/electronic-control-solutions/computer-mice/suretrack-dual-wireless-mouse/","","","","","","429427","44135","680","166","4.096","73.911","Fairly Easy","2.741","0","5","","15","1","0","1.590","146","107","0","23","20","0","","","","","34d30b0ba175e1fe40f85734a2213021","1.740","","","","","1.1","https://www.kensington.com/p/products/electronic-control-solutions/computer-mice/suretrack-dual-wireless-mouse/","2024-11-30 14:52:12"
"https://www.flaticon.com/free-icon/wireless-mouse_14172441","https://www.flaticon.com/free-icon/wireless-mouse_14172441","text/html; charset=UTF-8","200","OK","Indexable","","Wireless mouse - Free computer icons","36","338","","0","0","Free vector icon. Download thousands of free icons of computer in SVG, PSD, PNG, EPS format or as ICON FONT","107","694","","0","0","","0","Wireless Mouse free icon","24","","0","Related tags","12","Icons with the same style and concept","37","","","","https://www.flaticon.com/free-icon/wireless-mouse_14172441","","","","","","351128","52403","1624","444","3.658","97.425","Very Easy","2.800","0","1","","29","1","0","1.590","122","70","0","33","20","0","","","","","f8c40a2fbe14a5828b0b88a04a4c0129","0.580","","","","","1.1","https://www.flaticon.com/free-icon/wireless-mouse_14172441","2024-11-30 14:52:28"
"https://downloads.dell.com/manuals/all-products/esuprt_electronics_accessories/esuprt_electronics_accessories_pc_tablet/dell-multi-device-wireless-mouse-ms5320w_user%27s-guide_en-us.pdf","https://downloads.dell.com/manuals/all-products/esuprt_electronics_accessories/esuprt_electronics_accessories_pc_tablet/dell-multi-device-wireless-mouse-ms5320w_user%27s-guide_en-us.pdf","text/html","403","Forbidden","Non-Indexable","Client Error","","0","0","","0","0","","0","0","","0","0","","0","","0","","0","","0","","0","","","","","","","","","","618","618","0","","","","","0.000","0","4","","0","0","0","0.000","0","0","0","0","0","0","","","","","","0.677","","","","","1.1","https://downloads.dell.com/manuals/all-products/esuprt_electronics_accessories/esuprt_electronics_accessories_pc_tablet/dell-multi-device-wireless-mouse-ms5320w_user%27s-guide_en-us.pdf","2024-11-30 14:52:19"
"https://support.apple.com/en-us/106465","https://support.apple.com/en-us/106465","text/html;charset=utf-8","200","OK","Indexable","","Wireless Mouse Software Update 1.0 for Leopard - Apple Support","62","574","","0","0","Install this software to take advantage of your Magic Mouse special features. Mac OS X 10.5.8 is required before installing this update.","136","832","","0","0","","0","Wireless Mouse Software Update 1.0 for Leopard","46","","0","Apple Footer","12","","0","","","","https://support.apple.com/en-us/106465","","","","","","113125","27165","103","33","3.121","64.036","Normal","1.253","0","1","","4","1","0","1.590","28","24","0","0","0","0","","","","","5c9c98c667919786c37f56b46a6aae7a","1.040","Tue, 27 Oct 2009 00:11:00 GMT","","","","1.1","https://support.apple.com/en-us/106465","2024-11-30 14:52:11"
"https://www.bestbuy.com/site/mice/wireless-mice/abcat0513001.c?id=abcat0513001","https://www.bestbuy.com/site/mice/wireless-mice/abcat0513001.c?id=abcat0513001","text/html","200","OK","Indexable","","Best Buy International: Select your Country - Best Buy","54","470","","0","0","Shop online at Best Buy in your country and language of choice. Best Buy provides online shopping in a number of countries and languages.","137","866","","0","0","best buy international, best buy countries","42","Choose a country.","17","Choisir un pays :","17","","0","","0","","","","","","","","","","6541","1635","106","42","2.524","55.026","Fairly Hard","10.522","0","3","","6","1","0","1.590","9","2","0","0","0","0","","","","","5876c69e327d4a00ed6a3e906c96cc16","0.844","","","","","1.1","https://www.bestbuy.com/site/mice/wireless-mice/abcat0513001.c?id=abcat0513001","2024-11-30 14:52:45"
"https://www.linux.org/threads/logitech-wireless-mouse-keyboard.45826/","https://www.linux.org/threads/logitech-wireless-mouse-keyboard.45826/","","0","Connection Timeout","Non-Indexable","No Response","","0","0","","0","0","","0","0","","0","0","","0","","0","","0","","0","","0","","","","","","","","","","0","0","0","","","","","0.000","0","2","","0","0","0","0.000","0","0","0","0","0","0","","","","","","","","","","","","https://www.linux.org/threads/logitech-wireless-mouse-keyboard.45826/","2024-11-30 14:52:23"
"https://community.spiceworks.com/t/jumpy-jittery-wireless-mouse-common-causes/317719","https://community.spiceworks.com/t/jumpy-jittery-wireless-mouse-common-causes/317719","","403","Forbidden","Non-Indexable","Client Error","","0","0","","0","0","","0","0","","0","0","","0","","0","","0","","0","","0","","","","","","","","","","0","0","0","","","","","0.000","0","2","","0","0","0","0.000","0","0","0","0","0","0","","","","","","1.085","","","","","1.1","https://community.spiceworks.com/t/jumpy-jittery-wireless-mouse-common-causes/317719","2024-11-30 14:52:44"
"https://www.apple.com/shop/product/HRYU2ZM/A/corsair-m75-wireless-lightweight-rgb-gaming-mouse-glacier-blue","https://www.apple.com/shop/product/HRYU2ZM/A/corsair-m75-wireless-lightweight-rgb-gaming-mouse-glacier-blue","text/html;charset=utf-8","200","OK","Indexable","","Corsair M75 Wireless Lightweight RGB Gaming Mouse - Glacier Blue - Apple","72","665","","0","0","The Corsair M75 Wireless Gaming Mouse sports an ambidextrous mouse shape, enabling right- and left-handed players to take on the best competition. Buy online now at apple.com.","175","1127","","0","0","","0","Corsair M75 Wireless Lightweight RGB Gaming Mouse - Glacier Blue","64","","0","Shop by Product","15","Shop by Category","16","max-image-preview:large","","","https://www.apple.com/shop/product/HRYU2ZM/A/corsair-m75-wireless-lightweight-rgb-gaming-mouse-glacier-blue","","","","","","379022","54860","0","","","","","1.234","0","4","","3","1","0","1.590","116","102","0","5","5","0","","","","","6fd5c07282c3b65e1879d6d24f2bba9c","1.049","Sat, 30 Nov 2024 09:52:07 GMT","","","","1.1","https://www.apple.com/shop/product/HRYU2ZM/A/corsair-m75-wireless-lightweight-rgb-gaming-mouse-glacier-blue","2024-11-30 14:52:07"
"https://eu.store.bambulab.com/products/wireless-mouse-components-kit-002","https://eu.store.bambulab.com/products/wireless-mouse-components-kit-002","text/html; charset=utf-8","200","OK","Indexable","","","0","0","","0","0","","0","0","","0","0","","0","Wireless Mouse Components Kit 002","33","","0","Bambu Lab","9","","0","","","","https://eu.store.bambulab.com/products/wireless-mouse-components-kit-002","","","","","","1574420","192144","718","155","4.632","74.762","Fairly Easy","1.244","0","1","","4","1","0","1.590","703","315","0","22","16","0","","","","","e0fbdab4ccd35e77ca7ffa12b3c3e0b7","1.887","","","","","1.1","https://eu.store.bambulab.com/products/wireless-mouse-components-kit-002","2024-11-30 14:52:16"
"https://www.wired.com/review/corsair-scimitar-elite-wireless/","https://www.wired.com/review/corsair-scimitar-elite-wireless/","text/html; charset=utf-8","200","OK","Indexable","","Corsair Scimitar Elite Wireless Mouse Review: Custom Gaming Perfection | WIRED","78","721","","0","0","Corsair finally made the upgraded multi-button gaming mouse I’ve been waiting for.","82","516","","0","0","reviews,shopping,gaming,accessories","35","Review: Corsair Scimitar Elite Wireless Mouse","45","","0","A Custom Fit","12","A Wireless Upgrade","18","index, follow, noarchive, max-image-preview:large","","","https://www.wired.com/review/corsair-scimitar-elite-wireless/","","","","","","645806","112272","1334","217","6.147","81.432","Easy","1.387","0","2","","1","1","0","1.590","74","62","0","30","20","0","","","","","15035c2e41540e3c650b966b03cc737","0.597","","","","","1.1","https://www.wired.com/review/corsair-scimitar-elite-wireless/","2024-11-30 14:52:15"
"https://www.bhphotovideo.com/c/product/1703320-REG/logitech_910_006556_mx_master_3s_black.html/accessories","https://www.bhphotovideo.com/c/product/1703320-REG/logitech_910_006556_mx_master_3s_black.html/accessories","text/html; charset=utf-8","200","OK","Non-Indexable","Canonicalised","Logitech MX Master 3S Wireless Mouse (Black) 910-006556 B&H","59","575","","0","0","Buy Logitech MX Master 3S Wireless Mouse (Black) featuring 2.4 GHz RF & Bluetooth LE Connectivity, 8000 dpi Darkfield Optical Sensor, Quiet Click Buttons, MagSpeed Electromagnetic Scrolling, Logi Options+ Compatible, Up to 70 Days Battery Life, Logi Bolt USB Receiver Included, Compatible with Multiple Platforms. Review Logitech MX Master 3S","342","2159","","0","0","Logitech MX Master 3S Wireless Mouse (Black)","44","Logitech MX Master 3S Wireless Mouse (Black)","44","","0","Does it connect to the mac or is there a ...","44","how can I setup Logitech MX Master 3S for Mac and ...","53","","","","https://www.bhphotovideo.com/c/product/1703320-REG/logitech_910_006556_mx_master_3s_black.html","","","","","","251645","48314","871","197","4.421","89.968","Easy","2.711","0","4","","0","0","0","0.000","72","58","0","0","0","0","","","","","792d09c01bca4d0b09ec63e964d1aaac","2.473","","","","","1.1","https://www.bhphotovideo.com/c/product/1703320-REG/logitech_910_006556_mx_master_3s_black.html/accessories","2024-11-30 14:52:22"
"https://www.game.co.uk/logitech-g502-x-plus-wireless-mouse---black-802817","https://www.game.co.uk/logitech-g502-x-plus-wireless-mouse---black-802817","text/html; charset=utf-8","200","OK","Indexable","","G502 X PLUS Wireless Mouse - Black | Logitech | GAME","52","487","","0","0","Shop Logitech G502 X PLUS Wireless Mouse - Black at GAME. Your destination for all things gaming, toys, tech & merchandise!","123","785","","0","0","","0","Logitech G502 X PLUS Wireless Mouse - Black","43","","0","FrasersPlus","11","","0","INDEX, FOLLOW,NOODP,NOYDIR","","","https://www.game.co.uk/logitech-g502-x-plus-wireless-mouse---black-802817","","","","","","353316","79820","1084","257","4.218","73.156","Fairly Easy","3.741","0","0","","16","1","0","1.590","104","58","0","12","10","0","","","","","b680c611bc45e8aaa8166b76e09efae2","1.563","","","","","1.1","https://www.game.co.uk/logitech-g502-x-plus-wireless-mouse---black-802817","2024-11-30 14:52:09"
"https://www.target.com/s/wireless+mouse","https://www.target.com/s/wireless+mouse","text/html; charset=utf-8","200","OK","Indexable","","Wireless Mouse : Target","23","213","","0","0","Shop Target for wireless mouse you will love at great low prices. Choose from Same Day Delivery, Drive Up or Order Pickup plus free shipping on orders $35+.","156","972","","0","0","wireless mouse","14","wireless mouse","14","","0","Popular filters","15","196 results","11","index, follow","","","https://www.target.com/s/wireless+mouse","","","","","","540551","42384","1031","342","3.015","91.522","Very Easy","1.936","0","1","","7","1","0","1.590","218","122","0","8","8","0","","","","","9a86d16b7401b2f19bfd1d943b918487","1.729","","","","","1.1","https://www.target.com/s/wireless+mouse","2024-11-30 14:52:39"
"https://www.keychron.com/products/keychron-m7-wireless-mouse","https://www.keychron.com/products/keychron-m7-wireless-mouse","text/html; charset=utf-8","200","OK","Indexable","","Keychron M7 Wireless Mouse – Keychron | Mechanical Keyboards for Mac, Windows and Android","89","861","Keychron M7 Wireless Mouse","26","263","Keychron M7 Wireless Mouse. It supports 2.4 GHz, Bluetooth, and a USB connection. Lightweight at 63g, it packs all the essential features ideal for any use case, whether it’s work, gaming, or anything else.","206","1265","Keychron M7 wireless Mouse has the best Pixart 3395 sensor. It supports 2.4 GHz, Bluetooth, and a USB wired connection. Please drop your email on ""Notify Me When Available"" if the product model is out of stock.   No discount codes can be used for M7.","250","1568","","0","Keychron M7 Wireless Mouse","26","","0","Customer Reviews","16","Your cart","9","","","","https://www.keychron.com/products/keychron-m7-wireless-mouse","","","","","","997256","100359","2385","838","2.846","100.000","Very Easy","2.864","0","1","","9","1","0","1.590","893","340","0","27","24","0","","","","","7ef62ba2ade58f4095259092d6f101d8","0.863","","","","","1.1","https://www.keychron.com/products/keychron-m7-wireless-mouse","2024-11-30 14:52:13"
"https://forum.corsair.com/forums/topic/163754-dark-core-rgb-wireless-mouse-lag/","https://forum.corsair.com/forums/topic/163754-dark-core-rgb-wireless-mouse-lag/","text/html;charset=UTF-8","200","OK","Indexable","","Dark Core RGB Wireless Mouse Lag - Gaming Peripherals & Audio Troubleshooting - Corsair Community","97","911","","0","0","So the only way I can play R6 Siege now is in wired mode, any time now I play wireless, ill get what seems to be lag when moving the mouse. It almost seems like the sensor stops tracking and it happens alot. It never did this when i first got it 3 months ago. I have updated, re-paired device, you...","300","1819","","0","0","","0","Dark Core RGB Wireless Mouse Lag","32","","0","Recommended Posts","17","Create an account or sign in to comment","39","","","","https://forum.corsair.com/forums/topic/163754-dark-core-rgb-wireless-mouse-lag/","https://forum.corsair.com/forums/topic/163754-dark-core-rgb-wireless-mouse-lag/page/2/","","","","","267221","34915","3071","572","5.369","99.568","Very Easy","6.383","0","3","","75","1","0","1.590","274","75","0","15","10","0","","","","","1dfbe0a2e993cf04cd319e08a7b32f48","0.862","Sat, 30 Nov 2024 08:13:00 GMT","","","","1.1","https://forum.corsair.com/forums/topic/163754-dark-core-rgb-wireless-mouse-lag/","2024-11-30 14:52:46"
"https://www.hp.com/us-en/shop/pdp/hp-935-creator-wireless-mouse-p-1d0k8aa-aba-1","https://www.hp.com/us-en/shop/pdp/hp-935-creator-wireless-mouse-p-1d0k8aa-aba-1","text/html; charset=utf-8","200","OK","Indexable","","HP 935 Creator Wireless Mouse","29","281","","0","0","Free shipping. Buy direct from HP. See customer reviews and comparisons for HP 935 Creator Wireless Mouse. Upgrades and savings on select products.","147","954","","0","0","null","4","HP 935 Creator Wireless Mouse","29","","0","recommended accessories","23","Technical details","17","","","","https://www.hp.com/us-en/shop/pdp/hp-935-creator-wireless-mouse-p-1d0k8aa-aba-1","","","","","","1323160","217796","1838","395","4.653","61.818","Normal","1.075","0","3","","11","1","0","1.590","189","116","0","2","2","0","","","","","eeb9de0d2644c02e4e82204014acb04c","1.791","","","","","1.1","https://www.hp.com/us-en/shop/pdp/hp-935-creator-wireless-mouse-p-1d0k8aa-aba-1","2024-11-30 14:52:31"
"https://campusstore.mcmaster.ca/Item?item=7163233","https://campusstore.mcmaster.ca/Item?item=7163233","text/html; charset=UTF-8","200","OK","Indexable","","Logitech M185 Wireless Mouse | McMaster Campus Store","52","513","","0","0","Logitech M185 Wireless Mouse - Learn more about our policies, FAQs, and other important information at the Campus Store.","120","770","","0","0","","0","","0","","0","Logitech M185 Wireless Mouse","28","","0","","","","","","","","","","93129","19626","249","82","3.037","78.722","Fairly Easy","8.237","0","0","","15","1","0","1.590","250","229","0","16","16","0","","","","","336d641c05dd853f0c321299e922806c","1.613","","","","","1.1","https://campusstore.mcmaster.ca/Item?item=7163233","2024-11-30 14:52:15"
"https://www.logitechg.com/en-us/products/gaming-mice.html","https://www.logitechg.com/en-us/products/gaming-mice.html","text/html;charset=utf-8","200","OK","Indexable","","Gaming Mice - Wireless, PC, Wired | Logitech G","46","411","","0","0","Browse Gaming Mice. Logitech G professional gaming mice are engineered to compete. Find a gaming mouse for every game, budget, and hand size.","141","921","","0","0","","0","Gaming Mice","11","","0","Gaming Mice & Mousepads","23","Gaming Keyboards","16","","","","https://www.logitechg.com/en-us/products/gaming-mice.html","","","","","","349254","37014","1793","340","5.274","82.722","Easy","3.511","0","2","","5","2","0","3.170","130","84","0","25","24","0","","","","","4724c09abb8c04e3b95f13127e4929cd","1.805","","","","","1.1","https://www.logitechg.com/en-us/products/gaming-mice.html","2024-11-30 14:52:21"
"https://www.acer.com/my-en/accessories/keyboards-mice-stylus/acer-wireless-mouse-m501","https://www.acer.com/my-en/accessories/keyboards-mice-stylus/acer-wireless-mouse-m501","text/html; charset=utf-8","200","OK","Indexable","","Acer Wireless Mouse M501 - Certified by Works With Chromebook | Acer Malaysia","77","721","","0","0","Acer Wireless Mouse M501 is Works With Chromebook certified, ensuring it will work seamlessly with your Chromebook. At 1600 DPI, enjoy reliable, responsive control when you’re navigating. Further, its comfortable shape with soft side grips is designed for both right-handed and left-handed users.","296","1851","","0","0","","0","Acer Wireless Mouse M501 – Certified by Works With Chromebook","61","","0","Pick your perfect Acer Wireless Mouse M501 – Certified by Works With Chromebook","79","","0","max-image-preview:large","","","https://www.acer.com/my-en/accessories/keyboards-mice-stylus/acer-wireless-mouse-m501","","","","","","305121","43331","177","28","6.321","61.331","Normal","1.677","0","3","","32","1","0","1.590","278","129","0","13","9","0","","","","","ec7c262684f080bbaff642f38fafc885","2.224","","","","","1.1","https://www.acer.com/my-en/accessories/keyboards-mice-stylus/acer-wireless-mouse-m501","2024-11-30 14:52:36"
"https://www.8bitdo.com/n30-wireless-mouse/","https://www.8bitdo.com/n30-wireless-mouse/","text/html","200","OK","Indexable","","N30 2.4g Wireless Mouse 8BitDo","30","291","","0","0","My new website","14","100","","0","0","pinegrow, blocks, bootstrap","27","8BitDo N30 Wireless Mouse","25","3D touch panel","14","","0","","0","","","","","","","","","","9978","2651","112","41","2.732","92.269","Very Easy","6.532","0","1","","0","0","0","0.000","8","5","0","4","4","0","","","","","ee4eab5ee222fd98ef52754e94fb3dfd","1.152","Tue, 16 Jan 2024 08:18:48 GMT","","","","1.1","https://www.8bitdo.com/n30-wireless-mouse/","2024-11-30 14:52:41"
"https://www.lazada.com.ph/products/logitech-mk270r-wireless-mouse-and-keyboard-combo-i835402340.html","https://www.lazada.com.ph/products/logitech-mk270r-wireless-mouse-and-keyboard-combo-i835402340.html","text/html;charset=UTF-8","200","OK","Indexable","","","0","0","","0","0","","0","0","","0","0","","0","","0","","0","","0","","0","","","","","","","","","","1413","611","0","","","","","0.000","0","1","","0","0","0","0.000","0","0","0","0","0","0","","","","","e70dcb8ef75a78821da01c4947ffe7ae","0.796","","","","","1.1","https://www.lazada.com.ph/products/logitech-mk270r-wireless-mouse-and-keyboard-combo-i835402340.html","2024-11-30 14:52:14"
"https://www.newegg.com/lenovo-gy50z18988/p/0TP-000Y-002U4","https://www.newegg.com/lenovo-gy50z18988/p/0TP-000Y-002U4","text/html; charset=UTF-8","403","Forbidden","Non-Indexable","Client Error","","0","0","","0","0","","0","0","","0","0","","0","","0","","0","","0","","0","","","","","","","","","","0","0","0","","","","","0.000","0","2","","0","0","0","0.000","0","0","0","0","0","0","","","","","","0.702","","","","","1.1","https://www.newegg.com/lenovo-gy50z18988/p/0TP-000Y-002U4","2024-11-30 14:52:11"
"https://3dconnexion.com/us/product/cadmouse-pro-wireless/","https://3dconnexion.com/us/product/cadmouse-pro-wireless/","text/html; charset=UTF-8","200","OK","Indexable","","CadMouse Pro Wireless: ergonomic mouse for CAD professionals","60","579","","0","0","CadMouse Pro Wireless - The ultimate wireless mouse for CAD professionals. Mainstay of any CAD toolkit. Shop safely on our online store.","136","861","","0","0","","0","CadMouse Pro Wireless","21","","0","THE PRECISION ERGONOMIC MOUSE FOR CAD PROFESSIONALS","51","","0","index, follow, max-image-preview:large, max-snippet:-1, max-video-preview:-1","","","https://3dconnexion.com/us/product/cadmouse-pro-wireless/","","","","","","136415","27524","1243","220","5.650","55.790","Fairly Hard","7.549","0","3","","2","1","0","1.590","80","61","0","5","5","0","","","","","2958727d6783049a83ecae8876eb3230","2.239","Tue, 30 Apr 2024 08:18:59 GMT","","","","1.1","https://3dconnexion.com/us/product/cadmouse-pro-wireless/","2024-11-30 14:52:49"
"https://www.carrefouruae.com/mafuae/en/mouses/philips-wireless-mouse-m314-pink/p/8712581758769","https://www.carrefouruae.com/mafuae/en/mouses/philips-wireless-mouse-m314-pink/p/8712581758769","text/html; charset=utf-8","200","OK","Indexable","","Buy Philips Wireless Mouse M314 Pink Online | Carrefour UAE","59","543","","0","0","Shop Philips Wireless Mouse M314 Pink online now at Carrefour UAE. Buy Electronics & Appliances in Dubai, & more. Enjoy best prices, FREE & fast delivery, & easy returns","169","1057","","0","0","Philips Wireless Mouse M314 Pink, Shop Philips Wireless Mouse M314 Pink, Online shopping UAE, Dubai online shopping, Online shopping Dubai, Deals in Dubai, Carrefour UAE.","170","Philips Wireless Mouse M314 Pink","32","","0","AED 52.00 (Inc. VAT)","20","","0","index,follow","","","https://www.carrefouruae.com/mafuae/en/mouses/philips-wireless-mouse-m314-pink/p/8712581758769","","","","","","428835","93887","83","29","2.862","74.482","Fairly Easy","0.133","0","5","","0","0","0","0.000","8","8","0","0","0","0","","","","","b3eead1debc0432fa070e21878067d25","2.047","","","","","1.1","https://www.carrefouruae.com/mafuae/en/mouses/philips-wireless-mouse-m314-pink/p/8712581758769","2024-11-30 14:52:47"
"https://www.lenovo.com/us/en/p/accessories-and-software/keyboards-and-mice/mice/4x30m56887","https://www.lenovo.com/us/en/p/accessories-and-software/keyboards-and-mice/mice/4x30m56887","text/html; charset=utf-8","200","OK","Indexable","","ThinkPad Wireless Mouse | 4X30M56887 | Lenovo US","48","473","","0","0","The ThinkPad Essential Wireless Mouse is an excellent choice as a travel-sized wireless mouse. Shop online at Lenovo official online store!","139","859","","0","0","","0","ThinkPad Wireless Mouse","23","","0","","0","","0","","","","https://www.lenovo.com/us/en/p/accessories-and-software/keyboards-and-mice/mice/4x30m56887","","","","","","1013326","118642","2245","572","3.925","17.410","Very Hard","4.334","0","6","","1","1","0","1.590","633","435","0","12","10","0","","","","","a00674756762f11a28698a137dc9c825","2.340","","","","","1.1","https://www.lenovo.com/us/en/p/accessories-and-software/keyboards-and-mice/mice/4x30m56887","2024-11-30 14:52:07"
"https://store.suu.edu/products/logitech-m310-wireless-mouse","https://store.suu.edu/products/logitech-m310-wireless-mouse","text/html; charset=utf-8","200","OK","Non-Indexable","Canonicalised","Logitech M310 Wireless Mouse | SUU Campus Store","47","461","","0","0","Logitech M310 Wireless Mouse - Logitech M310 Wireless Mouse, 2.4 GHz with USB Nano Receiver, 1000 DPI Optical Tracking, 18 Month Battery, Ambidextrous, Compatible with PC, Mac, Laptop, Chromebook (FLAME RED GLOSS)&#10;Optical - Wireless - 32.81 ft - Radio Frequency - 2.40 GHz - Flame Red - USB - 1000 dpi - Scroll Wheel - 3 Button(s) - Symmetrical - 1 - 1 Year Battery Run Time&#10;The Logitech Wireless Mouse M310 is the easy-to-use, full-size mouse that feels just right. It feels good in either hand-even after long hours of use-thanks to its hand-friendly, contoured design with soft rubber side grips. The plug-and-forget nano-receiver is small enough to stay in your USB port so you won't lose it-and delivers reliable Logitech Advanced 2.4 GHz wireless connectivity. A 18-month battery life means less hassle. Navigating is simple too with smooth, responsive tracking. And you get the high quality and reliability that's made Logitech the global leader for mice-plus a three-year hardware warranty.&#10;&#10;Package Contents:&#10;M310 Mouse&#10;Nano-Receiver&#10;1 x AA Battery&#10;User Documentation","1108","6705","","0","0","","0","","0","","0","Logitech","8","Logitech M310 Wireless Mouse","28","","","","http://store.suu.edu/products/logitech-m310-wireless-mouse","","","","","","394128","394128","233","44","5.295","73.652","Fairly Easy","0.529","0","1","","0","0","0","0.000","19","18","0","7","4","0","","","","","25b21c816d5c84c650382eda6732836e","1.909","","","","","1.1","https://store.suu.edu/products/logitech-m310-wireless-mouse","2024-11-30 14:52:19"
"https://forums.lenovo.com/t5/Displays-Options-and-Accessories/Wireless-mouse-light-just-blinks-and-then-turns-off-and-the-mouse-does-not-work/m-p/5316077","https://forums.lenovo.com/t5/Displays-Options-and-Accessories/Wireless-mouse-light-just-blinks-and-then-turns-off-and-the-mouse-does-not-work/m-p/5316077","text/html","200","OK","Indexable","","English Community-Lenovo Community","34","350","","0","0","","0","0","","0","0","","0","","0","","0","","0","","0","","","","","","","","","","6890","2359","0","","","","","1.941","0","4","","0","0","0","0.000","0","0","0","0","0","0","","","","","a30d705f8b6251826b12c86b22106143","0.653","Thu, 07 Nov 2024 05:53:29 GMT","","","","1.1","https://forums.lenovo.com/t5/Displays-Options-and-Accessories/Wireless-mouse-light-just-blinks-and-then-turns-off-and-the-mouse-does-not-work/m-p/5316077","2024-11-30 14:52:12"
"https://www.aliexpress.com/item/1005007327750317.html","https://www.aliexpress.com/item/1005007327750317.html","text/html;charset=UTF-8","200","OK","Indexable","","","0","0","","0","0","","0","0","","0","0","","0","Aliexpress","10","","0","","0","","0","follow,index","","","","","","","","","91608","27165","202","55","3.673","42.283","Hard","1.619","0","1","","1","1","0","1.590","51","44","0","29","28","0","","","","","fdcf56590d6cd22950bd1fdf4b1f6f9c","1.473","","","","","1.1","https://www.aliexpress.com/item/1005007327750317.html","2024-11-30 14:52:47"
"https://www.ebay.com/itm/364547140749","https://www.ebay.com/itm/364547140749","text/html; charset=utf-8","404","Not Found","Non-Indexable","Client Error","","0","0","","0","0","","0","0","","0","0","","0","","0","","0","","0","","0","","","","","","","","","","18017","18017","0","","","","","0.000","0","1","","0","0","0","0.000","0","0","0","0","0","0","","","","","","2.913","","","","","1.1","https://www.ebay.com/itm/364547140749","2024-11-30 14:52:25"
"https://www.reddit.com/r/Corsair/comments/1d4ezx4/whats_the_best_corsair_wireless_mouse/","https://www.reddit.com/r/Corsair/comments/1d4ezx4/whats_the_best_corsair_wireless_mouse/","text/html; charset=utf-8","302","Found","Non-Indexable","Redirected","","0","0","","0","0","","0","0","","0","0","","0","","0","","0","","0","","0","","","","","","","","","","406","406","0","","","","","0.000","0","5","","0","0","0","0.000","0","0","0","0","0","0","","","","","","0.422","","https://www.reddit.com/r/Corsair/comments/1d4ezx4/whats_the_best_corsair_wireless_mouse/?rdt=33681","HTTP Redirect","","1.1","https://www.reddit.com/r/Corsair/comments/1d4ezx4/whats_the_best_corsair_wireless_mouse/","2024-11-30 14:52:12"
"https://www.atk.store/products/vxe-dragonfly-r1-series-wireless-mouse","https://www.atk.store/products/vxe-dragonfly-r1-series-wireless-mouse","text/html; charset=utf-8","200","OK","Indexable","","VXE Dragonfly R1 Series Wireless Mouse","38","359","","0","0","Wired / Wireless / Bluetooth Connection Methods PAW3395 SE / PAW3395 Sensor BEKEN(compx) High-end / Nordic 52840 Chip Smart Speed X Wireless 4000Hz wireless support for R1 PRO and R1 PRO MAX (Requires pairing with 4K receiver) 48g-54g Ultralight-Weight (Varies by Option) ATK HUB/Web Driver Supported Ice-feeling Coating","320","2109","","0","0","","0","VXE Dragonfly R1 Series Wireless Mouse","38","","0","Black Friday Deals!🎁","21","ATK GAMING GEAR","15","","","","https://www.atk.store/products/vxe-dragonfly-r1-series-wireless-mouse","","","","","","549339","69500","467","150","3.113","95.162","Very Easy","1.995","0","1","","4","1","0","1.590","64","35","0","13","10","0","","","","","d68b6c8d7b2ad96ffdad585266744676","0.947","","","","","1.1","https://www.atk.store/products/vxe-dragonfly-r1-series-wireless-mouse","2024-11-30 14:52:13"
"https://support.microsoft.com/en-us/topic/your-wireless-mouse-or-keyboard-does-not-respond-or-you-receive-a-the-wireless-device-name-signal-quality-is-low-error-message-c878333b-0ba8-0359-d69f-baa0ed8a23a1","https://support.microsoft.com/en-us/topic/your-wireless-mouse-or-keyboard-does-not-respond-or-you-receive-a-the-wireless-device-name-signal-quality-is-low-error-message-c878333b-0ba8-0359-d69f-baa0ed8a23a1","text/html; charset=utf-8","200","OK","Indexable","","Your wireless mouse or keyboard does not respond or you receive a “The wireless <device name> signal quality is low” error message - Microsoft Support","150","1209","","0","0","Describes an issue in which the mouse unexpectedly stops responding. Provides several resolutions to the issue.","111","703","","0","0","","0","Your wireless mouse or keyboard does not respond or you receive a “The wireless <device name> signal quality is low” error message","130","","0","Global","6","Symptoms","8","","","","https://support.microsoft.com/en-us/topic/your-wireless-mouse-or-keyboard-does-not-respond-or-you-receive-a-the-wireless-device-name-signal-quality-is-low-error-message-c878333b-0ba8-0359-d69f-baa0ed8a23a1","","","","","","165204","165204","1874","319","5.875","72.663","Fairly Easy","7.503","0","2","","1","1","0","1.590","146","124","0","13","12","0","","","","","85de50d75a13ce7748ee728fb9566341","0.410","","","","","1.1","https://support.microsoft.com/en-us/topic/your-wireless-mouse-or-keyboard-does-not-respond-or-you-receive-a-the-wireless-device-name-signal-quality-is-low-error-message-c878333b-0ba8-0359-d69f-baa0ed8a23a1","2024-11-30 14:52:28"
"https://www.delltechnologies.com/asset/en-us/products/electronics-and-accessories/technical-support/dell-mobile-wireless-mouse-ms3320w-datasheet.pdf","https://www.delltechnologies.com/asset/en-us/products/electronics-and-accessories/technical-support/dell-mobile-wireless-mouse-ms3320w-datasheet.pdf","text/html","403","Forbidden","Non-Indexable","Client Error","","0","0","","0","0","","0","0","","0","0","","0","","0","","0","","0","","0","","","","","","","","","","553","553","0","","","","","0.000","0","5","","0","0","0","0.000","0","0","0","0","0","0","","","","","","0.917","","","","","1.1","https://www.delltechnologies.com/asset/en-us/products/electronics-and-accessories/technical-support/dell-mobile-wireless-mouse-ms3320w-datasheet.pdf","2024-11-30 14:52:27"
"https://answers.microsoft.com/en-us/windows/forum/all/usb-wireless-mouse-not-working-suddenly/54835a67-f251-4b08-8f50-771b189bdb71","https://answers.microsoft.com/en-us/windows/forum/all/usb-wireless-mouse-not-working-suddenly/54835a67-f251-4b08-8f50-771b189bdb71","text/html; charset=utf-8","302","Found","Non-Indexable","Redirected","","0","0","","0","0","","0","0","","0","0","","0","","0","","0","","0","","0","","","","","","","","","","0","0","0","","","","","0.000","0","5","","0","0","0","0.000","0","0","0","0","0","0","","","","","","1.102","","https://answers.microsoft.com/en-us/site/silentsignin?returnUrl=https%3A%2F%2Fanswers.microsoft.com%2Fen-us%2Fwindows%2Fforum%2Fall%2Fusb-wireless-mouse-not-working-suddenly%2F54835a67-f251-4b08-8f50-771b189bdb71","HTTP Redirect","","1.1","https://answers.microsoft.com/en-us/windows/forum/all/usb-wireless-mouse-not-working-suddenly/54835a67-f251-4b08-8f50-771b189bdb71","2024-11-30 14:52:24"
"https://support.lenovo.com/us/en/solutions/pd026882-thinkpad-precision-wireless-mouse-overview-and-service-parts","https://support.lenovo.com/us/en/solutions/pd026882-thinkpad-precision-wireless-mouse-overview-and-service-parts","text/html; charset=utf-8","200","OK","Indexable","","ThinkPad Precision Wireless Mouse - Overview and Service Parts - Lenovo Support US","82","757","","0","0","ThinkPad Precision Wireless Mouse - Overview and Service PartsThinkPad Precision Wireless Mouse - Overview and Service Parts ThinkPad Precision Wireless Mouse - Overview and Service Parts","187","1205","","0","0","","0","","0","","0","","0","","0","","","","https://support.lenovo.com/us/en/solutions/pd026882-thinkpad-precision-wireless-mouse-overview-and-service-parts","","","","","","354346","96581","76","15","5.067","61.434","Normal","1.298","0","3","","1","1","0","1.590","20","14","0","5","5","0","","","","","e34c0ff4abffe2956b831f1bb7497790","2.087","","","","","1.1","https://support.lenovo.com/us/en/solutions/pd026882-thinkpad-precision-wireless-mouse-overview-and-service-parts","2024-11-30 14:52:16"
"https://www.razer.com/pc/gaming-mice","https://www.razer.com/pc/gaming-mice","text/html; charset=utf-8","200","OK","Indexable","","Gaming Mice - Wired and Wireless Gaming Mouse | Razer United States","67","627","","0","0","Explore our high-performance gaming mice - wired or wireless mouse, FPS, MMO or MOBA gaming mouse, left-handed mouse, and more.","127","845","","0","0","","0","GAMING MICE","11","Here’s $10 Off* to Get You Started","34","Shop","4","Explore","7","index,follow","","","https://www.razer.com/pc/gaming-mice","","","","","","1310119","127196","604","126","4.794","78.291","Fairly Easy","1.471","0","1","","2","1","0","1.590","669","435","0","24","15","0","","","","","be8adad0377412951c2698cdda7bad4b","1.038","","","","","1.1","https://www.razer.com/pc/gaming-mice","2024-11-30 14:52:29"
"https://techzone.illinois.edu/shop_product_detail.asp?catalog_id=308&catalog_name=TWljZSAy&pf_id=20043&product_name=U2F0ZWNoaSBNMSBXaXJlbGVzcyBNb3VzZSAtIFJvc2UgR29sZCBCUA&type=1&target=shop_product_list.asp","https://techzone.illinois.edu/shop_product_detail.asp?catalog_id=308&catalog_name=TWljZSAy&pf_id=20043&product_name=U2F0ZWNoaSBNMSBXaXJlbGVzcyBNb3VzZSAtIFJvc2UgR29sZCBCUA&type=1&target=shop_product_list.asp","text/html; charset=UTF-8","200","OK","Indexable","","Satechi M1 Wireless Mouse - Rose Gold BP | Illini Union Tech Zone","65","584","","0","0","","0","0","","0","0","","0","Illini Union Tech Zone - Website Footer","39","","0","Navigation","10","Error","5","","","","","","","","","","29075","29075","51","18","2.833","89.500","Easy","6.146","0","0","","1","1","0","1.590","63","53","0","3","3","0","","","","","dc35f877d034b2fcf62d7959a5b4197","1.489","","","","","1.1","https://techzone.illinois.edu/shop_product_detail.asp?catalog_id=308&catalog_name=TWljZSAy&pf_id=20043&product_name=U2F0ZWNoaSBNMSBXaXJlbGVzcyBNb3VzZSAtIFJvc2UgR29sZCBCUA&type=1&target=shop_product_list.asp","2024-11-30 14:52:10"
"https://community.reolink.com/topic/2075/so-definitely-no-wireless-mouse-capabilty-with-the-rln8-410","https://community.reolink.com/topic/2075/so-definitely-no-wireless-mouse-capabilty-with-the-rln8-410","text/html; charset=utf-8","200","OK","Indexable","","So definitely no wireless mouse capabilty with the RLN8-410? | Reolink Community","80","727","","0","0","Reason I was asking was because I could have sworn I read an Amazon review of someone using one, but wasn't sure which model NVR they had. If it is possible, what make or brand wireless mouse? Stringing an extension USB cable across my floor is a bit of a...","258","1624","","0","0","","0","So definitely no wireless mouse capabilty with the RLN8-410?","60","","0","","0","","0","","","","https://community.reolink.com/topic/2075/so-definitely-no-wireless-mouse-capabilty-with-the-rln8-410","https://community.reolink.com/topic/2075/so-definitely-no-wireless-mouse-capabilty-with-the-rln8-410?lang=en-GB&page=2","","","","","253665","32443","1887","459","4.111","96.408","Very Easy","4.399","0","2","","173","1","0","1.590","292","62","0","14","14","0","","","","","ef4f6435dcc6f58dcac70ca15e6d61cf","1.732","","","","","1.1","https://community.reolink.com/topic/2075/so-definitely-no-wireless-mouse-capabilty-with-the-rln8-410","2024-11-30 14:52:13"
"https://www.pcmag.com/picks/the-best-wireless-mice","https://www.pcmag.com/picks/the-best-wireless-mice","text/html; charset=UTF-8","403","Forbidden","Non-Indexable","Client Error","","0","0","","0","0","","0","0","","0","0","","0","","0","","0","","0","","0","","","","","","","","","","0","0","0","","","","","0.000","0","1","","0","0","0","0.000","0","0","0","0","0","0","","","","","","0.612","","","","","1.1","https://www.pcmag.com/picks/the-best-wireless-mice","2024-11-30 14:52:20"
"https://www.cherry.de/en-us/product/m68-pro-wireless","https://www.cherry.de/en-us/product/m68-pro-wireless","text/html; charset=utf-8","200","OK","Indexable","","CHERRY XTRFY M68 Pro Wireless | Fast symmetrical wireless gaming mouse - Cherry","79","752","","0","0","Discover the CHERRY XTRFY M68 Pro Wireless: Ultra-fast gaming mouse ✓ wireless ✓ unique symmetrical shape ✓ optimized for esports ✓ here!","137","881","","0","0","","0","CHERRY XTRFY M68 PRO WIRELESS","29","","0","Highlights","10","Ultra-fast symmetrical gaming wireless mouse","44","","noai,noimageai","","https://www.cherry.de/en-us/product/m68-pro-wireless","","","","","","71652","12322","893","160","5.581","79.528","Fairly Easy","10.291","0","2","","9","1","0","1.590","109","88","0","12","12","0","","","","","66ee59ee235ef5786ee6029ae9b4dccf","0.578","","","","","1.1","https://www.cherry.de/en-us/product/m68-pro-wireless","2024-11-30 14:52:11"
"https://www.logitech.com/en-us/products/mice.html","https://www.logitech.com/en-us/products/mice.html","text/html;charset=utf-8","200","OK","Indexable","","Computer Mice - Wireless Mouse, Bluetooth, Wired | Logitech","59","539","","0","0","Shop Wireless and Wired Mice. Visit Logitech to find the perfect wireless or wired computer mice to enhance your productivity or unleash your creativity.","153","941","","0","0","","0","Mice: Wireless, Wired, USB, Bluetooth","37","","0","Mice","4","KEYBOARDS & CONSOLE","19","","","","https://www.logitech.com/en-us/products/mice.html","","","","","","492989","46919","1073","306","3.507","79.490","Fairly Easy","1.998","0","2","","5","1","0","1.590","256","154","0","35","28","0","","","","","51d8294ecb62c472575739ad70cf0380","0.241","","","","","1.1","https://www.logitech.com/en-us/products/mice.html","2024-11-30 14:52:10"
"https://zowie.benq.eu/en-eu/mouse/ec2-cw.html","https://zowie.benq.eu/en-eu/mouse/ec2-cw.html","text/html; charset=UTF-8","200","OK","Indexable","","ZOWIE EC2-CW Wireless Ergonomic eSports Gaming Mouse | ZOWIE Europe","67","673","","0","0","Wireless EC2-CW(M)'s ergonomic shape featuring curvature at center height, well-rounded right side for comfort; enhanced receiver for stable performance.","153","962","","0","0","CW Version,Ergonomic,Matte,Wireless","35","ZOWIE EC2-CW Wireless Mouse For Esports","39","","0","Measurement","11","Specifications","14","","","","https://zowie.benq.eu/en-eu/mouse/ec2-cw.html","","","","","","253782","47515","1065","249","4.277","76.825","Fairly Easy","4.814","0","2","","28","1","0","1.590","202","72","0","5","5","0","","","","","561e68f3878bf79f16fd31c375c737ec","1.223","Sat, 30 Nov 2024 06:19:10 GMT","","","","1.1","https://zowie.benq.eu/en-eu/mouse/ec2-cw.html","2024-11-30 14:52:46"
"https://community.zoom.com/t5/Zoom-Meetings/My-wireless-mouse-is-erratic-during-Zoom-meetings/m-p/76880","https://community.zoom.com/t5/Zoom-Meetings/My-wireless-mouse-is-erratic-during-Zoom-meetings/m-p/76880","text/html;charset=UTF-8","200","OK","Indexable","","My wireless mouse is erratic during Zoom meetings - Zoom Community","66","629","","0","0","When i am in a Zoom meeting my wireless mouse behaves erratically. Windows 10 I have uninstalled and re-installed Zeeom I have replaced the batteries","149","946","","0","0","","0","","0","","0","Workplace","9","Business Services","17","","","","https://community.zoom.com/t5/Zoom-Meetings/My-wireless-mouse-is-erratic-during-Zoom-meetings/m-p/76880","","","","","","204370","41153","750","226","3.319","81.304","Easy","2.525","0","4","","8","1","0","1.590","140","112","0","71","52","0","","","","","2fc40238025dbdf1537bb19ec19639c4","1.392","","","","","1.1","https://community.zoom.com/t5/Zoom-Meetings/My-wireless-mouse-is-erratic-during-Zoom-meetings/m-p/76880","2024-11-30 14:52:47"
"https://www.youtube.com/watch?v=RY9qjmZU9GM","https://www.youtube.com/watch?v=RY9qjmZU9GM","text/html; charset=utf-8","200","OK","Indexable","","Microsoft Wireless Mouse 1850 Disassembly and Clean - YouTube","61","585","","0","0","This is just a quick video for anyone owning the Microsoft Wireless 1850 Mouse that needs cleaning. A short guide on how to open it up, clean and reassemble ...","160","999","","0","0","Microsoft Mouse, Microsoft Wireless Mouse 1850, Mouse Clean, Mouse Disassembly, How to open mouse","97","","0","","0","","0","","0","","","","https://www.youtube.com/watch?v=RY9qjmZU9GM","","","","","","919524","216587","32","3","10.667","100.000","Very Easy","0.017","0","0","","0","0","0","0.000","13","12","0","1","1","0","","","","","d135c7caaa08acb53a016764b6697713","0.453","","","","","1.1","https://www.youtube.com/watch?v=RY9qjmZU9GM","2024-11-30 14:52:09"
"https://www.reddit.com/r/pchelp/comments/17qjduq/my_wireless_mouses_usb_not_fitting/","https://www.reddit.com/r/pchelp/comments/17qjduq/my_wireless_mouses_usb_not_fitting/","text/html; charset=utf-8","302","Found","Non-Indexable","Redirected","","0","0","","0","0","","0","0","","0","0","","0","","0","","0","","0","","0","","","","","","","","","","406","406","0","","","","","0.000","0","5","","0","0","0","0.000","0","0","0","0","0","0","","","","","","1.394","","https://www.reddit.com/r/pchelp/comments/17qjduq/my_wireless_mouses_usb_not_fitting/?rdt=46514","HTTP Redirect","","1.1","https://www.reddit.com/r/pchelp/comments/17qjduq/my_wireless_mouses_usb_not_fitting/","2024-11-30 14:52:21"
"https://support.google.com/chromebook/thread/123920509/why-won-t-my-wireless-mouse-with-a-usb-piece-work-on-my-school-chromebook?hl=en","https://support.google.com/chromebook/thread/123920509/why-won-t-my-wireless-mouse-with-a-usb-piece-work-on-my-school-chromebook?hl=en","text/html; charset=UTF-8","200","OK","Indexable","","Why won't my wireless mouse with a USB piece work on my school Chromebook? - Chromebook Community","97","954","","0","0","","0","0","","0","0","","0","","0","","0","","0","","0","follow,index","","","https://support.google.com/chromebook/thread/123920509/why-won-t-my-wireless-mouse-with-a-usb-piece-work-on-my-school-chromebook?hl=en","","","","","","1556872","451942","73","34","2.147","96.878","Very Easy","0.041","0","3","","1","1","0","1.590","19","13","0","1","1","0","","","","","61095a7b880012e49e0c0c7a8d73293c","1.215","","","","","1.1","https://support.google.com/chromebook/thread/123920509/why-won-t-my-wireless-mouse-with-a-usb-piece-work-on-my-school-chromebook?hl=en","2024-11-30 14:52:22"
"https://discussions.apple.com/thread/255034601","https://discussions.apple.com/thread/255034601","text/html;charset=utf-8","200","OK","Indexable","","iMac cannot find my wireless mouse. I've … - Apple Community","60","553","","0","0","","0","0","","0","0","","0","iMac cannot find my wireless mouse. I've tried all suggestions from Apple and on Google. What else can I do?","108","","0","Similar questions","17","Apple Footer","12","","","","https://discussions.apple.com/thread/255034601","","","","","","163400","44826","1286","235","5.472","91.551","Very Easy","6.223","0","1","","3","1","0","1.590","74","53","0","0","0","0","","","","","79ee4e4f2481e392c70bb0cc4ec75756","0.984","Fri, 08 Nov 2024 10:41:20 GMT","","","","1.1","https://discussions.apple.com/thread/255034601","2024-11-30 14:52:09"
"https://www.facebook.com/marketplace/item/1022630805835696/","https://www.facebook.com/marketplace/item/1022630805835696/","text/html; charset=""utf-8""","200","OK","Indexable","","‏‎Kensington Ergonomic Vertical Wireless Mouse‎‏ - ‏‎Keyboards & Keypads‎‏ - ‏‎Los Angeles, California‎‏ | Facebook Marketplace","127","1059","","0","0","Barely used. Brand new one is 30","32","205","","0","0","","0","","0","","0","","0","","0","","","","","","","","","","838258","172258","0","","","","","0.000","0","3","","0","0","0","0.000","0","0","0","0","0","0","","","","","484ed45f0d7583e8beaafdf360acaa21","0.490","","","","","1.1","https://www.facebook.com/marketplace/item/1022630805835696/","2024-11-30 14:52:29"
"https://community.spiceworks.com/t/wireless-mouse-random-hesitation-lag-and-irritations-ja-ja-ja-jitters/745057","https://community.spiceworks.com/t/wireless-mouse-random-hesitation-lag-and-irritations-ja-ja-ja-jitters/745057","","403","Forbidden","Non-Indexable","Client Error","","0","0","","0","0","","0","0","","0","0","","0","","0","","0","","0","","0","","","","","","","","","","0","0","0","","","","","0.000","0","2","","0","0","0","0.000","0","0","0","0","0","0","","","","","","1.088","","","","","1.1","https://community.spiceworks.com/t/wireless-mouse-random-hesitation-lag-and-irritations-ja-ja-ja-jitters/745057","2024-11-30 14:52:25"
"https://www.nytimes.com/wirecutter/reviews/best-wireless-mouse/","https://www.nytimes.com/wirecutter/reviews/best-wireless-mouse/","text/html; charset=utf-8","200","OK","Indexable","","The 6 Best Wireless Mice of 2024 | Reviews by Wirecutter","56","505","","0","0","If you’re looking for a convenient, comfortable, and long-lasting wireless mouse, the Logitech M720 Triathlon Multi-Device is the best choice, assuming you’re right-handed.","172","1059","","0","0","","0","The Best Wireless Mouse","23","","0","The best wireless mouse","23","A fancier option","16","max-image-preview:large","","","https://www.nytimes.com/wirecutter/reviews/best-wireless-mouse/","","","","","","903845","112587","5505","847","6.499","78.863","Fairly Easy","5.661","0","3","","31","1","0","1.590","1146","920","0","33","24","0","","","","","4aab641e1a2546446ddc2e4a67c4dcf0","0.903","","","","","1.1","https://www.nytimes.com/wirecutter/reviews/best-wireless-mouse/","2024-11-30 14:52:43"
"https://www.bechtle.com/nl-en/shop/dell-wm126-wireless-mouse--4047420--p","https://www.bechtle.com/nl-en/shop/dell-wm126-wireless-mouse--4047420--p","text/html; charset=UTF-8","200","OK","Indexable","","Buy Dell WM126 Wireless Mouse (570-AAMH)","40","406","","0","0","Discover Dell WM126 Wireless Mouse now and enjoy easy B2B shopping at Bechtle.","78","521","","0","0","","0","Dell WM126 Wireless Mouse","25","","0","Description","11","Specifications","14","index, follow","","","https://www.bechtle.com/nl-en/shop/dell-wm126-wireless-mouse--4047420--p","","","","","","423139","65514","205","80","2.562","76.715","Fairly Easy","2.146","0","2","","0","0","0","0.000","281","269","0","4","4","0","","","","","2e3f2763c143ac5f286e214beab47dbf","1.369","","","","","1.1","https://www.bechtle.com/nl-en/shop/dell-wm126-wireless-mouse--4047420--p","2024-11-30 14:52:14"
"https://www.instacart.com/products/19962175-logitech-m325-black-wireless-mouse-each","https://www.instacart.com/products/19962175-logitech-m325-black-wireless-mouse-each","text/html; charset=UTF-8","403","Forbidden","Non-Indexable","Client Error","","0","0","","0","0","","0","0","","0","0","","0","","0","","0","","0","","0","","","","","","","","","","0","0","0","","","","","0.000","0","1","","0","0","0","0.000","0","0","0","0","0","0","","","","","","0.272","","","","","1.1","https://www.instacart.com/products/19962175-logitech-m325-black-wireless-mouse-each","2024-11-30 14:52:15"
"https://www.amazon.in/vdp/173ddd26bcbc4aacbcb6edfc07590678?ref=dp_vse_rvc_5","https://www.amazon.in/vdp/173ddd26bcbc4aacbcb6edfc07590678?ref=dp_vse_rvc_5","text/html;charset=UTF-8","200","OK","Non-Indexable","Canonicalised","Lenovo GO USB-C Wireless Mouse Product Tour","43","425","","0","0","Lenovo GO USB-C Wireless Mouse Product Tour","43","298","","0","0","Lenovo GO USB-C Wireless Mouse Product Tour","43","","0","","0","Customer Review: Lenovo GO USB-C Wireless Mouse Product Tour See full review","76","","0","","","","https://www.amazon.com/vdp/173ddd26bcbc4aacbcb6edfc07590678","","","","","","245917","84486","325","83","3.916","68.542","Normal","1.132","0","1","","3","1","0","1.590","69","66","0","13","13","0","","","","","d30bb1b9adbb9608fbfce7a8db85fae8","0.837","","","","","1.1","https://www.amazon.in/vdp/173ddd26bcbc4aacbcb6edfc07590678?ref=dp_vse_rvc_5","2024-11-30 14:52:11"
"https://www.thegoodguys.com.au/computers-tablets-and-gaming/software-and-accessories/computer-mice?page=3","https://www.thegoodguys.com.au/computers-tablets-and-gaming/software-and-accessories/computer-mice?page=3","text/html","403","Forbidden","Non-Indexable","Client Error","","0","0","","0","0","","0","0","","0","0","","0","","0","","0","","0","","0","","","","","","","","","","482","482","0","","","","","0.000","0","2","","0","0","0","0.000","0","0","0","0","0","0","","","","","","1.927","","","","","1.1","https://www.thegoodguys.com.au/computers-tablets-and-gaming/software-and-accessories/computer-mice?page=3","2024-11-30 14:52:20"
"https://www.mlbshop.com/detroit-tigers/detroit-tigers-team-logo-wireless-mouse/t-25994227+p-9323415868521+z-9-4171202203","https://www.mlbshop.com/detroit-tigers/detroit-tigers-team-logo-wireless-mouse/t-25994227+p-9323415868521+z-9-4171202203","text/html; charset=utf-8","200","OK","Indexable","","Detroit Tigers Team Logo Wireless Mouse","39","370","","0","0","","0","0","","0","0","","0","Detroit Tigers Team Logo Wireless Mouse","39","","0","","0","","0","","","","https://www.mlbshop.com/detroit-tigers/detroit-tigers-team-logo-wireless-mouse/t-25994227+p-9323415868521+z-9-4171202203","","","","","","138094","33701","399","162","2.463","95.352","Very Easy","1.812","0","2","","6","1","0","1.590","67","33","0","7","6","0","","","","","e5e8d3c1fbcbda5e6017d530eb7b9f76","1.214","","","","","1.1","https://www.mlbshop.com/detroit-tigers/detroit-tigers-team-logo-wireless-mouse/t-25994227+p-9323415868521+z-9-4171202203","2024-11-30 14:52:07"
"https://www.amazon.com/wireless-mouse/s?k=wireless+mouse","https://www.amazon.com/wireless-mouse/s?k=wireless+mouse","text/html;charset=UTF-8","200","OK","Indexable","","Amazon.com : wireless mouse","27","271","","0","0","","0","0","","0","0","","0","1-16 of over 20,000 results for ""wireless mouse"" Sort by: Featured Price: Low to High Price: High to Low Avg. Customer Review Newest Arrivals Best Sellers Sort by:Featured Go","174","","0","Results","7","Logitech M185 Wireless Mouse, 2.4GHz with USB Mini Receiver, 12-Month Battery Life, 1000 DPI Optical Tracking, Ambidextrous PC/Mac/Laptop - Swift Grey","150","","","","","","","","","","770103","143591","2917","807","3.615","69.291","Normal","2.504","0","1","","19","1","0","1.590","363","288","0","24","24","0","","","","","9f192f64694669638e312eb5ee76015e","0.729","","","","","1.1","https://www.amazon.com/wireless-mouse/s?k=wireless+mouse","2024-11-30 14:52:43"
"https://www.asus.com/accessories/mice-and-mouse-pads/asus-mouse-and-mouse-pad/asus-wireless-mouse-md102/","https://www.asus.com/accessories/mice-and-mouse-pads/asus-mouse-and-mouse-pad/asus-wireless-mouse-md102/","text/html; charset=utf-8","200","OK","Indexable","","ASUS Wireless Mouse MD102｜Mice and Mouse Pads｜ASUS Global","57","589","","0","0","ASUS wired and wireless mouse features advanced tracking technology with high resolutions. Most even equiped with silent mouse click design means you can use it in quiet environments. With different types of ergonomic and ambidextrous shape are friendly to both right and left-handed users. While mousepad features durable, smooth textile-surface offers optimized for all sensitivity settings and sensors","404","2533","","0","0","","0","ASUS Wireless Mouse MD102","25","ASUS Wireless Mouse MD102","25","ASUS Wireless Mouse MD102","25","Design","6","","","","https://www.asus.com/accessories/mice-and-mouse-pads/asus-mouse-and-mouse-pad/asus-wireless-mouse-md102/","","","","","","278692","55304","461","139","3.317","55.006","Fairly Hard","1.267","0","4","","5","1","0","1.590","75","65","0","9","9","0","","","","","cdbe21dd32e63dfcb9522512c466cfa2","1.101","Fri, 29 Nov 2024 11:15:28 GMT","","","","1.1","https://www.asus.com/accessories/mice-and-mouse-pads/asus-mouse-and-mouse-pad/asus-wireless-mouse-md102/","2024-11-30 14:52:23"
"https://www.dell.com/en-us/shop/dell-wireless-mouse-wm126-black/apd/570-aalk/pc-accessories","https://www.dell.com/en-us/shop/dell-wireless-mouse-wm126-black/apd/570-aalk/pc-accessories","text/html","403","Forbidden","Non-Indexable","Client Error","","0","0","","0","0","","0","0","","0","0","","0","","0","","0","","0","","0","","","","","","","","","","484","484","0","","","","","0.000","0","5","","0","0","0","0.000","0","0","0","0","0","0","","","","","","0.630","","","","","1.1","https://www.dell.com/en-us/shop/dell-wireless-mouse-wm126-black/apd/570-aalk/pc-accessories","2024-11-30 14:52:33"
"https://answers.microsoft.com/en-us/windows/forum/all/my-wireless-mouse-has-stopped-working/5e200193-7c42-458b-b4cc-316837fae1d3","https://answers.microsoft.com/en-us/windows/forum/all/my-wireless-mouse-has-stopped-working/5e200193-7c42-458b-b4cc-316837fae1d3","text/html; charset=utf-8","302","Found","Non-Indexable","Redirected","","0","0","","0","0","","0","0","","0","0","","0","","0","","0","","0","","0","","","","","","","","","","0","0","0","","","","","0.000","0","5","","0","0","0","0.000","0","0","0","0","0","0","","","","","","1.023","","https://answers.microsoft.com/en-us/site/silentsignin?returnUrl=https%3A%2F%2Fanswers.microsoft.com%2Fen-us%2Fwindows%2Fforum%2Fall%2Fmy-wireless-mouse-has-stopped-working%2F5e200193-7c42-458b-b4cc-316837fae1d3","HTTP Redirect","","1.1","https://answers.microsoft.com/en-us/windows/forum/all/my-wireless-mouse-has-stopped-working/5e200193-7c42-458b-b4cc-316837fae1d3","2024-11-30 14:52:41"
"https://www.askwoody.com/forums/topic/logitech-wireless-mouse-lag-on-windows-10/","https://www.askwoody.com/forums/topic/logitech-wireless-mouse-lag-on-windows-10/","text/html; charset=UTF-8","200","OK","Indexable","","Topic: Logitech Wireless Mouse Lag on Windows 10  @  AskWoody","61","583","","0","0","","0","0","","0","0","","0","Insert/edit link","16","","0","Logitech Wireless Mouse Lag on Windows 10","41","","0","max-image-preview:large","","","https://www.askwoody.com/forums/topic/logitech-wireless-mouse-lag-on-windows-10/","","","","","","256498","55566","3570","698","5.115","85.858","Easy","7.978","0","3","","56","1","0","1.590","258","160","0","14","14","0","","","","","9212badfaad355ccbd94ac81c9a1e2","11.724","","","","","1.1","https://www.askwoody.com/forums/topic/logitech-wireless-mouse-lag-on-windows-10/","2024-11-30 14:52:29"
"https://community.spiceworks.com/t/ethernet-killing-wireless-mouse/567138","https://community.spiceworks.com/t/ethernet-killing-wireless-mouse/567138","","403","Forbidden","Non-Indexable","Client Error","","0","0","","0","0","","0","0","","0","0","","0","","0","","0","","0","","0","","","","","","","","","","0","0","0","","","","","0.000","0","2","","0","0","0","0.000","0","0","0","0","0","0","","","","","","0.460","","","","","1.1","https://community.spiceworks.com/t/ethernet-killing-wireless-mouse/567138","2024-11-30 14:52:39"
"https://bookstore.unm.edu/p-197520-logitec-pebble-wireless-mouse-350-graphite.aspx","https://bookstore.unm.edu/p-197520-logitec-pebble-wireless-mouse-350-graphite.aspx","text/html; charset=utf-8","200","OK","Indexable","","UNM Bookstore - Logitec Pebble Wireless Mouse 350 Graphite","58","550","","0","0","Logitec Pebble Wireless Mouse 350 Graphite","42","278","","0","0","Logitec Pebble Wireless Mouse 350 Graphite","42","Logitec Pebble Wireless Mouse 350 Graphite","42","","0","Customer Reviews","16","Shopping Cart: 0 Items","22","","","","","","","","","","61257","61257","199","60","3.317","84.859","Easy","3.573","0","0","","16","1","0","1.590","73","48","0","12","10","0","","","","","6f5e5cbd4c1ae4bbbd0c12e69430e61f","3.340","","","","","1.1","https://bookstore.unm.edu/p-197520-logitec-pebble-wireless-mouse-350-graphite.aspx","2024-11-30 14:52:16"
"https://superuser.com/questions/799539/logitech-m185-wireless-mouse-works-fine-on-one-pc-but-not-another","https://superuser.com/questions/799539/logitech-m185-wireless-mouse-works-fine-on-one-pc-but-not-another","text/html; charset=utf-8","200","OK","Indexable","","windows 7 - Logitech M185 Wireless Mouse works fine on one PC but not another? - Super User","91","843","","0","0","","0","0","","0","0","","0","Logitech M185 Wireless Mouse works fine on one PC but not another?","66","Subscribe to RSS","16","3 Answers 3","11","You must log in to answer this question.","40","","","","https://superuser.com/questions/799539/logitech-m185-wireless-mouse-works-fine-on-one-pc-but-not-another","","","","","","166344","36957","1065","191","5.576","92.427","Very Easy","4.766","0","2","","14","1","0","1.590","92","57","0","69","56","0","","","","","1abccacfca1182afad9376bcbab43835","0.366","Sun, 17 Nov 2024 15:34:42 GMT","","","","1.1","https://superuser.com/questions/799539/logitech-m185-wireless-mouse-works-fine-on-one-pc-but-not-another","2024-11-30 14:52:43"
"https://higround.co/collections/yuma-mouse","https://higround.co/collections/yuma-mouse","text/html; charset=utf-8","200","OK","Indexable","","Yuma Wireless Gaming Mouse - Higround","37","367","","0","0","Introducing Yuma, Higround's first-ever gaming mouse. Lightweight, sleek, and designed for performance. Available now.","118","749","","0","0","","0","Yuma Mouse","10","Yuma Mouse","10","Your Bag","8","Filter","6","","","","https://higround.co/collections/yuma-mouse","","","","","","348470","63414","637","218","2.922","100.000","Very Easy","1.283","0","1","","7","1","0","1.590","162","60","0","3","3","0","","","","","1461d49786834a0ed3b533e09fb99247","1.429","","","","","1.1","https://higround.co/collections/yuma-mouse","2024-11-30 14:52:07"
"https://carleton.ca/tls/equipment-options/wireless-mouse/","https://carleton.ca/tls/equipment-options/wireless-mouse/","text/html; charset=UTF-8","200","OK","Indexable","","Wireless Mouse Archives - Teaching and Learning Services","56","520","","0","0","","0","0","","0","0","","0","Our Rooms","9","","0","Teaching and Learning Services","30","Rooms: Wireless Mouse","21","index, follow, max-image-preview:large, max-snippet:-1, max-video-preview:-1","","","https://carleton.ca/tls/equipment-options/wireless-mouse/","","","","","","313327","45554","494","173","2.855","100.000","Very Easy","2.782","0","3","","4","1","0","1.590","342","244","0","4","2","0","","","","","79d1daba1ed997a6d1a664c77003008c","2.592","","","","","1.1","https://carleton.ca/tls/equipment-options/wireless-mouse/","2024-11-30 14:52:17"
"https://www.facebook.com/marketplace/item/3262170467248387/","https://www.facebook.com/marketplace/item/3262170467248387/","text/html; charset=""utf-8""","200","OK","Indexable","","‏‎Logitech MX Wireless Mouse‎‏ - ‏‎Keyboards & Keypads‎‏ - ‏‎Henderson, Nevada‎‏ | Facebook Marketplace","103","868","","0","0","Logitech MX Master Wireless High Precision Ergonomic Mouse","58","392","","0","0","","0","","0","","0","","0","","0","","","","","","","","","","838831","172428","0","","","","","0.000","0","3","","0","0","0","0.000","0","0","0","0","0","0","","","","","60b6816d686cee1441cc272520762ef2","0.682","","","","","1.1","https://www.facebook.com/marketplace/item/3262170467248387/","2024-11-30 14:52:47"
"https://support.plugable.com/t/plugable-tbt4-ud5-front-usb-5gbps-ports-no-longer-recognizing-wireless-mouse-and-wired-keyboard/24130","https://support.plugable.com/t/plugable-tbt4-ud5-front-usb-5gbps-ports-no-longer-recognizing-wireless-mouse-and-wired-keyboard/24130","","403","Forbidden","Non-Indexable","Client Error","","0","0","","0","0","","0","0","","0","0","","0","","0","","0","","0","","0","","","","","","","","","","0","0","0","","","","","0.000","0","2","","0","0","0","0.000","0","0","0","0","0","0","","","","","","1.778","","","","","1.1","https://support.plugable.com/t/plugable-tbt4-ud5-front-usb-5gbps-ports-no-longer-recognizing-wireless-mouse-and-wired-keyboard/24130","2024-11-30 14:52:25"
