"Original Url","Address","Content Type","Status Code","Status","Indexability","Indexability Status","Title 1","Title 1 Length","Title 1 Pixel Width","Title 2","Title 2 Length","Title 2 Pixel Width","Meta Description 1","Meta Description 1 Length","Meta Description 1 Pixel Width","Meta Description 2","Meta Description 2 Length","Meta Description 2 Pixel Width","Meta Keywords 1","Meta Keywords 1 Length","H1-1","H1-1 Length","H1-2","H1-2 Length","H2-1","H2-1 Length","H2-2","H2-2 Length","Meta Robots 1","X-Robots-Tag 1","Meta Refresh 1","Canonical Link Element 1","Canonical Link Element 2","rel=""next"" 1","rel=""prev"" 1","HTTP rel=""next"" 1","HTTP rel=""prev"" 1","amphtml Link Element","Size (bytes)","Transferred (bytes)","Word Count","Sentence Count","Average Words Per Sentence","Flesch Reading Ease Score","Readability","Text Ratio","Crawl Depth","Folder Depth","Link Score","Inlinks","Unique Inlinks","Unique JS Inlinks","% of Total","Outlinks","Unique Outlinks","Unique JS Outlinks","External Outlinks","Unique External Outlinks","Unique External JS Outlinks","Closest Similarity Match","No. Near Duplicates","Spelling Errors","Grammar Errors","Hash","Response Time","Last Modified","Redirect URL","Redirect Type","Cookies","HTTP Version","URL Encoded Address","Crawl Timestamp"
"https://www.youmustcreate.com/collections/jewellery","https://www.youmustcreate.com/collections/jewellery","text/html; charset=utf-8","200","OK","Indexable","","Women's Jewellery | YMC | You Must Create","41","389","","0","0","Discover a selection of unisex jewellery featuring hand finished rings, necklaces and pendants. Shop YMC jewellery for men and women at youmustcreate.com","153","982","","0","0","","0","Women's Jewellery (15)","22","","0","","0","","0","","","","https://www.youmustcreate.com/collections/jewellery","","","","","","","223138","37030","279","141","1.979","78.685","Fairly Easy","5.368","0","1","","5","1","0","1.230","120","92","0","4","3","0","","","","","ab6908f293be3b66db84d2242d8e1499","0.747","","","","","1.1","https://www.youmustcreate.com/collections/jewellery","2024-11-30 15:20:59"
"https://www.watchrepublic.co.za/jewellery/womens-jewellery","https://www.watchrepublic.co.za/jewellery/womens-jewellery","text/html; charset=UTF-8","200","OK","Indexable","","Women's jewellery - Jewellery","29","263","","0","0","","0","0","","0","0","","0","Women's jewellery","17","","0","Best Sellers","12","","0","INDEX,FOLLOW","","","https://www.watchrepublic.co.za/jewellery/womens-jewellery","","https://www.watchrepublic.co.za/jewellery/womens-jewellery?p=2","","","","","647486","47525","1024","500","2.048","100.000","Very Easy","2.548","0","1","","45","1","0","1.230","909","307","0","5","3","0","","","","","86314976242e24e82c524260990fdd02","2.259","","","","","1.1","https://www.watchrepublic.co.za/jewellery/womens-jewellery","2024-11-30 15:20:53"
"https://www.indieandharper.com/","https://www.indieandharper.com/","text/html; charset=utf-8","200","OK","Indexable","","Australian Online Women’s Jewellery","35","327","","0","0","Australian Online Bohemian Women's Jewellery Store with one of the world's largest collections! Explore our Rings, Earrings, Bracelets, Necklaces and Anklets made with 925 Sterling Silver, Gold, Rose Gold, Moonstones, Opals, Turquoise, Birthstones and more.","257","1603","","0","0","","0","","0","","0","Language","8","Currency","8","","","","https://www.indieandharper.com/","","","","","","","3734813","235471","2986","1056","2.828","92.733","Very Easy","0.645","0","0","","127","1","0","1.230","885","228","0","5","5","0","","","","","b78ad18dc0a87d1430310456c3dc2ac8","0.584","","","","","1.1","https://www.indieandharper.com/","2024-11-30 15:21:03"
"https://www.giovanniraspini.com/row/jewellery/woman","https://www.giovanniraspini.com/row/jewellery/woman","text/html;charset=UTF-8","200","OK","Indexable","","Women’s Sterling Silver Jewellery | Giovanni Raspini","52","458","","0","0","Discover women’s silver jewellery by Giovanni Raspini. Fine Made in Italy craftsmanship and quality, made precious with sterling silver.","136","830","","0","0","Women’s Sterling Silver Jewellery | Giovanni Raspini","52","Women's Jewellery","17","","0","Collections","11","Jewellery","9","","","","https://www.giovanniraspini.com/row/jewellery/woman","","","","","","","194775","23437","616","191","3.225","100.000","Very Easy","2.961","0","2","","5","1","0","1.230","328","260","0","5","5","0","","","","","579e5577a78af11ea0e37a0c19565093","1.785","","","","","1.1","https://www.giovanniraspini.com/row/jewellery/woman","2024-11-30 15:21:04"
"https://www.katespadeoutlet.com/shop/jewelry/view-all","https://www.katespadeoutlet.com/shop/jewelry/view-all","text/html; charset=utf-8","200","OK","Indexable","","Designer Jewelry Deals for Women | Kate Spade Outlet","52","483","","0","0","Enjoy jewelry deals & discounts on women's necklaces, bracelets, earrings and more jewelry from kate spade outlet. Plus, free ground shipping on all orders over $50 to the U.S.","176","1087","","0","0","","0","all jewelry","11","","0","Shop By Category","16","COLOR","5","index, follow,max-image-preview:large","","","https://www.katespadeoutlet.com/shop/jewelry/view-all","","https://www.katespadeoutlet.com/shop/jewelry/view-all?fbclid=IwZXh0bgNhZW0CMTEAAR3k5_K8M2Q8NAA-vZVU9yBbZc-7xRYYRvJY_DcCoocfGXDzB6sIUn9y55o_aem_iFIUHhODRwJ777JjDqDCng&page=2&startFrom=2","","","","","675771","90273","501","121","4.140","71.426","Fairly Easy","0.485","0","2","","3","1","0","1.230","44","31","0","0","0","0","","","","","d783c75786a2677bcd8d97b107720417","1.841","Sat, 30 Nov 2024 08:42:17 GMT","","","","1.1","https://www.katespadeoutlet.com/shop/jewelry/view-all","2024-11-30 15:21:26"
"https://www.dsquared2.com/us/women/accessories/jewellery","https://www.dsquared2.com/us/women/accessories/jewellery","text/html;charset=UTF-8","200","OK","Indexable","","Women's Jewellery: Earrings, Rings, Necklaces | DSQUARED2","57","539","","0","0","Discover our DSQUARED Jewels: Earrings, Rings, Necklaces and Bracelets to match your outfit. Shop now Online!","109","699","","0","0","","0","Jewellery","9","","0","Filter By:","10","46 products found","17","index,follow","","","https://www.dsquared2.com/us/women/accessories/jewellery","","https://www.dsquared2.com/us/women/accessories/jewellery?start=24&sz=24","","","","","934211","66679","517","195","2.651","100.000","Very Easy","0.772","0","3","","9","1","0","1.230","312","238","0","8","8","0","","","","","4575f09db8b6c6753269716ef3eee6b8","2.297","","","","","1.1","https://www.dsquared2.com/us/women/accessories/jewellery","2024-11-30 15:20:51"
"https://int.glamira.com/women/","https://int.glamira.com/women/","text/html; charset=UTF-8","200","OK","Indexable","","Buy women jewellery & diamond rings | GLAMIRA Jewelry","53","507","","0","0","Buy high-end diamond jewellery for women at GLAMIRA ✓Wide selection of women's jewellery ✓Unique designs ☆Customize with your favourite gemstone.","145","949","","0","0","","0","Women’s Jewellery","17","","0","Shop Jewellery by Category","26","Rings","5","INDEX,FOLLOW","","","https://int.glamira.com/women/","","","","","","","186011","30545","1198","217","5.521","56.536","Fairly Hard","4.471","0","1","","9","1","0","1.230","140","69","0","6","6","0","","","","","9bba48a4e8f277ca2587ae47f3bea19a","0.866","Thu, 28 Nov 2024 04:20:34 GMT","","","","1.1","https://int.glamira.com/women/","2024-11-30 15:21:30"
"https://www.versace.com/gb/en/women/fashion-jewellery/","https://www.versace.com/gb/en/women/fashion-jewellery/","text/html;charset=UTF-8","200","OK","Indexable","","Versace Fashion Jewellery for Women","35","339","","0","0","Discover now the designer products of the category Women's Luxury Jewellery by Versace and buy online!","102","657","","0","0","","0","Women's Fashion Jewellery","25","","0","CONFIRMATION","12","VERSACE","7","INDEX,FOLLOW","","","https://www.versace.com/gb/en/women/fashion-jewellery/","","https://www.versace.com/gb/en/women/fashion-jewellery/?page=2","","","","","479871","38678","537","156","3.442","82.349","Easy","1.336","0","4","","9","1","0","1.230","167","49","0","0","0","0","","","","","3db67d65484999ef7527f216cb21dfc9","4.840","","","","","1.1","https://www.versace.com/gb/en/women/fashion-jewellery/","2024-11-30 15:21:28"
"https://www.kendrascott.com/","https://www.kendrascott.com/","text/html;charset=UTF-8","200","OK","Indexable","","Kendra Scott Official | Jewelry, Personalized Gifts & Watches","61","535","","0","0","Find limited-edition jewelry for every look with simple pendant necklaces, huggie earrings, band rings, and more.","113","691","","0","0","Commerce Cloud Storefront Reference Architecture","48","","0","Top Categories On Sale","22","Holiday Deals","13","Bestsellers On Sale","19","","","","https://www.kendrascott.com/","","","","","","","383806","42608","516","124","4.161","75.055","Fairly Easy","2.706","0","0","","11","1","0","1.230","535","196","0","7","7","0","","","","","2a679667317f1fb9dc77b2c6e505c67","0.937","","","","","1.1","https://www.kendrascott.com/","2024-11-30 15:20:52"
"https://superette.co.nz/collections/womens-jewellery","https://superette.co.nz/collections/womens-jewellery","text/html; charset=utf-8","200","OK","Indexable","","Superette | Women's Jewellery","29","271","","0","0","Superette's jewellery collection caters to all tastes, featuring gold and silver pendant and charm necklaces, a wide range of earrings, and an assortment of bracelets and rings. Free shipping on orders over $100.","212","1293","","0","0","","0","","0","","0","","0","","0","","","","https://superette.co.nz/collections/womens-jewellery","","","","","","","242703","34778","7","2","3.500","70.340","Fairly Easy","0.423","0","1","","1","1","0","1.230","86","84","0","0","0","0","","","","","15c75980e58a6683af2d05e057eb4502","0.728","","","","","1.1","https://superette.co.nz/collections/womens-jewellery","2024-11-30 15:21:27"
"https://www.ajio.com/women-fashion-jewellery/c/830305","https://www.ajio.com/women-fashion-jewellery/c/830305","text/html; charset=utf-8","200","OK","Indexable","","Women's Fashion Jewellery Online: Low Price Offer on Fashion Jewellery for Women - AJIO","87","806","","0","0","Buy Fashion Jewellery for Women. Huge Collection of Women's Fashion Jewellery. Avail low price offers and discounts. Order Now. COD, Easy Returns and Exchange.","159","1029","","0","0","","0","","0","","0","","0","","0","index,follow","","","https://www.ajio.com/women-fashion-jewellery/c/830305","","","","","","","786600","124744","1547","297","5.209","73.636","Fairly Easy","1.227","0","2","","1","1","0","1.230","546","517","0","5","5","0","","","","","d330cfa63b4a54e5c96522802c8eba33","0.966","","","","","1.1","https://www.ajio.com/women-fashion-jewellery/c/830305","2024-11-30 15:21:31"
"https://www.asos.com/women/jewellery/cat/?cid=4175","https://www.asos.com/women/jewellery/cat/?cid=4175","text/html; charset=utf-8","200","OK","Indexable","","Shop Women's Jewellery Online Now | ASOS","40","393","","0","0","Discover our full range of women's jewellery on ASOS. Shop designer brands from our necklaces, bracelets, earrings, rings, to women watches now at ASOS.","152","964","","0","0","","0","Women's Jewellery","17","","0","Shop by product","15","Shop by price","13","","","","https://www.asos.com/women/jewellery/cat/?cid=4175","","https://www.asos.com/women/jewellery/cat/?cid=4175&page=2","","","","","582549","73315","1347","382","3.526","91.649","Very Easy","3.362","0","3","","2","1","0","1.230","799","707","0","15","11","0","","","","","9bb3b17dab9543fbcbd1cbcd40399cc5","1.662","","","","","1.1","https://www.asos.com/women/jewellery/cat/?cid=4175","2024-11-30 15:21:11"
"https://www.georgjensen.com/europe/jewellery/womens-jewellery","https://www.georgjensen.com/europe/jewellery/womens-jewellery","text/html;charset=UTF-8","200","OK","Indexable","","Women's Jewellery | Scandinavian Design | Georg Jensen","54","507","","0","0","Georg Jensen offers beautiful Scandinavian Jewellery for Women. Explore our unique range of necklaces, bracelets, rings and earrings.","133","834","","0","0","","0","","0","","0","For Her","7","Refine Your Results By:","23","index,follow","","","https://www.georgjensen.com/europe/jewellery/womens-jewellery","","https://www.georgjensen.com/europe/jewellery/womens-jewellery?start=36&sz=36","","","","","446202","49314","1459","483","3.021","100.000","Very Easy","3.237","0","2","","11","1","0","1.230","463","403","0","8","8","0","","","","","7bcfb1f01b6c0da11e92edb5c5ba6073","1.405","","","","","1.1","https://www.georgjensen.com/europe/jewellery/womens-jewellery","2024-11-30 15:21:22"
"https://www.accessorize.com/row/jewellery/","https://www.accessorize.com/row/jewellery/","text/html;charset=UTF-8","200","OK","Indexable","","Jewellery | Affordable Women’s Jewellery | Accessorize UK","57","520","","0","0","Discover new and trending women's jewellery at Accessorize, with silver jewellery, gold jewellery and pearl jewellery for every outfit.","135","809","","0","0","","0","ABC's OF JEWELLERY STACKING","27","","0","","0","","0","","","","https://www.accessorize.com/row/jewellery/","","https://www.accessorize.com/row/jewellery/?start=40","","","","","246107","30094","167","51","3.275","66.226","Normal","1.351","0","2","","4","1","0","1.230","137","105","0","7","7","0","","","","","e5de5d8d9dc39d3e172fdd9cc7cc9c74","1.217","","","","","1.1","https://www.accessorize.com/row/jewellery/","2024-11-30 15:21:29"
"https://www.broraonline.com/accessories/jewellery","https://www.broraonline.com/accessories/jewellery","text/html; charset=UTF-8","200","OK","Indexable","","Women's Jewellery | Necklaces, Earrings & Brooches | Brora","58","527","","0","0","Discover our latest collection of women's jewellery at Brora. Gold earrings, beaded necklaces and precious gems, our elegant jewellery is the ideal present.","156","953","","0","0","","0","","0","","0","","0","","0","INDEX,FOLLOW","","","https://www.broraonline.com/accessories/jewellery","","","","","","","111188","24059","0","","","","","0.000","0","1","","0","0","0","0.000","0","0","0","0","0","0","","","","","b7d4f5bca94cbc25cfa92c93ff4caa2f","1.649","","","","","1.1","https://www.broraonline.com/accessories/jewellery","2024-11-30 15:21:02"
"https://en.arthusbertrand.com/bijoux-femme","https://en.arthusbertrand.com/bijoux-femme","text/html; charset=UTF-8","301","Moved Permanently","Non-Indexable","Redirected","","0","0","","0","0","","0","0","","0","0","","0","","0","","0","","0","","0","","","","","","","","","","","20","20","0","","","","","0.000","0","0","","0","0","0","0.000","0","0","0","0","0","0","","","","","","2.764","","https://en.arthusbertrand.com/womens-jewellery","HTTP Redirect","","1.1","https://en.arthusbertrand.com/bijoux-femme","2024-11-30 15:20:57"
"https://bydeeaus.com/collections/jewellery","https://bydeeaus.com/collections/jewellery","text/html; charset=utf-8","200","OK","Indexable","","Women's Jewellery - Shop Online | Bydee","39","361","","0","0","Shop women's jewellery at Bydee. Explore a range of earrings, necklaces, waist chains and more. Free express shipping on orders over $150.","138","869","","0","0","","0","Jewellery","9","","0","Discover Bydee Jewellery","24","Shop Women’s Jewellery Online","29","","","","https://bydeeaus.com/collections/jewellery","","","","","","","647987","102640","1762","417","4.225","80.400","Easy","1.978","0","1","","6","1","0","1.230","333","139","0","5","5","0","","","","","b3db907749d230ce0ec4d4d5aa29a614","0.927","","","","","1.1","https://bydeeaus.com/collections/jewellery","2024-11-30 15:21:22"
"https://www.wallacebishop.com.au/collections/womens-jewellery","https://www.wallacebishop.com.au/collections/womens-jewellery","text/html; charset=utf-8","200","OK","Indexable","","Women's Jewellery - Rings, Earrings & More | Shop Online Australia","66","589","","0","0","Explore a wide range of exquisite Women's Jewellery at Wallace Bishop. Discover stunning pieces including rings, earrings, necklaces, bracelets, and more. Enhance your style and express your individuality with our elegant collection. Find the perfect accessory to complete your look. Shop Women's Jewellery now at Wallace Bishop.","329","2053","","0","0","","0","Women's Jewellery","17","","0","Frequently Asked Jewellery Questions","36","","0","","","","https://www.wallacebishop.com.au/collections/womens-jewellery","","","","","","","609766","95483","2326","583","3.990","76.213","Fairly Easy","2.872","0","1","","4","1","0","1.230","448","229","0","5","5","0","","","","","74e0098086cf2abf0b09408501a5df8f","0.673","","","","","1.1","https://www.wallacebishop.com.au/collections/womens-jewellery","2024-11-30 15:20:59"
"https://www.gucci.com/pt/en_gb/ca/women/accessories-for-women/jewellery-watches-for-women-c-women-jewelry","https://www.gucci.com/pt/en_gb/ca/women/accessories-for-women/jewellery-watches-for-women-c-women-jewelry","text/html;charset=UTF-8","200","OK","Indexable","","Women's Designer Jewellery & Watches  | GUCCI® PT","49","471","","0","0","Discover the collection of luxury jewellery and watches for women at GUCCI. Discover women's fashion jewellery in GG motifs. Enjoy Complimentary Delivery.","154","971","","0","0","","0","Women's Jewellery","17","Watches","7","Gold Jewellery","14","Silver Jewellery","16","","","","https://www.gucci.com/pt/en_gb/ca/women/accessories-for-women/jewellery-watches-for-women-c-women-jewelry","","","","","","","919889","224143","1756","650","2.702","99.114","Very Easy","1.711","0","5","","4","1","0","1.230","488","315","0","5","5","0","","","","","838d5813e018223ac24b5041295b9501","1.223","","","","","1.1","https://www.gucci.com/pt/en_gb/ca/women/accessories-for-women/jewellery-watches-for-women-c-women-jewelry","2024-11-30 15:21:09"
"https://www.bottegaveneta.com/en-us/women/jewellery","https://www.bottegaveneta.com/en-us/women/jewellery","text/html;charset=UTF-8","200","OK","Indexable","","Women's Designer Gold & Silver Jewelry | Bottega Veneta® US","59","551","","0","0","Discover women's designer jewelry at Bottega Veneta, featuring timeless pieces in meticulous designs. Complimentary express delivery and gift wrapping.","151","954","","0","0","Bottega Veneta","14","Jewellery","9","","0","","0","New","3","index,follow,archive","","","https://www.bottegaveneta.com/en-us/women/jewellery","","https://www.bottegaveneta.com/en-us/women/jewellery?prefn1=akeneo_employeesSalesVisible&prefv1=false&prefn2=akeneo_markDownInto&prefv2=no_season&prefn3=countryInclusion&prefv3=US&start=14&sz=16","","","","","700770","56776","787","219","3.594","97.303","Very Easy","1.601","0","2","","3","1","0","1.230","520","314","0","2","2","0","","","","","20552a4a660be36c774047fbcc48533e","1.473","","","","","1.1","https://www.bottegaveneta.com/en-us/women/jewellery","2024-11-30 15:20:46"
"https://outhouse-jewellery.com/collections/womens-jewellery","https://outhouse-jewellery.com/collections/womens-jewellery","text/html; charset=utf-8","200","OK","Indexable","","Jewellery for Women and Girls | Latest Jewellery Designs","56","503","","0","0","Buy exquisite jewellery for women and girls. Explore our latest jewellery designs to elevate every style. Order the perfect women's jewellery at Outhouse.","154","936","","0","0","","0","Women Jewellery","15","","0","Frequently Asked Questions","26","About Women Jewellery","21","INDEX,FOLLOW,MAX-SNIPPET:-1,MAX-IMAGE-PREVIEW:LARGE","","","https://outhouse-jewellery.com/collections/womens-jewellery","","https://outhouse-jewellery.com/collections/womens-jewellery?page=2","","","","","1090106","130884","3194","844","3.784","91.933","Very Easy","2.106","0","1","","39","1","0","1.230","583","162","0","8","5","0","","","","","420067b99c2f2cc60a0312e3a594795e","0.613","","","","","1.1","https://outhouse-jewellery.com/collections/womens-jewellery","2024-11-30 15:20:49"
"https://www.monsoonlondon.com/row/womens/shoes-accessories/jewellery/","https://www.monsoonlondon.com/row/womens/shoes-accessories/jewellery/","text/html;charset=UTF-8","200","OK","Indexable","","Women's Jewellery | Layered Necklaces & Statement Earrings | Monsoon Global","75","702","","0","0","Jewellery & Hair at Monsoon. For beautifully crafted Jewellery & Hair with contemporary design, visit Monsoon Global.","117","729","","0","0","","0","Jewellery & Hair","16","","0","","0","","0","","","","https://www.monsoonlondon.com/row/womens/shoes-accessories/jewellery/","","https://www.monsoonlondon.com/row/womens/shoes-accessories/jewellery/?start=40","","","","","1016977","71902","189","51","3.706","77.740","Fairly Easy","1.147","0","4","","3","1","0","1.230","452","333","0","14","9","0","","","","","8139b063322340c0f619d9153069453d","3.307","","","","","1.1","https://www.monsoonlondon.com/row/womens/shoes-accessories/jewellery/","2024-11-30 15:21:15"
"https://www.hsamuel.co.uk/l/womens-jewellery","https://www.hsamuel.co.uk/l/womens-jewellery","text/html; charset=utf-8","200","OK","Indexable","","Women's Jewellery - H.Samuel","28","271","","0","0","Explore a stunning range of women's jewellery at H.Samuel and find a variety of styles to suit you. From necklaces, to bracelets, earrings and more, shop now.","158","974","","0","0","Womens Jewellery","16","Womens Jewellery","16","Shop All Jewellery","18","Filters","7","Filters","7","","","","https://www.hsamuel.co.uk/l/womens-jewellery","","","","","","","1015453","96052","1828","656","2.787","69.100","Normal","2.017","0","1","","2","1","0","1.230","618","260","0","0","0","0","","","","","e59c5abdc91093857cea43aa6e9801b2","2.434","","","","","1.1","https://www.hsamuel.co.uk/l/womens-jewellery","2024-11-30 15:20:57"
"https://shaunleane.com/collections/women","https://shaunleane.com/collections/women","text/html; charset=utf-8","200","OK","Indexable","","Women's Jewellery

    

    

    
      – Shaun Leane","55","309","","0","0","Explore our diverse collections of elegant contemporary jewellery from our iconic hook earrings, bold bracelets and bangles through to luxurious diamond studded fine jewellery, for sophisticated jewels with an edge","214","1324","","0","0","","0","Women's Jewellery","17","","0","Your Shopping Bag","17","Blackthorn Pearl Leaf Pendant","29","","","","https://shaunleane.com/collections/women","","https://shaunleane.com/collections/women?page=2","","","","","230598","44049","1143","347","3.294","97.945","Very Easy","3.293","0","1","","2","1","0","1.230","286","111","0","4","4","0","","","","","5ed67a76e6a556765a441dc9558e62fe","0.584","","","","","1.1","https://shaunleane.com/collections/women","2024-11-30 15:21:27"
"https://www.warrenjames.co.uk/jewellery/womens","https://www.warrenjames.co.uk/jewellery/womens","text/html;charset=UTF-8","200","OK","Indexable","","Women's Jewellery | Jewellery For Her | Warren James","52","481","","0","0","Explore the full collection of women's jewellery at Warren James. Our range includes engagement rings, earrings, necklaces, bracelets, and more.","144","895","","0","0","her,women,womens,women's","24","Womens Jewellery","16","","0","Our shops","9","FREE when you spend over £49","28","","","","https://www.warrenjames.co.uk/jewellery/womens","","","","","","","316192","58312","476","164","2.902","13.717","Very Hard","1.703","0","1","","5","1","0","1.230","107","54","0","4","2","0","","","","","44abc3acbf6e5973b00b1da116992ce4","1.063","","","","","1.1","https://www.warrenjames.co.uk/jewellery/womens","2024-11-30 15:21:09"
"https://au.coachoutlet.com/catalog/women/accessories/jewellery/","https://au.coachoutlet.com/catalog/women/accessories/jewellery/","text/html; charset=utf-8","429","Too Many Requests","Non-Indexable","Client Error","","0","0","","0","0","","0","0","","0","0","","0","","0","","0","","0","","0","","","","","","","","","","","452","452","0","","","","","0.000","0","4","","0","0","0","0.000","0","0","0","0","0","0","","","","","","0.791","","","","","1.1","https://au.coachoutlet.com/catalog/women/accessories/jewellery/","2024-11-30 15:21:22"
"https://au.louisvuitton.com/eng-au/women/fashion-jewellery/all-fashion-jewellery/_/N-tqnlr03","https://au.louisvuitton.com/eng-au/women/fashion-jewellery/all-fashion-jewellery/_/N-tqnlr03","text/html; charset=utf-8","200","OK","Indexable","","Women’s Designer Jewellery | LOUIS VUITTON","42","411","","0","0","Find fashionable and elegant jewellery for women here at Louis Vuitton. Discover our collection of women’s jewellery on this page for the best pieces.","150","923","","0","0","","0","All Fashion Jewellery","21","","0","Sort by Price","13","Price Range","11","index, follow","","","https://au.louisvuitton.com/eng-au/women/fashion-jewellery/all-fashion-jewellery/_/N-tqnlr03","","https://au.louisvuitton.com/eng-au/women/fashion-jewellery/all-fashion-jewellery/_/N-tqnlr03?page=2","","","","","1114120","182677","316","77","4.104","98.258","Very Easy","0.649","0","5","","5","1","0","1.230","340","286","0","2","2","0","","","","","2d20e70b68e35914fc4e6733b5bb5ce8","9.098","","","","","1.1","https://au.louisvuitton.com/eng-au/women/fashion-jewellery/all-fashion-jewellery/_/N-tqnlr03","2024-11-30 15:21:30"
"https://www.billini.com/collections/jewellery","https://www.billini.com/collections/jewellery","text/html; charset=utf-8","200","OK","Indexable","","Gold & Initial Jewellery For Women | Billini","44","368","","0","0","Shop our Jewellery collection today at Billini for your must-have stylish finishing touch. Shop your new jewellery today. AfterPay available.","141","849","","0","0","","0","Jewellery","9","","0","Your Bag is Empty","17","my bag 0 items","14","","","","https://www.billini.com/collections/jewellery","","","","","","","440964","68929","1328","236","5.627","83.270","Easy","3.539","0","1","","60","1","0","1.230","491","130","0","8","6","0","","","","","c2d53644e2c4f177d45e02690b4fb789","0.492","","","","","1.1","https://www.billini.com/collections/jewellery","2024-11-30 15:20:56"
"https://uk.coach.com/shop/women/accessories-jewellery/jewellery","https://uk.coach.com/shop/women/accessories-jewellery/jewellery","text/html; charset=utf-8","200","OK","Indexable","","Designer Jewellery for Women | COACH® UK","40","398","","0","0","Discover the elegance of our women's jewellery collection. Shop exquisite necklaces, bracelets, earrings, bangles, and broaches for timeless style!","147","901","","0","0","","0","Women's Jewellery","17","","0","Color","5","Price","5","index, follow,max-image-preview:large","","","https://uk.coach.com/shop/women/accessories-jewellery/jewellery","","https://uk.coach.com/shop/women/accessories-jewellery/jewellery?page=2&startFrom=2","","","","","785474","98958","493","133","3.707","68.022","Normal","0.437","0","3","","1","1","0","1.230","53","34","0","0","0","0","","","","","fd6f11a4cc1a1a97d3556fe3c9af63a6","5.436","Sat, 30 Nov 2024 09:57:21 GMT","","","","1.1","https://uk.coach.com/shop/women/accessories-jewellery/jewellery","2024-11-30 15:21:12"
"https://www.teilor.com/women-jewellery","https://www.teilor.com/women-jewellery","text/html; charset=utf-8","200","OK","Indexable","","Women's Jewellery - TEILOR","26","251","","0","0","Jewellery for women: gold, diamonds and precious stones. The women's jewellery collection is available online and in TEILOR stores!","131","822","","0","0","","0","Gold jewellery for women","24","","0","Which gemstones do I choose for gold jewellery?","47","What are the most popular earring designs?","42","index, follow","","","https://www.teilor.com/women-jewellery","","","","","","","611603","69355","1493","389","3.838","83.717","Easy","1.616","0","0","","3","1","0","1.230","171","155","0","7","7","0","","","","","1c72269c1297c3001cffcbb55e9b0a08","1.365","","","","","1.1","https://www.teilor.com/women-jewellery","2024-11-30 15:21:24"
"https://www.fields.ie/jewellery/womens/","https://www.fields.ie/jewellery/womens/","text/html;charset=UTF-8","200","OK","Indexable","","Women's Jewellery | Fields","26","237","","0","0","Discover Women's Jewellery for every signature moment now online at Fields. Next Day Delivery.","94","597","","0","0","Fraser Hart","11","Women's Jewellery","17","","0","Remove Product?","15","Remove Gift Voucher?","20","","","","https://www.fields.ie/jewellery/womens/","","","","","","","629918","39355","987","357","2.765","100.000","Very Easy","2.606","0","2","","5","1","0","1.230","611","218","0","6","6","0","","","","","19f22c47b161d2a39601481aa798317d","1.581","","","","","1.1","https://www.fields.ie/jewellery/womens/","2024-11-30 15:20:49"
"https://www.massimodutti.com/us/women/accessories/jewellery-n2291","https://www.massimodutti.com/us/women/accessories/jewellery-n2291","text/html; charset=utf-8","200","OK","Indexable","","","0","0","","0","0","","0","0","","0","0","","0","","0","","0","","0","","0","","","","","","","","","","","1781713","232635","0","","","","","0.000","0","3","","0","0","0","0.000","0","0","0","0","0","0","","","","","ff8069f1e0ce55f0cfe5ecac0a0acd16","1.033","","","","","1.1","https://www.massimodutti.com/us/women/accessories/jewellery-n2291","2024-11-30 15:21:10"
"https://www.johnlewis.com/women/womens-jewellery/c600001990","https://www.johnlewis.com/women/womens-jewellery/c600001990","text/html; charset=utf-8","200","OK","Indexable","","Women's Jewellery | John Lewis & Partners","41","383","","0","0","Shop our Jewellery Range from Engagement Rings, to Diamond Earrings, Necklaces and Bracelets, available in Gold, Silver and Rose Gold Metals. With Free Delivery on orders over £50","179","1129","","0","0","","0","Women's Jewellery","17","","0","Black Friday deals (selected lines)","35","Jewellery","9","index, follow","","","https://www.johnlewis.com/women/womens-jewellery/c600001990","","","","","","","646404","71672","3522","507","6.947","66.927","Normal","4.037","0","2","","4","1","0","1.230","1383","908","0","42","35","0","","","","","6815c73d1cf563ab85f79507b7baa46a","0.668","","","","","1.1","https://www.johnlewis.com/women/womens-jewellery/c600001990","2024-11-30 15:21:29"
"https://www.myntra.com/women-jewellery","https://www.myntra.com/women-jewellery","text/html; charset=utf-8","200","OK","Indexable","","Jewellery For Women - Buy Women Jewellery Online in India | Myntra","66","607","","0","0","Buy Jewellery for Women online. Best collection of Gold, Silver & Diamond Jewelry Online in India. Shop for earrings, necklaces, rings, bracelets, chains and more designer jewellery from top brands at Myntra.","208","1276","","0","0","jewellery, women jewellery, shop online for women jewellery, jewellery for women online, online shopping for women jewellery in india,","134","","0","","0","Jewellery Online price list","27","buy Jewellery Online","20","","","","https://www.myntra.com/women-jewellery","","https://www.myntra.com/women-jewellery?p=2","","","","","682155","119735","31","15","2.067","65.557","Normal","1.551","0","0","","2","1","0","1.230","489","444","0","8","8","0","","","","","609fda5805e8e7b4ed2d83588b629fe1","1.527","","","","","1.1","https://www.myntra.com/women-jewellery","2024-11-30 15:21:19"
"https://www.skagen.com/en-us/women/jewelry/","https://www.skagen.com/en-us/women/jewelry/","text/html; charset=UTF-8","403","Forbidden","Non-Indexable","Client Error","","0","0","","0","0","","0","0","","0","0","","0","","0","","0","","0","","0","","","","","","","","","","","0","0","0","","","","","0.000","0","3","","0","0","0","0.000","0","0","0","0","0","0","","","","","","0.892","","","","","1.1","https://www.skagen.com/en-us/women/jewelry/","2024-11-30 15:21:23"
"https://www.lolaroseglobal.com/collections/jewellery","https://www.lolaroseglobal.com/collections/jewellery","text/html; charset=utf-8","200","OK","Indexable","","Fashion Design Women Jewellery - Lola Rose Jewellery","52","488","","0","0","Shop Lola Rose Jewellery: earrings, necklaces, bracelets, and rings. Elegantly designed, infinite mix-and-match possibilities. Choose an ideal jewellery from Lola Rose's Official Store. Free Shipping!","200","1208","","0","0","","0","","0","","0","","0","","0","","","","https://www.lolaroseglobal.com/collections/jewellery","","https://www.lolaroseglobal.com/collections/jewellery?page=2","","","","","449074","68436","717","267","2.685","100.000","Very Easy","1.257","0","1","","15","1","0","1.230","134","65","0","10","5","0","","","","","6ce56b654eed56e3ab9c9b6181b765f2","1.118","","","","","1.1","https://www.lolaroseglobal.com/collections/jewellery","2024-11-30 15:21:06"
"https://www.stories.com/en_eur/jewellery/all.html","https://www.stories.com/en_eur/jewellery/all.html","text/html","403","Forbidden","Non-Indexable","Client Error","","0","0","","0","0","","0","0","","0","0","","0","","0","","0","","0","","0","","","","","","","","","","","410","410","0","","","","","0.000","0","2","","0","0","0","0.000","0","0","0","0","0","0","","","","","","0.602","","","","","1.1","https://www.stories.com/en_eur/jewellery/all.html","2024-11-30 15:21:07"
"https://www.selfridges.com/GB/en/cat/jewellery-watches/fashion-jewellery/","https://www.selfridges.com/GB/en/cat/jewellery-watches/fashion-jewellery/","text/html; charset=utf-8","200","OK","Indexable","","Womens Designer Jewellery | Selfridges","38","353","","0","0","Shop our range of Fashion Jewellery at Selfridges today. Browse online or in store today.","89","548","","0","0","","0","Womens Designer Jewellery","25","","0","Tell us what you think","22","Shop in your local currency and language","40","index, follow","","","https://www.selfridges.com/GB/en/cat/jewellery-watches/fashion-jewellery/","","","","","","","790838","110743","3579","1215","2.946","73.482","Fairly Easy","3.073","0","5","","14","1","0","1.230","940","683","0","14","12","0","","","","","589d9211f8f9b6c109c25703cf3d53a5","3.658","Sat, 30 Nov 2024 10:21:34 GMT","","","","1.1","https://www.selfridges.com/GB/en/cat/jewellery-watches/fashion-jewellery/","2024-11-30 15:21:32"
"https://www.fatface.com/shop/womens/jewellery","https://www.fatface.com/shop/womens/jewellery","text/html; charset=utf-8","200","OK","Indexable","","Women's Jewellery | Earrings, Necklaces & More | FatFace UK","59","542","","0","0","Shop our full collection of women's jewellery, here at FatFace. From necklaces, to earrings & much more, we have the perfect item to suit your choice. Free and easy returns.","173","1063","","0","0","fatface,fatface sale,fatface online,fatface.com,fatface online shopping","71","Women's Jewellery","17","","0","Multicolour Alphabet Jewellery Box","34","Silver Tone Snowflake Studs","27","index, follow","","","https://www.fatface.com/shop/womens/jewellery","","","","","","","506843","64685","275","99","2.778","82.807","Easy","1.371","0","2","","13","1","0","1.230","405","266","0","19","12","0","","","","","8875dbeab183b5b2ce9162c4c4353905","1.884","","","","","1.1","https://www.fatface.com/shop/womens/jewellery","2024-11-30 15:21:07"
"https://www.oliviaburton.com/uk/shop-jewellery/","https://www.oliviaburton.com/uk/shop-jewellery/","","302","","Non-Indexable","Redirected","","0","0","","0","0","","0","0","","0","0","","0","","0","","0","","0","","0","","","","","","","","","","","0","0","0","","","","","0.000","0","2","","0","0","0","0.000","0","0","0","0","0","0","","","","","","1.101","","https://www.oliviaburton.com/uk/shop-jewellery/shop-all-jewellery/","HTTP Redirect","","1.1","https://www.oliviaburton.com/uk/shop-jewellery/","2024-11-30 15:20:54"
"https://en.wikipedia.org/wiki/Jewellery","https://en.wikipedia.org/wiki/Jewellery","text/html; charset=UTF-8","200","OK","Indexable","","Jewellery - Wikipedia","21","185","","0","0","","0","0","","0","0","","0","Jewellery","9","","0","Contents","8","Etymology","9","max-image-preview:standard","","","https://en.wikipedia.org/wiki/Jewellery","","","","","","","516673","103520","15696","3460","4.536","72.679","Fairly Easy","18.883","0","1","","241","1","0","1.230","2219","1630","0","123","114","0","","","","","38ff45ed1f91b5d936293fd5af665e6a","0.538","Thu, 28 Nov 2024 06:24:30 GMT","","","","1.1","https://en.wikipedia.org/wiki/Jewellery","2024-11-30 15:21:10"
"https://www.nomination.com/eu_en/gifts/gifts-for-her","https://www.nomination.com/eu_en/gifts/gifts-for-her","text/html; charset=UTF-8","200","OK","Indexable","","Women's jewellery: gift ideas for her. Bracelets, necklaces and rings   | Nomination","84","713","","0","0","Find the perfect jewellery gift for her from the stunning collection of Nomination Italy. Shop the selection of women's jewellery or create your personalised gift!","163","978","","0","0","","0","For Her","7","","0","Bracelets on Her Birthday","25","Necklaces for your fiancée","26","INDEX,FOLLOW","","","https://www.nomination.com/eu_en/gifts/gifts-for-her","","","","","","","913360","91324","1841","648","2.841","86.633","Easy","1.944","0","2","","16","1","0","1.230","620","297","0","16","13","0","","","","","d1705cdd161fe5c1fced909adad2b91e","0.810","","","","","1.1","https://www.nomination.com/eu_en/gifts/gifts-for-her","2024-11-30 15:21:25"
"https://www.acnestudios.com/us/en/woman/jewellery/","https://www.acnestudios.com/us/en/woman/jewellery/","text/html;charset=UTF-8","200","OK","Indexable","","Acne Studios – Women’s Jewellery","32","312","","0","0","Shop women’s jewellery. Free shipping and easy returns. International shipping available.","89","552","","0","0","Acne Studios Acne Studios Jewellery, Acne Jewellery, Acne Studios Women’s Jewellery, Acne Women’s Jewellery, Acne Studios Jewelry, Acne Jewelry, Acne Studios Women’s Jewelry, Acne Women’s Jewelry, Acne Studios Necklace, Acne Studios Bracelet, Acne Studios Ring, Acne Studios Choker, Acne Studios Necklaces, Acne Studios Bracelets, Acne Studios Rings, Acne Studios Choker","370","Women's Jewellery","17","","0","Woman","5","Man","3","","","","https://www.acnestudios.com/us/en/woman/jewellery/","","","","","","","399415","30168","311","110","2.827","83.458","Easy","1.104","0","4","","4","1","0","1.230","215","141","0","5","5","0","","","","","daf8aa4ad500b2153a1f6297bcda8a7c","0.850","","","","","1.1","https://www.acnestudios.com/us/en/woman/jewellery/","2024-11-30 15:20:46"
"https://www.lemaire.fr/collections/women-jewellery","https://www.lemaire.fr/collections/women-jewellery","text/html; charset=utf-8","200","OK","Indexable","","Women & Unisex Jewellery | LEMAIRE","34","334","","0","0","Discover LEMAIRE's women and unisex jewellery collections: rings, bracelets, earrings and necklaces.","100","628","","0","0","","0","Women & Unisex Jewellery","24","","0","","0","","0","","","","https://www.lemaire.fr/collections/women-jewellery","","","","","","","595419","65460","2245","675","3.326","99.942","Very Easy","2.327","0","1","","6","1","0","1.230","522","126","0","9","9","0","","","","","534b9d74e85c566d38aa3b6e7a68de8f","0.843","","","","","1.1","https://www.lemaire.fr/collections/women-jewellery","2024-11-30 15:20:46"
"https://www.missoma.com/collections/womens-jewellery","https://www.missoma.com/collections/womens-jewellery","text/html; charset=utf-8","200","OK","Indexable","","Women's Jewellery | Silver & Gold Demi-Fine Jewellery

        | Missoma","72","574","","0","0","Shop Women's Jewellery at Missoma. Recycled Gold and Silver Demi-Fine Jewellery. Enjoy complimentary engraving and fast worldwide shipping.","139","903","","0","0","","0","Women's Jewellery","17","","0","","0","","0","","","","https://www.missoma.com/collections/womens-jewellery","","","","","","","785853","101150","802","219","3.662","86.450","Easy","1.565","0","1","","4","1","0","1.230","249","154","0","7","6","0","","","","","f2004acd4816389605b03ba14c64f960","0.830","","","","","1.1","https://www.missoma.com/collections/womens-jewellery","2024-11-30 15:21:12"
"https://danielladraper.com/collections/womens-jewellery","https://danielladraper.com/collections/womens-jewellery","text/html; charset=utf-8","200","OK","Indexable","","Daniella Draper™ | Women's Jewellery | Handcrafted in England","61","554","","0","0","Designed to be styled, layered and personalised with special messages of love and inspiration, our women’s jewellery collection is beautifully rustic, a modern take on classic designs.","184","1125","","0","0","","0","WOMEN'S JEWELLERY","17","","0","FOLLOW THE JOURNEY","18","","0","","","","https://danielladraper.com/collections/womens-jewellery","","https://danielladraper.com/collections/womens-jewellery?page=2","","","","","984217","98567","2351","777","3.026","94.550","Very Easy","1.855","0","1","","5","1","0","1.230","268","189","0","8","6","0","","","","","7ce88b93cf1c57188c4db0959df698db","1.673","","","","","1.1","https://danielladraper.com/collections/womens-jewellery","2024-11-30 15:21:04"
"https://www.nordstrom.com/browse/women/jewelry","https://www.nordstrom.com/browse/women/jewelry","text/html; charset=UTF-8","200","OK","Indexable","","","0","0","","0","0","","0","0","","0","0","","0","","0","","0","","0","","0","","","","","","","","","","","206036","109771","0","","","","","0.000","0","2","","0","0","0","0.000","0","0","0","0","0","0","","","","","f06c5081b02cb7ad3d51fa675f45fee4","0.715","","","","","1.1","https://www.nordstrom.com/browse/women/jewelry","2024-11-30 15:20:52"
"https://www.fossil.com/en-ca/jewellery/womens-jewellery/","https://www.fossil.com/en-ca/jewellery/womens-jewellery/","text/html; charset=UTF-8","403","Forbidden","Non-Indexable","Client Error","","0","0","","0","0","","0","0","","0","0","","0","","0","","0","","0","","0","","","","","","","","","","","0","0","0","","","","","0.000","0","3","","0","0","0","0.000","0","0","0","0","0","0","","","","","","0.688","","","","","1.1","https://www.fossil.com/en-ca/jewellery/womens-jewellery/","2024-11-30 15:21:23"
"https://cluse.com/collections/all-jewellery","https://cluse.com/collections/all-jewellery","text/html; charset=utf-8","200","OK","Indexable","","CLUSE Jewellery for women • Black Friday SALE • Official CLUSE Store","68","619","","0","0","Up to 70% off • Shop CLUSE jewellery: necklaces, earrings and bracelets. Infinite mix and match possibilities. ✓ Official CLUSE store ✓ Free shipping","149","904","","0","0","","0","JEWELLERY","9","","0","Products","8","About CLUSE","11","","","","https://cluse.com/collections/all-jewellery","","https://cluse.com/collections/all-jewellery?page=2","","","","","574488","100636","1092","305","3.580","85.753","Easy","1.376","0","1","","11","1","0","1.230","197","111","0","15","9","0","","","","","43ced763e97f4ef18385458fd7ec51e9","0.606","","","","","1.1","https://cluse.com/collections/all-jewellery","2024-11-30 15:21:09"
"https://global.diesel.com/woman/jewels/","https://global.diesel.com/woman/jewels/","text/html;charset=UTF-8","200","OK","Indexable","","Women's Jewellery: Rings, Bracelets, Necklaces, Earrings | Diesel®","66","587","","0","0","Discover the Diesel Women's Jewellery collection: stainless steel, silver, gold, two-tone, with logo. Secure payment, fast delivery, easy returns.","146","873","","0","0","Commerce Cloud Storefront Reference Architecture","48","Women's Jewelry","15","","0","Women's Accessories: Jewellery","30","INFORMATION NOTICE ON THE PROCESSING OF PERSONAL DATA PURSUANT TO ARTICLES 13 AND 14 OF EU REGULATION 679/2016 (“GDPR”)","119","index,follow","","","https://global.diesel.com/woman/jewels/","","https://global.diesel.com/woman/jewels/?page=2","","","","","1234520","74831","5502","862","6.383","58.541","Fairly Hard","3.925","0","2","","9","1","0","1.230","857","313","0","13","13","0","","","","","16b51a40cf29add6eebffe6aea633402","1.255","","","","","1.1","https://global.diesel.com/woman/jewels/","2024-11-30 15:21:15"
"https://www.davidyurman.com/ca/en/women.html","https://www.davidyurman.com/ca/en/women.html","text/html;charset=UTF-8","200","OK","Indexable","","Women's Jewellery | Shop Designer Fine Jewellery","48","445","","0","0","Explore the latest women's designer jewelry collection at David Yurman. Discover iconic bracelets, earrings, and more. Shop now for timeless elegance.","150","933","","0","0","David Yurman","12","Women’s Jewellery","17","Gift Brilliantly","16","Contact a Product Specialist","28","Thank you for contacting our Product Specialist.","48","","","","https://www.davidyurman.com/ca/en/women.html","","","","","","","666621","82991","1002","233","4.300","70.842","Fairly Easy","2.275","0","2","","12","1","0","1.230","434","180","0","13","10","0","","","","","b99b03eb2150c7b505c04b6fb37dcc86","0.944","","","","","1.1","https://www.davidyurman.com/ca/en/women.html","2024-11-30 15:21:24"
"https://unisonlabel.com/collections/woman-accessories-jewellery","https://unisonlabel.com/collections/woman-accessories-jewellery","text/html","200","OK","Non-Indexable","Canonicalised","Women's Jewellery: Necklaces, Earrings & Bracelets - Unison | Unison Label","74","663","Women's Jewellery: Necklaces, Earrings & Bracelets - Unison | Unison Label","74","663","Find your new favourite necklace, bracelet, or earrings in Unison’s range of women’s jewellery. Shop now.","105","649","Find your new favourite necklace, bracelet, or earrings in Unison’s range of women’s jewellery. Shop now.","105","649","","0","Accessories","11","","0","","0","","0","","","","https://unisonlabel.com/","https://unisonlabel.com/","","","","","","2549783","895299","461","130","3.546","61.379","Normal","0.133","0","1","","2","1","0","1.230","99","77","0","0","0","0","","","","","86dc02fab8859513d97512cc9b653bde","4.608","","","","","1.1","https://unisonlabel.com/collections/woman-accessories-jewellery","2024-11-30 15:21:28"
"https://www.tipperarycrystal.ie/jewellery/","https://www.tipperarycrystal.ie/jewellery/","text/html; charset=UTF-8","200","OK","Indexable","","Women's Jewellery Ireland | Gold & Silver | Tipperary Crystal","61","525","","0","0","Explore our range of Women's Jewellery, featuring necklaces, earrings, bracelets, and watches. Available in dazzling varieties of gold and silver from Tipperary.","161","977","","0","0","Tipperary, tipperary crystal, crystal, irish crystal, crystal, ireland, gifts, glassware, stemware, chandeliers, trophies, crystal trophy, crystal glass","152","","0","","0","Filters","7","Refine by","9","","","","https://www.tipperarycrystal.ie/jewellery/","","https://www.tipperarycrystal.ie/jewellery/?page=2","","","","","566051","63546","728","314","2.318","88.622","Easy","1.359","0","1","","7","1","0","1.230","267","212","0","3","3","0","","","","","c04d89eaadcbb42a76b1737a19f7dd77","1.291","","","","","1.1","https://www.tipperarycrystal.ie/jewellery/","2024-11-30 15:20:57"
"https://www.cartier.com/en-gb/jewellery/collection-jewellery","https://www.cartier.com/en-gb/jewellery/collection-jewellery","text/html; charset=utf-8","200","OK","Indexable","","Fine jewellery for women online - Cartier","41","353","","0","0","Find out more about all fine jewellery collections Cartier designed for women: rings, necklaces, bracelets…","107","653","","0","0","","0","Collection Jewellery","20","","0","Shopping Bag ( )","16","Start products area","19","","","","https://www.cartier.com/en-gb/jewellery/collection-jewellery","","","","","","","347097","43203","824","192","4.292","98.269","Very Easy","1.444","0","2","","3","1","0","1.230","85","51","0","10","10","0","","","","","ddc4bc93d5f91436d2f042a25cb3ddc7","1.568","","","","","1.1","https://www.cartier.com/en-gb/jewellery/collection-jewellery","2024-11-30 15:21:20"
"https://www.caratlane.com/jewellery/for+women.html","https://www.caratlane.com/jewellery/for+women.html","text/html; charset=utf-8","200","OK","Indexable","","Buy Jewellery For Women Designs Online | CaratLane","50","472","","0","0","Shop Our Collection Of Beautiful Women’s Jewellery Designs. Choose From A Variety Of Gold And Diamond Earrings, Rings, Bracelets, And Necklaces For Girls  To Find The Perfect Accessory.","185","1177","","0","0","Online Jewellery For Women","26","Jewellery For Women","19","","0","Sort Designs By","15","The Endless Assembly of Fascinating Charms for Women","52","INDEX,FOLLOW","","","https://www.caratlane.com/jewellery/for+women.html","","https://www.caratlane.com/jewellery/for+women.html?baseOffset=20","","","","","1289217","140340","2289","633","3.616","89.995","Easy","1.046","0","1","","1","1","0","1.230","281","260","0","8","8","0","","","","","4787f41f77c0485494b8b336b1e2541a","1.291","","","","","1.1","https://www.caratlane.com/jewellery/for+women.html","2024-11-30 15:21:13"
"https://www.cernucci.com/collections/womens-bundles","https://www.cernucci.com/collections/womens-bundles","text/html; charset=utf-8","200","OK","Indexable","","Women's Jewellery Bundles
        
        
          – Cernucci","64","349","","0","0","Looking for a real statement look? We've got you patterned with our sets and bundles. Save with our bundles and shine twice as hard!","132","825","","0","0","","0","","0","","0","5mm Tennis Gift Set - White","27","Black and Iced Enamel Gift Set - Gold","37","","","","https://www.cernucci.com/collections/womens-bundles","","","","","","","638331","132336","1358","363","3.741","100.000","Very Easy","2.274","0","1","","13","1","0","1.230","353","195","0","6","6","0","","","","","39bfe68d3eb1cde8292412ad10c65478","1.096","","","","","1.1","https://www.cernucci.com/collections/womens-bundles","2024-11-30 15:21:08"
"https://www.armani.com/en-us/emporio-armani/woman/accessories/jewellery/","https://www.armani.com/en-us/emporio-armani/woman/accessories/jewellery/","text/html;charset=utf-8","200","OK","Indexable","","Jewelry - Women's Accessories | Emporio Armani","46","435","","0","0","Discover all women's jewelry by Emporio Armani. Pendants, necklaces, rings, earrings, and bracelets: touches of light to enhance the femininity of any woman.","157","977","","0","0","","0","","0","","0","THE FALL/WINTER 2024 JEWELLERY COLLECTION","41","WOMEN’S JEWELLERY","17","all","index, follow, max-image-preview:large, max-snippet:-1, max-video-preview:-1","","https://www.armani.com/en-us/emporio-armani/woman/accessories/jewellery/","","","","","","","973119","145490","718","174","4.126","85.291","Easy","0.542","0","5","","1","1","0","1.230","88","56","0","6","6","0","","","","","7136df38108ef6ac6c67752c6dd04dc7","0.624","","","","","1.1","https://www.armani.com/en-us/emporio-armani/woman/accessories/jewellery/","2024-11-30 15:21:14"
"https://www.jwanderson.com/us/shopping/woman/accessories-jewellery","https://www.jwanderson.com/us/shopping/woman/accessories-jewellery","text/html; charset=UTF-8","403","Forbidden","Non-Indexable","Client Error","","0","0","","0","0","","0","0","","0","0","","0","","0","","0","","0","","0","","","","","","","","","","","0","0","0","","","","","0.000","0","3","","0","0","0","0.000","0","0","0","0","0","0","","","","","","0.886","","","","","1.1","https://www.jwanderson.com/us/shopping/woman/accessories-jewellery","2024-11-30 15:20:53"
"https://www.frenchconnection.com/collections/womens-jewellery","https://www.frenchconnection.com/collections/womens-jewellery","text/html; charset=utf-8","200","OK","Indexable","","Women's Jewellery | French Connection UK","40","384","","0","0","Discover elegant women's jewellery to elevate every outfit. From statement pieces to timeless classics, find the perfect accessory for any occasion.","148","910","","0","0","","0","Women's Jewellery","17","","0","","0","","0","","","","https://www.frenchconnection.com/collections/womens-jewellery","","https://www.frenchconnection.com/collections/womens-jewellery?page=2","","","","","362493","65924","586","132","4.439","65.612","Normal","2.215","0","1","","12","1","0","1.230","291","180","0","9","9","0","","","","","79bc9ad40af582a6b894aa7abd1373c5","0.705","","","","","1.1","https://www.frenchconnection.com/collections/womens-jewellery","2024-11-30 15:21:17"
"https://www.allsaints.com/women/jewellery","https://www.allsaints.com/women/jewellery","text/html;charset=UTF-8","200","OK","Indexable","","Women's Jewellery & Sets | Earrings & Necklaces | ALLSAINTS","59","550","","0","0","Shop women's jewellery & jewellery sets at ALLSAINTS today. Discover our latest women's bracelets, earrings & necklaces with free UK delivery & returns.","152","948","","0","0","ALLSAINTS","9","Women's Jewellery","17","","0","55 Items","8","Oops...","7","index,follow","","","https://www.allsaints.com/women/jewellery","","https://www.allsaints.com/women/jewellery?start=48&sz=48","","","","","1726599","97761","1191","425","2.802","100.000","Very Easy","0.847","0","1","","7","1","0","1.230","574","376","0","13","13","0","","","","","83261b0ea212477bc58d76694c3ff6b0","2.301","","","","","1.1","https://www.allsaints.com/women/jewellery","2024-11-30 15:20:49"
"https://www.alexandermcqueen.com/en-US/ca/women/jewellery","https://www.alexandermcqueen.com/en-US/ca/women/jewellery","","301","Moved Permanently","Non-Indexable","Redirected","","0","0","","0","0","","0","0","","0","0","","0","","0","","0","","0","","0","","","","","","","","","","","0","0","0","","","","","0.000","0","3","","0","0","0","0.000","0","0","0","0","0","0","","","","","","0.929","","https://www.alexandermcqueen.com/en-us/ca/women/jewellery","HTTP Redirect","","1.1","https://www.alexandermcqueen.com/en-US/ca/women/jewellery","2024-11-30 15:21:24"
"https://www.holzkern.com/en/shop/jewellery/women.html","https://www.holzkern.com/en/shop/jewellery/women.html","text/html; charset=UTF-8","200","OK","Indexable","","Women's Jewellery | Holzkern | Dreamlike pieces of jewellery from nature","72","642","","0","0","We are sincerely overjoyed to present you our unique jewellery collections. Choose from these unique combinations of wood and stone and be enchanted by our special designs.","172","1097","","0","0","","0","JEWELLERY FOR HER","17","","0","","0","","0","INDEX, FOLLOW","","","https://www.holzkern.com/en/shop/jewellery/women.html","","","","","","","609919","47809","882","370","2.384","99.864","Very Easy","1.186","0","3","","51","1","0","1.230","402","154","0","6","6","0","","","","","9fb2654b881d57064efe30c493839af5","0.798","","","","","1.1","https://www.holzkern.com/en/shop/jewellery/women.html","2024-11-30 15:21:25"
"https://www.katespade.co.uk/shop/jewellery/view-all","https://www.katespade.co.uk/shop/jewellery/view-all","text/html; charset=utf-8","200","OK","Indexable","","Women's Designer Jewellery | Kate Spade UK","42","399","","0","0","Accentuate your look with our selection of designer jewellery. Huggie earrings, statement necklaces, and more. Free shipping on orders over 150!","144","898","","0","0","","0","Jewellery","9","","0","A Sparkling Touch","17","Color","5","index, follow,max-image-preview:large","","","https://www.katespade.co.uk/shop/jewellery/view-all","","https://www.katespade.co.uk/shop/jewellery/view-all?page=2&startFrom=2","","","","","812192","106569","558","141","3.957","84.560","Easy","0.438","0","2","","3","1","0","1.230","63","40","0","0","0","0","","","","","6dbfe2bf246176948b4ec9d07e99a450","1.604","Sat, 30 Nov 2024 08:32:22 GMT","","","","1.1","https://www.katespade.co.uk/shop/jewellery/view-all","2024-11-30 15:21:04"
"https://nevaeh-store.com/collections/womens-jewellery","https://nevaeh-store.com/collections/womens-jewellery","text/html; charset=utf-8","200","OK","Indexable","","Women's Jewellery – Nevaeh","26","261","","0","0"," ","1","0","","0","0","","0","Women's Jewellery","17","","0","MYSTERY BOX - 20 PIECES","23","My Jewellery Box - Any 7 Pieces","31","","","","https://nevaeh-store.com/collections/womens-jewellery","","https://nevaeh-store.com/collections/womens-jewellery?page=2","","","","","2338936","262877","2765","778","3.554","87.511","Easy","0.779","0","1","","15","1","0","1.230","246","105","0","3","2","0","","","","","94fa403a10c66fee47c97d421f972758","0.294","","","","","1.1","https://nevaeh-store.com/collections/womens-jewellery","2024-11-30 15:21:00"
"https://www.macys.com/shop/jewelry-watches/all-fine-jewelry/Gender/Women?id=65993","https://www.macys.com/shop/jewelry-watches/all-fine-jewelry/Gender/Women?id=65993","","302","Moved Temporarily","Non-Indexable","Redirected","","0","0","","0","0","","0","0","","0","0","","0","","0","","0","","0","","0","","","","","","","","","","","0","0","0","","","","","0.000","0","4","","0","0","0","0.000","0","0","0","0","0","0","","","","","","0.432","","https://www.macys.com/shop/jewelry-watches/all-fine-jewelry/Gender/Women?id=65993","HTTP Redirect","","1.1","https://www.macys.com/shop/jewelry-watches/all-fine-jewelry/Gender/Women?id=65993","2024-11-30 15:21:10"
"https://www.amazon.com.au/Women-Jewellery/b?ie=UTF8&node=5130784051","https://www.amazon.com.au/Women-Jewellery/b?ie=UTF8&node=5130784051","text/html;charset=UTF-8","200","OK","Indexable","","Amazon.com.au : Women's Jewellery","33","331","","0","0","","0","0","","0","0","","0","1-48 of over 30,000 results for ""Women's Jewellery"" Sort by: Featured Price: Low to high Price: High to low Avg. Customer review Newest arrivals Best Sellers Sort by:Featured Go","177","","0","Results","7","GUESS","5","","","","","","","","","","","956459","137720","1926","638","3.019","91.015","Very Easy","1.231","0","1","","6","1","0","1.230","441","341","0","6","6","0","","","","","c9bc78bdb0bc6c04a14bf7ec6be9e62c","0.926","","","","","1.1","https://www.amazon.com.au/Women-Jewellery/b?ie=UTF8&node=5130784051","2024-11-30 15:21:00"
"https://ro.calvinklein.com/womens-jewellery","https://ro.calvinklein.com/womens-jewellery","","0","Connection Timeout","Non-Indexable","No Response","","0","0","","0","0","","0","0","","0","0","","0","","0","","0","","0","","0","","","","","","","","","","","0","0","0","","","","","0.000","0","0","","0","0","0","0.000","0","0","0","0","0","0","","","","","","","","","","","","https://ro.calvinklein.com/womens-jewellery","2024-11-30 15:21:24"
"https://www.beaverbrooks.co.uk/jewellery/ladies-jewellery","https://www.beaverbrooks.co.uk/jewellery/ladies-jewellery","text/html; charset=utf-8","200","OK","Indexable","","Women's Jewellery | Luxury Ladies’ Jewellery UK | Designer Jewellery | Beaverbrooks","83","747","","0","0","Browse ladies jewellery from designer brands like Gucci, Swarovski, and more. Shop the range at Beaverbrooks. Free UK delivery available.","137","851","","0","0","","0","Ladies' Jewellery","17","","0","Discover how to stack your jewellery with our guide","51","use FRIYAY10 for 10% off almost everything","42","index,follow","","","https://www.beaverbrooks.co.uk/jewellery/ladies-jewellery","","","","","","","632292","56005","1636","540","3.030","85.341","Easy","4.319","0","1","","1","1","0","1.230","664","384","0","8","4","0","","","","","fe9e42e936f7a6cc30a501ed99bc3bb2","0.736","","","","","1.1","https://www.beaverbrooks.co.uk/jewellery/ladies-jewellery","2024-11-30 15:21:23"
"https://www.weekday.com/en-ww/c/women/jewellery/","https://www.weekday.com/en-ww/c/women/jewellery/","text/html","403","Forbidden","Non-Indexable","Client Error","","0","0","","0","0","","0","0","","0","0","","0","","0","","0","","0","","0","","","","","","","","","","","413","413","0","","","","","0.000","0","4","","0","0","0","0.000","0","0","0","0","0","0","","","","","","0.899","","","","","1.1","https://www.weekday.com/en-ww/c/women/jewellery/","2024-11-30 15:21:00"
"https://knar.com/collections/womens-jewellery","https://knar.com/collections/womens-jewellery","text/html; charset=utf-8","200","OK","Indexable","","Women's Jewellery | Knar Jewellery Bracelets, Earrings, Necklaces, Rings","72","643","","0","0","Explore our collections of women's jewellery and find the perfect pieces to enhance your personal style. From elegant necklaces and statement earrings to delicate bracelets and sparkling rings, our curated selection offers a diverse range of designs to suit every occasion.","273","1675","","0","0","","0","Women's Jewellery","17","","0","Join Our Newsletter","19","Discover Our Latest Collections","31","","","","https://knar.com/collections/womens-jewellery","","https://knar.com/collections/womens-jewellery?page=2","","","","","459308","68092","1985","601","3.303","80.653","Easy","3.492","0","1","","41","1","0","1.230","493","187","0","14","11","0","","","","","b2bc6eae3dbb3579c07b7d845999b322","0.814","","","","","1.1","https://knar.com/collections/womens-jewellery","2024-11-30 15:21:10"
"https://www.hotelmariahilf.at/?h=446447615","https://www.hotelmariahilf.at/?h=446447615","text/html; charset=UTF-8","200","OK","Indexable","","Wedding ring store set women's jewellery","40","365","","0","0","Wedding ring store set women's jewellery, Amazon Newshe Wedding Rings Set for Him and Her Women Mens store","106","715","","0","0","Wedding ring store set women's jewellery, Amazon Newshe Wedding Rings Set for Him and Her Women Mens","100","Wedding ring store set women's jewellery","40","","0","Wedding ring store set women's jewellery","40","Find similar items here:","24","index,follow,max-image-preview:large","","","https://www.hotelmariahilf.at/?h=446447615","","","","","","","298278","59520","921","149","6.181","60.020","Normal","2.290","0","0","","15","1","0","1.230","76","60","0","9","9","0","","","","","31c9244a5482c9ed63c86df9bd26bed0","3.137","","","","","1.1","https://www.hotelmariahilf.at/?h=446447615","2024-11-30 15:20:59"
"https://www.maisonmargiela.com/wx/maison-margiela/women/accessories/jewellery/","https://www.maisonmargiela.com/wx/maison-margiela/women/accessories/jewellery/","text/html;charset=UTF-8","200","OK","Indexable","","Women's Jewellery | Maison Margiela","35","331","","0","0","Discover the Maison Margiela collection of jewellery for women. Shop now at the official Maison Margiela online Boutique.","121","755","","0","0","","0","jewellery","9","","0","Most Wanted","11","Most Wanted","11","","","","https://www.maisonmargiela.com/wx/maison-margiela/women/accessories/jewellery/","","","","","","","771207","124106","251","71","3.535","93.368","Very Easy","1.739","0","5","","6","1","0","1.230","522","257","0","11","8","0","","","","","6adaabb2a05e5fc9210b898022cd5856","6.868","","","","","1.1","https://www.maisonmargiela.com/wx/maison-margiela/women/accessories/jewellery/","2024-11-30 15:21:17"
"https://www.fabindia.com/shop/women-jewellery","https://www.fabindia.com/shop/women-jewellery","text/html; charset=UTF-8","403","Forbidden","Non-Indexable","Client Error","","0","0","","0","0","","0","0","","0","0","","0","","0","","0","","0","","0","","","","","","","","","","","0","0","0","","","","","0.000","0","1","","0","0","0","0.000","0","0","0","0","0","0","","","","","","0.618","","","","","1.1","https://www.fabindia.com/shop/women-jewellery","2024-11-30 15:21:09"
"https://www2.hm.com/en_in/women/accessories/jewellery.html","https://www2.hm.com/en_in/women/accessories/jewellery.html","text/html; charset=utf-8","200","OK","Indexable","","Women's Jewellery | Earrings, Necklaces & Rings | H&M IN","56","511","","0","0","Find new treasures from H&M's jewellery department. Whether you prefer hoop earrings, gold necklaces, or a set of rings – we have all that you need.","148","921","","0","0","Jewellery","9","Women's Jewellery","17","","0","Offers","6","New In","6","","","","https://www2.hm.com/en_in/women/accessories/jewellery.html","","","","","","","1210783","114878","562","312","1.801","91.956","Very Easy","0.715","0","3","","5","1","0","1.230","471","270","0","12","12","0","","","","","c5d9e310593376da876e5780da0c5390","1.398","","","","","1.1","https://www2.hm.com/en_in/women/accessories/jewellery.html","2024-11-30 15:21:33"
"https://oroton.com/outlet/women/jewellery/","https://oroton.com/outlet/women/jewellery/","text/html; charset=UTF-8","200","OK","Indexable","","Oroton Outlet | Women's Jewellery | Oroton","42","380","","0","0","Explore Oroton's designer jewellery for women at the outlet for a remarkable price. Our luxe metal jewellery is sought after- shop our range whilst on sale.","156","943","","0","0","Necklaces, Bracelets, Rings, Earrings, Gold Jewellery, Silver Jewellery","71","Outlet Women's Jewellery","24","","0","","0","","0","index, follow, max-image-preview:large","","","https://oroton.com/outlet/women/jewellery/","","https://oroton.com/outlet/women/jewellery/?page=2","","","","","146286","25627","207","44","4.705","66.782","Normal","1.881","0","3","","2","1","0","1.230","53","34","0","12","4","0","","","","","972d5fb2b3d8c0495e90fc98941d87f9","2.004","","","","","1.1","https://oroton.com/outlet/women/jewellery/","2024-11-30 15:21:15"
"https://www.davidjones.com/women/accessories/jewellery","https://www.davidjones.com/women/accessories/jewellery","text/html; charset=utf-8","200","OK","Indexable","","Women's Jewellery. Designer Jewellery & more | David Jones","58","539","","0","0","Shop an exclusive range of Australian & International Women's Jewellery from David Jones online. Express shipping available* or in-store click & collect.","153","941","","0","0","jewellery, jewellery box, costume jewellery, gold jewellery, fine jewellery","75","Women's Jewellery","17","","0","Sort by:","8","Filter by:","10","","","","https://www.davidjones.com/women/accessories/jewellery","","","","","","","532108","74541","3406","1367","2.492","100.000","Very Easy","3.394","0","2","","4","1","0","1.230","1055","471","0","7","7","0","","","","","4cf83912da87b0af5cd03672da7c9af2","1.715","","","","","1.1","https://www.davidjones.com/women/accessories/jewellery","2024-11-30 15:21:18"
"https://www.piaget.com/ww-en/jewelry","https://www.piaget.com/ww-en/jewelry","text/html; charset=UTF-8","200","OK","Indexable","","Jewellery for Women & Men - Piaget Official Website","51","463","","0","0","Diamond rings, gold bracelets, luxury earrings, or diamond necklaces: our luxury jewellery are inspired by a spectacular historical legacy and the most refined glamour.","168","1025","","0","0","jewelry, jewellery, piaget","26","All jewellery collections","25","","0","Possession","10","Piaget Sunlight","15","index, follow","","","https://www.piaget.com/ww-en/jewelry","","","","","","","878180","71230","1481","509","2.910","100.000","Very Easy","1.227","0","1","","8","1","0","1.230","348","125","0","7","5","0","","","","","a39f3eafd9652392d738c173f5904cc","1.091","","","","","1.1","https://www.piaget.com/ww-en/jewelry","2024-11-30 15:21:05"
"https://www.theguardian.com/fashion/womens-jewellery","https://www.theguardian.com/fashion/womens-jewellery","text/html; charset=UTF-8","200","OK","Indexable","","Women's jewellery | The Guardian","32","297","","0","0","Latest news, sport, business, comment, analysis and reviews from the Guardian, the world&#x27;s leading liberal voice","117","691","","0","0","","0","","0","","0","Women's jewellery","17","29 November 2024","16","max-image-preview:large","","","https://www.theguardian.com/fashion/womens-jewellery","","","","","","","349857","46415","546","105","5.200","92.631","Very Easy","1.488","0","1","","3","1","0","1.230","171","126","0","10","8","0","","","","","6d77d94757491ec45803ee103fab8af2","0.884","","","","","1.1","https://www.theguardian.com/fashion/womens-jewellery","2024-11-30 15:21:07"
"https://www.instagram.com/prettywomen_accessories/?hl=en","https://www.instagram.com/prettywomen_accessories/?hl=en","text/html; charset=""utf-8""","200","OK","Non-Indexable","Canonicalised","Pretty Women Fashion Jewellery (@prettywomen_accessories) • Instagram photos and videos","87","832","","0","0","5,235 Followers, 1,032 Following, 568 Posts - Pretty Women Fashion Jewellery (@prettywomen_accessories) on Instagram: ""𝙁𝙖𝙨𝙝𝙞𝙤𝙣 𝘼𝙘𝙘𝙚𝙨𝙨𝙤𝙧𝙞𝙚𝙨 𝘽𝙧𝙖𝙣𝙙 𝙬𝙞𝙩𝙝 𝙨𝙩𝙤𝙧𝙚𝙨 𝙖𝙘𝙧𝙤𝙨𝙨 𝙄𝙣𝙙𝙞𝙖
@rgiahyd @hyddutyfree @shoppers_stop @avantrabytrends @rnb_india @lifestylestores""","296","1614","","0","0","","0","","0","","0","","0","","0","noarchive, noimageindex","","","https://www.instagram.com/prettywomen_accessories/","","","","","","","559484","118086","0","","","","","0.000","0","1","","0","0","0","0.000","0","0","0","0","0","0","","","","","6e0a5b645624a2ad7dd431b195468a54","0.419","","","","","1.1","https://www.instagram.com/prettywomen_accessories/?hl=en","2024-11-30 15:21:03"
"https://uk.pandora.net/en/jewellery-1/","https://uk.pandora.net/en/jewellery-1/","text/html; charset=UTF-8","403","Forbidden","Non-Indexable","Client Error","","0","0","","0","0","","0","0","","0","0","","0","","0","","0","","0","","0","","","","","","","","","","","0","0","0","","","","","0.000","0","2","","0","0","0","0.000","0","0","0","0","0","0","","","","","","0.277","","","","","1.1","https://uk.pandora.net/en/jewellery-1/","2024-11-30 15:21:22"
"https://www.bongenie.ch/en_CH/c/women/jewellery","https://www.bongenie.ch/en_CH/c/women/jewellery","text/html; charset=UTF-8","200","OK","Indexable","","Bongénie","8","84","","0","0","Bongénie","8","59","","0","0","","0","Women's jewellery","17","","0","","0","","0","","","","","","","","","","","296665","50082","306","107","2.860","90.579","Very Easy","1.698","0","3","","4","1","0","1.230","187","145","0","8","5","0","","","","","e2da6dd1321e27ccc97366b56ccdb732","2.994","","","","","1.1","https://www.bongenie.ch/en_CH/c/women/jewellery","2024-11-30 15:20:53"
"https://world.benetton.com/jewellery-women/","https://world.benetton.com/jewellery-women/","text/html;charset=UTF-8","200","OK","Indexable","","Women's Jewellery New Collection 2024 | Benetton","48","455","","0","0","Necklaces, rings, bracelets, earrings: check out all the jewellery and bijoux from the United Colors of Benetton collection. - Check out the new collection at benetton.com.","172","1044","","0","0","","0","Jewellery for women","19","","0","Filter & Order","14","Ring with roses","15","","","","https://world.benetton.com/jewellery-women/","","","","","","","390824","33285","356","126","2.825","93.702","Very Easy","2.109","0","1","","64","1","0","1.230","430","264","0","13","13","0","","","","","5d5f6c2f53513fcd77ea218cdf8fcd69","2.907","","","","","1.1","https://world.benetton.com/jewellery-women/","2024-11-30 15:21:26"
"https://in.louisvuitton.com/eng-in/women/fashion-jewellery/all-fashion-jewellery/_/N-tqnlr03","https://in.louisvuitton.com/eng-in/women/fashion-jewellery/all-fashion-jewellery/_/N-tqnlr03","text/html; charset=utf-8","200","OK","Indexable","","Fashion Jewellery For Women | LOUIS VUITTON","43","423","","0","0","Explore Louis Vuitton's fashion jewellery collection, where creativity meets timeless elegance. Each unique piece adds a signature shimmer to any ensemble.","155","969","","0","0","","0","All Fashion Jewellery","21","","0","Category","8","Iconic","6","index, follow","","","https://in.louisvuitton.com/eng-in/women/fashion-jewellery/all-fashion-jewellery/_/N-tqnlr03","","https://in.louisvuitton.com/eng-in/women/fashion-jewellery/all-fashion-jewellery/_/N-tqnlr03?page=2","","","","","1061967","175591","338","78","4.333","76.037","Fairly Easy","0.711","0","5","","4","1","0","1.230","335","282","0","2","2","0","","","","","24e301cb8268a1cde806333f1f4e880d","11.163","","","","","1.1","https://in.louisvuitton.com/eng-in/women/fashion-jewellery/all-fashion-jewellery/_/N-tqnlr03","2024-11-30 15:21:12"
"https://www.tkmaxx.com/uk/en/women/accessories/jewellery/c/01040600","https://www.tkmaxx.com/uk/en/women/accessories/jewellery/c/01040600","text/html;charset=UTF-8","200","OK","Indexable","","Women's Jewellery - Designer Gold & Silver Jewellery - TK Maxx UK","65","591","","0","0","High-end women's jewellery for up to 60% less than the RRP? You're not dreaming. Save big on women's gold necklaces, women's silver necklaces, womens silver earrings and more!","175","1120","","0","0","","0","Women's Jewellery","17","","0","Follow us","9","Help & Information","18","index,follow","","","https://www.tkmaxx.com/uk/en/women/accessories/jewellery/c/01040600","","","","","","","1287327","94194","1309","518","2.527","100.000","Very Easy","1.773","0","6","","4","1","0","1.230","647","510","0","17","17","0","","","","","56518bd1a1b95c7ca493ae62cbe3509","1.853","","","","","1.1","https://www.tkmaxx.com/uk/en/women/accessories/jewellery/c/01040600","2024-11-30 15:20:56"
"https://www.monicavinader.com/","https://www.monicavinader.com/","","302","Found","Non-Indexable","Redirected","","0","0","","0","0","","0","0","","0","0","","0","","0","","0","","0","","0","","","","","","","","","","","0","0","0","","","","","0.000","0","0","","0","0","0","0.000","0","0","0","0","0","0","","","","","","0.919","","https://queue.monicavinader.com/?c=monicavinader&e=monicavinadertest001&ver=javascript-4.2.2&cver=22&man=Queue%20on%20entry%20to%20protected&enqueuetoken=eyJ0eXAiOiJRVDEiLCJlbmMiOiJBRVMyNTYiLCJpc3MiOjE3MzI5NjIwNjMwNTMsImV4cCI6MTczMjk2MjMwMzA1MywidGkiOiI0NjA3Y2JlYS04ZGI2LTQxYTEtODZkYS00YTQ5NDFhNjgxYzEiLCJjIjoibW9uaWNhdmluYWRlciIsImUiOiJtb25pY2F2aW5hZGVydGVzdDAwMSIsImlwIjoiNzIuMjU1LjQwLjE5NyJ9.61ZokWFipZE1UEN1D1ir6g.aVCs0V3qpJcQjkHP24q3D6Z1ddY67XgKnGYIBWjdcsA&t=https%3A%2F%2Fwww.monicavinader.com%2F&kupver=cloudflare-4.2.2","HTTP Redirect","","1.1","https://www.monicavinader.com/","2024-11-30 15:21:03"
"https://www.cos.com/en-eu/women/jewellery","https://www.cos.com/en-eu/women/jewellery","text/html","403","Forbidden","Non-Indexable","Client Error","","0","0","","0","0","","0","0","","0","0","","0","","0","","0","","0","","0","","","","","","","","","","","398","398","0","","","","","0.000","0","2","","0","0","0","0.000","0","0","0","0","0","0","","","","","","1.001","","","","","1.1","https://www.cos.com/en-eu/women/jewellery","2024-11-30 15:20:52"
"https://www.hermes.com/us/en/category/women/fashion-jewelry/","https://www.hermes.com/us/en/category/women/fashion-jewelry/","text/html","403","Forbidden","Non-Indexable","Client Error","","0","0","","0","0","","0","0","","0","0","","0","","0","","0","","0","","0","","","","","","","","","","","0","0","0","","","","","0.000","0","5","","0","0","0","0.000","0","0","0","0","0","0","","","","","","1.042","","","","","1.1","https://www.hermes.com/us/en/category/women/fashion-jewelry/","2024-11-30 15:20:46"
"https://salty.co.in/","https://salty.co.in/","text/html; charset=utf-8","200","OK","Indexable","","Fashion Jewellery For Women | SALTY
– Salty Accessories","55","520","","0","0","Buy Fashion Jewellery Online for women. Check out the trendy collection of earrings, necklaces, bracelets, and rings. Cash on Delivery and Easy Returns.","152","944","","0","0","","0","Salty Accessories","17","","0","Personalised Jewellery Collection","33","New Arrivals","12","","","","https://salty.co.in/","","","","","","","2545655","152286","1631","522","3.125","78.190","Fairly Easy","0.489","0","0","","9","1","0","1.230","211","132","0","24","17","0","","","","","33b31e3723db25865ecd14257d6945ad","0.770","","","","","1.1","https://salty.co.in/","2024-11-30 15:20:49"
"https://www.womensjewelryassociation.com/","https://www.womensjewelryassociation.com/","text/html","200","OK","Indexable","","WJA","3","43","","0","0","","0","0","","0","0","","0","","0","","0","Upcoming events","15","This is how WJA has transformed our lives, what is YOUR Why?","60","","","","","","","","","","","39257","10382","368","85","4.329","75.311","Fairly Easy","7.833","0","0","","1","1","0","1.230","73","67","0","7","7","0","","","","","af2ebbc4586ca0e408d7ea94cc88af01","1.311","","","","","1.1","https://www.womensjewelryassociation.com/","2024-11-30 15:21:13"
"https://www.viviennewestwood.com/women/jewellery/","https://www.viviennewestwood.com/women/jewellery/","text/html;charset=UTF-8","200","OK","Indexable","","Womens Designer and luxury Jewellery | Vivienne Westwood®","57","552","","0","0","Discover Vivienne Westwood women's luxury jewellery. Find iconic pearl earrings, charm bracelets, pendant necklaces, orb rings made from recycled silver and more.","162","1019","","0","0","","0","Women's Jewellery","17","","0","Consent tracking","16","Filter by","9","index,follow","","","https://www.viviennewestwood.com/women/jewellery/","","","","","","","934702","79559","1214","297","4.088","96.065","Very Easy","1.633","0","2","","9","1","0","1.230","445","276","0","7","7","0","","","","","acb049a7fa6a5ea5fda3b5ba85b63e1","1.832","","","","","1.1","https://www.viviennewestwood.com/women/jewellery/","2024-11-30 15:21:06"
"https://www.wolf1834.com/au/jewellery-boxes/womens-jewellery-boxes","https://www.wolf1834.com/au/jewellery-boxes/womens-jewellery-boxes","text/html; charset=UTF-8","200","OK","Indexable","","Women's Jewellery Boxes: Handmade Jewellery Cases For Women | WOLF","66","660","","0","0","Explore WOLF’s beautiful jewellery boxes for women. Made by hand, each jewellery case collection includes large & small sizes for home & travel in stylish colours.","163","1003","","0","0","","0","Luxury Jewellery Boxes and Storage","34","","0","","0","","0","INDEX,FOLLOW","","","https://www.wolf1834.com/au/jewellery-boxes/womens-jewellery-boxes","","","","","","","295873","27324","570","242","2.355","92.090","Very Easy","1.983","0","2","","29","1","0","1.230","208","134","0","7","7","0","","","","","8f38e7bc808428114958e801cda0f2d7","2.289","","","","","1.1","https://www.wolf1834.com/au/jewellery-boxes/womens-jewellery-boxes","2024-11-30 15:21:06"
"https://hk.louisvuitton.com/eng-hk/women/fashion-jewellery/all-fashion-jewellery/_/N-tqnlr03","https://hk.louisvuitton.com/eng-hk/women/fashion-jewellery/all-fashion-jewellery/_/N-tqnlr03","text/html; charset=utf-8","200","OK","Indexable","","Jewellery For Women - Fashion Jewellery | Louis Vuitton","55","497","","0","0","Explore the sophisticated Louis Vuitton women's fashion jewellery collection, featuring a range of stylish and versatile pieces.","128","775","","0","0","jewellery,fashion jewellery, jewellery for women","48","All Fashion Jewellery For Women","31","","0","Price Range","11","Categories","10","index, follow","","","https://hk.louisvuitton.com/eng-hk/women/fashion-jewellery/all-fashion-jewellery/_/N-tqnlr03","","https://hk.louisvuitton.com/eng-hk/women/fashion-jewellery/all-fashion-jewellery/_/N-tqnlr03?page=2","","","","","1137324","171399","380","97","3.918","80.857","Easy","0.696","0","5","","5","1","0","1.230","341","286","0","2","2","0","","","","","f0566fa9e10c1a5e3de3c1a660014842","12.661","","","","","1.1","https://hk.louisvuitton.com/eng-hk/women/fashion-jewellery/all-fashion-jewellery/_/N-tqnlr03","2024-11-30 15:20:54"
"https://www.notonthehighstreet.com/jewellery/womens-jewellery","https://www.notonthehighstreet.com/jewellery/womens-jewellery","text/html; charset=utf-8","200","OK","Indexable","","Women's jewellery  | Jewellery  | NOTHS","39","342","","0","0","Looking for ladies jewellery? With our exclusive range of women’s jewellery you need look no further. Discover now.","115","713","","0","0","","0","Women's jewellery","17","","0","Unique and Personalised Jewellery for Women","43","Categories","10","","","","https://www.notonthehighstreet.com/jewellery/womens-jewellery","","https://www.notonthehighstreet.com/jewellery/womens-jewellery?page=2","","","","","888826","99092","1713","690","2.483","73.341","Fairly Easy","2.481","0","1","","4","1","0","1.230","724","625","0","10","8","0","","","","","e6ea5f88e1ff4596ffbadbdff6c7d1f2","2.268","","","","","1.1","https://www.notonthehighstreet.com/jewellery/womens-jewellery","2024-11-30 15:21:13"
"https://www.barts.eu/women-jewellery","https://www.barts.eu/women-jewellery","text/html","200","OK","Indexable","","Women Jewellery - BARTS Official Website - Shop now","51","481","","0","0","Shop your favorite Women Jewellery now at the BARTS Official Website. ✔️ Fast delivery ✔️ Free shipping ✔️ 30 days return guarantee","131","820","","0","0","","0","Women Jewellery","15","Women's jewelry","15","","0","","0","index, follow","","","https://www.barts.eu/women-jewellery","","","","","","","638948","110853","449","196","2.291","100.000","Very Easy","0.562","0","0","","2","1","0","1.230","222","110","0","3","3","0","","","","","d7b59f600f37f0c522ef565ce812aeef","1.144","","","","","1.1","https://www.barts.eu/women-jewellery","2024-11-30 15:20:55"
"https://pk.ethnc.com/collections/women-jewellery-accessories-2023","https://pk.ethnc.com/collections/women-jewellery-accessories-2023","text/html; charset=utf-8","200","OK","Indexable","","WOMEN JEWELLERY & ACCESSORIES
 – ETHNC","38","427","","0","0","Accessories are a unique expression of your personal style that define sophistication and grace. Stack and style irresistible women accessories for an on-trend look. Our new collection has it all.","196","1194","","0","0","","0","WOMEN JEWELLERY & ACCESSORIES","29","","0","You are currently on Pakistan store","35","You are currently on Pakistan store","35","","","","https://pk.ethnc.com/collections/women-jewellery-accessories-2023","","https://pk.ethnc.com/collections/women-jewellery-accessories-2023?page=2","","","","","768001","81951","665","191","3.482","100.000","Very Easy","0.904","0","1","","8","1","0","1.230","294","118","0","18","12","0","","","","","20bb3adea7704ea42a5cce245ab5c67d","0.561","","","","","1.1","https://pk.ethnc.com/collections/women-jewellery-accessories-2023","2024-11-30 15:20:46"
"https://ego.co.uk/accessories/jewellery.html","https://ego.co.uk/accessories/jewellery.html","text/html; charset=UTF-8","200","OK","Indexable","","Women's Jewellery | Statement Jewellery | EGO","45","419","","0","0","Take your look from basic to boujee with statement jewellery! From delicate necklaces to bold earrings, EGO's women’s jewellery elevates your vibe. Shop now!","157","980","","0","0","","0","Jewellery","9","","0","JOIN THE EGO SQUAD","18","","0","INDEX,FOLLOW","","","https://ego.co.uk/accessories/jewellery.html","","","","","","","845514","72366","1179","386","3.054","100.000","Very Easy","2.161","0","1","","85","1","0","1.230","712","379","0","9","9","0","","","","","795f39291f7baca40843e54d448791e7","1.171","","","","","1.1","https://ego.co.uk/accessories/jewellery.html","2024-11-30 15:21:11"
"https://shop.mango.com/us/en/c/women/jewellery_d5323adc","https://shop.mango.com/us/en/c/women/jewellery_d5323adc","text/html; charset=utf-8","200","OK","Indexable","","Women’s jewellery 2024 | MANGO USA","34","343","","0","0","Complete your look with our women's jewelry. Find the latest trends in fashion jewelry: bracelets, rings and jewelry such as earrings and necklaces in gold or silver, enter now!","177","1073","","0","0","","0","WOMEN’S JEWELLERY","17","","0","BLACK FRIDAYUP TO 50% OFF","25","Receive exclusive promotions, private sales and news","52","index, follow","","","https://shop.mango.com/us/en/c/women/jewellery_d5323adc","","","","","","","593685","66702","286","78","3.667","97.807","Very Easy","0.378","0","4","","1","1","0","1.230","34","34","0","13","13","0","","","","","706818420697196a26573f0daf1c26b2","2.631","","","","","1.1","https://shop.mango.com/us/en/c/women/jewellery_d5323adc","2024-11-30 15:21:24"
"https://www.tanishq.co.in/shop/womens-jewellery?lang=en_IN","https://www.tanishq.co.in/shop/womens-jewellery?lang=en_IN","text/html; charset=UTF-8","403","Forbidden","Non-Indexable","Client Error","","0","0","","0","0","","0","0","","0","0","","0","","0","","0","","0","","0","","","","","","","","","","","0","0","0","","","","","0.000","0","1","","0","0","0","0.000","0","0","0","0","0","0","","","","","","0.769","","","","","1.1","https://www.tanishq.co.in/shop/womens-jewellery?lang=en_IN","2024-11-30 15:21:03"
